<?xml version="1.0" encoding="UTF-8"?>
<!DOCTYPE mapper PUBLIC "-//mybatis.org//DTD Mapper 3.0//EN" "http://mybatis.org/dtd/mybatis-3-mapper.dtd">
<mapper namespace="com.xyb.order.app.client.homepage.dao.HomeDao">

    <select id="queryValidBanners" resultType="com.xyb.order.app.client.homepage.model.BannerDO">
        select
          id              as id,
          linkUrl         as linkUrl,
          homeImgPath     as homeImgPath,
          activityImgPath as activityImgPath,
          content         as content,
          ordinal         as ordinal
        from t_app_banner
        where isvalid = 2486 and isVisiable = 2486 and (now() between ifnull(begin_time, now()) and ifnull(end_time, now()))
        order by ordinal asc
    </select>
    <select id="queryProductExhibition" resultType="com.xyb.order.app.client.homepage.model.ProductExhibitionDO">
        select
        product.id                                                  as productId,
        product.product_name                                        as productName,
        product.end_min_amount                                      as minAmount,
        product.end_max_amount                                      as maxAmount,
        product.min_age                                             as minAge,
        product.max_age                                             as maxAge,
        product.is_host                                             as isHot,
        product.apply_condition                                     as applyCondition,
        product.apply_material                                      as applyData,
        (select min(ext.product_proportion)
        from t_xyb_product_ext ext
        where ext.product_id = product.id and ext.is_valid = 2484) as minProportion,
        (select max(ext.product_proportion)
        from t_xyb_product_ext ext
        where ext.product_id = product.id and ext.is_valid = 2484) as maxProportion
        from t_xyb_product product
        where 1 = 1
        and product.is_valid = 2484 and product.data_type = 2
        <if test="productId != null">
            and product.id = #{productId}
        </if>
        order by product.is_host,product.create_time asc;
    </select>
    <select id="getAllProductLimitByProductId" resultType="java.lang.String">
        select concat(GROUP_CONCAT(e.product_limit separator '期、'), '期')
        from (select ext.*
              from t_xyb_product_ext ext
              where ext.is_valid = 2484 and ext.data_type = 2 and ext.product_id = #{productId}
              group by ext.product_limit) e;
    </select>

    <select id="queryApplyLoanOrg" resultType="com.xyb.order.app.client.cuser.model.ApplyLoanOrgDO">
    		SELECT
			org.org_id AS orgId,
			org.org_name AS serviceNetwork,
			concat(
				'电话：',
				org.cell_phone,
				'\n地址：',
				org.office_address
			) AS serviceDes
		FROM
			t_org org
		LEFT JOIN t_org_config config ON config.org_id = org.org_id 	AND config.config_item = 2483
		WHERE
	 		org.del_flag = 2484
			AND org.org_type = 2474
			AND config.switch_state = 2478
			AND (
			 org.city_code=(SELECT cityid from t_cn_city c where c.city=#{city}) 
    		 OR
   			 org.province_code=(SELECT provinceid from t_cn_province p where p.province=#{city})
  			)
			AND org.org_id in (
				SELECT org_id from t_org_city c1
	 			where (
				c1.city_code=(SELECT cityid from t_cn_city c where c.city=#{city})
      			or
				c1.province_code=(SELECT provinceid from t_cn_province p where p.province=#{city})
			)
    		GROUP BY org_id
		);
    </select>
    <select id="getNotRepaidApply" resultType="java.lang.Integer">
        select count(1)
        from t_apply_main_info main left join t_apply_client_info client on client.id = main.client_id
        where (state = 144 and (contract_settle_state = 2487 or contract_settle_state is null)) and client.client_user_id = #{loginId}
    </select>
    <select id="getRefuseApply" resultType="java.lang.Integer">
        select ifnull(audit.refuse_notorer_days - timestampdiff(day,ifnull(main.create_time,now()),now()) + 1,audit.refuse_notorer_days) as c
        from t_apply_main_info main left join t_audit_code_info audit on main.refuse_code = audit.codes left join t_apply_client_info client on main.client_id = client.id
        where timestampdiff(day,ifnull(main.create_time,now()),now()) &lt;= audit.refuse_notorer_days and client.client_user_id = #{loginId}
        order by main.create_time desc
        limit 1
    </select>
    <select id="getApplicationApply" resultType="java.lang.Integer">
        select count(1) from t_apply_main_info main left join t_apply_client_info client on client.id = main.client_id
        where main.state in ('101','102','103','104','105','106','107','111','121','131','141','142','143','201','202','203','204','210','220','230','240','250','260','270','280') and client.client_user_id = #{loginId}
    </select>
    <select id="queryApplyLoanOrgByRecommenCode" resultType="com.xyb.order.app.client.cuser.model.ApplyLoanOrgDO">
        select
            storeOrg.org_id   as orgId,
            storeOrg.org_name as serviceNetwork,
            concat('电话：', storeOrg.cell_phone, '\n地址：', storeOrg.office_address) as serviceDes
        from t_user user left join t_org teamOrg on user.org_id = teamOrg.org_id
            left join t_org storeOrg on teamOrg.pid = storeOrg.id
            left join t_org_config storeOrgConfig on storeOrgConfig.org_id = storeOrg.org_id and storeOrgConfig.config_item = 2483
        where user.recommend_code = #{getRecommendCode} and storeOrg.del_flag = 2484 and storeOrg.org_type = 2474 and storeOrgConfig.switch_state = 2478
    </select>
    <select id="getRecommendCode" resultType="java.lang.String">
        select recommend_code
        from t_client_user
        where id = #{userId}
    </select>
    <select id="getProductCountByOrg" resultType="java.lang.Integer">
        select count(1)
        from t_org_product orgProduct
        where orgProduct.product_id = #{productId}
        <if test="orgId != null">
            and orgProduct.org_id = #{orgId}
        </if>
    </select>
    
    <select id="getOrgIdsByOrgIdsAndProDuctId" resultType="java.lang.Long" parameterType="java.util.Map" >
    	select orgProduct.org_id
        from t_org_product orgProduct
        where orgProduct.product_id = #{productId}
        <if test="list != null">
  			and orgProduct.org_id in 
  			<foreach collection="list" item="item"  index="index" open="(" separator="," close=")">
  				#{list[${index}]}
  			</foreach>
  		</if>
  		GROUP BY orgProduct.org_id
    </select>
</mapper>