<?xml version="1.0" encoding="UTF-8"?>
<!DOCTYPE mapper PUBLIC "-//mybatis.org//DTD Mapper 3.0//EN" "http://mybatis.org/dtd/mybatis-3-mapper.dtd">
<mapper namespace="com.xyb.order.app.client.cuser.dao.ClinetUserDao">

    <insert id="insertClinetUser" parameterType="com.xyb.order.app.client.cuser.model.ClientUserDO" useGeneratedKeys="true" keyProperty="id">
        insert into t_client_user
        <trim prefix="(" suffix=")" suffixOverrides="," >
            create_time,modify_time,
            <if test="loginName != null and loginName != ''">
                login_name,
            </if>
            <if test="name != null and name != ''">
                name,
            </if>
            <if test="password != null and password != ''">
                password,
            </if>
            <if test="territoriality != null and territoriality != ''">
                territoriality,
            </if>
            <if test="recommendCode != null and recommendCode != ''">
                recommend_code,
            </if>
            <if test="state != null and state != ''">
                state,
            </if>
            <if test="createUser != null and createUser != ''">
                create_user,
            </if>
            <if test="modifyUser != null and modifyUser != ''">
                modify_user,
            </if>
            <if test="deviceToken != null and deviceToken != ''">
                device_token,
            </if>
            <if test="sorcRecommend != null and sorcRecommend != ''">
                sorc_recommend,
            </if>
        </trim>
        <trim prefix="values (" suffix=")" suffixOverrides="," >
            now(),now(),
            <if test="loginName != null and loginName != ''">
                #{loginName},
            </if>
            <if test="name != null and name != ''">
                #{name},
            </if>
            <if test="password != null and password != ''">
                #{password},
            </if>
            <if test="territoriality != null and territoriality != ''">
                #{territoriality},
            </if>
            <if test="recommendCode != null and recommendCode != ''">
                #{recommendCode},
            </if>
            <if test="state != null and state != ''">
                #{state},
            </if>
            <if test="createUser != null and createUser != ''">
                #{createUser},
            </if>
            <if test="modifyUser != null and modifyUser != ''">
                #{modifyUser},
            </if>
            <if test="deviceToken != null and deviceToken != ''">
                #{deviceToken},
            </if>
            <if test="sorcRecommend != null and sorcRecommend != ''">
                #{sorcRecommend},
            </if>
        </trim>
    </insert>
    <insert id="insertApplyClientInfo" useGeneratedKeys="true" keyProperty="id">
        insert into t_apply_client_info
        <trim prefix="(" suffix=")" suffixOverrides="," >
            create_time,modify_time,
            <if test="name != null">
                name,
            </if>
            <if test="gender != null">
                gender,
            </if>
            <if test="birthday != null">
                birthday,
            </if>
            <if test="idcard != null">
                idcard,
            </if>
            <if test="phone != null">
                phone,
            </if>
            <if test="address != null">
                address,
            </if>
            <if test="nation != null">
                nation,
            </if>
            <if test="isvalid != null">
                isvalid,
            </if>
            <if test="idcardStartTime != null">
                idcard_start_time,
            </if>
            <if test="idcardEndTime != null">
                idcard_end_time,
            </if>
            <if test="idcardPoliceStation != null">
                idcard_police_station,
            </if>
            <if test="frontFileKey != null">
                front_file_key,
            </if>
            <if test="backFileKey != null">
                back_file_key,
            </if>
            <if test="idcardFrontSide != null">
                idcard_front_side,
            </if>
            <if test="idcardBackSide != null">
                idcard_back_side,
            </if>
            <if test="certificationState != null">
                certification_state,
            </if>
            <if test="createUser != null">
                create_user,
            </if>
            <if test="modifyUser != null">
                modify_user,
            </if>
            <if test="clientUserId != null">
                client_user_id,
            </if>
            <if test="agreementIsCompleted != null">
                agreement_is_completed,
            </if>
            <if test="customerId != null">
                customer_id,
            </if>
            <if test="allowableEntryTime != null">
                allowable_entry_time,
            </if>
            <if test="referee != null">
                referee,
            </if>
            <if test="leader != null">
                leader,
            </if>
        </trim>
        <trim prefix="values (" suffix=")" suffixOverrides="," >
            now(),now(),
            <if test="name != null">
                #{name},
            </if>
            <if test="gender != null">
                #{gender},
            </if>
            <if test="birthday != null">
                #{birthday},
            </if>
            <if test="idcard != null">
                #{idcard},
            </if>
            <if test="phone != null">
                #{phone},
            </if>
            <if test="address != null">
                #{address},
            </if>
            <if test="nation != null">
                #{nation},
            </if>
            <if test="isvalid != null">
                #{isvalid},
            </if>
            <if test="idcardStartTime != null">
                #{idcardStartTime},
            </if>
            <if test="idcardEndTime != null">
                #{idcardEndTime},
            </if>
            <if test="idcardPoliceStation != null">
                #{idcardPoliceStation},
            </if>
            <if test="frontFileKey != null">
                #{frontFileKey},
            </if>
            <if test="backFileKey != null">
                #{backFileKey},
            </if>
            <if test="idcardFrontSide != null">
                #{idcardFrontSide},
            </if>
            <if test="idcardBackSide != null">
                #{idcardBackSide},
            </if>
            <if test="certificationState != null">
                #{certificationState},
            </if>
            <if test="createUser != null">
                #{createUser},
            </if>
            <if test="modifyUser != null">
                #{modifyUser},
            </if>
            <if test="clientUserId != null">
                #{clientUserId},
            </if>
            <if test="agreementIsCompleted != null">
                #{agreementIsCompleted},
            </if>
            <if test="customerId != null">
                #{customerId},
            </if>
            <if test="allowableEntryTime != null">
                #{allowableEntryTime},
            </if>
             <if test="referee != null">
                #{referee},
            </if>
             <if test="leader != null">
                #{leader},
            </if>
        </trim>
    </insert>

    <update id="updataClinetUser" parameterType="com.xyb.order.app.client.cuser.model.ClientUserDO">
        update t_client_user
        <trim prefix="set" suffixOverrides=",">
            modify_time = now(),
            <if test="newLoginName != null">
                login_name = #{newLoginName},
            </if>
            <if test="name != null">
                name = #{name},
            </if>
            <if test="password != null">
                password = #{password},
            </if>
            <if test="territoriality != null">
                territoriality = #{territoriality},
            </if>
            <if test="recommendCode != null">
                recommend_code = #{recommendCode},
            </if>
            <if test="state != null">
                state = #{state},
            </if>
            <if test="modifyUser != null">
                modify_user = #{modifyUser},
            </if>
            <if test="deviceToken != null">
                device_token,
            </if>
        </trim>
        where login_name = #{loginName}
    </update>
    <update id="updateApplyClientInfo" parameterType="com.xyb.order.app.client.cuser.model.ApplyClientInfoDO">
        update t_apply_client_info
        <trim prefix="set" suffixOverrides=",">
            <if test="name != null">
                name = #{name},
            </if>
            <if test="gender != null">
                gender = #{gender},
            </if>
            <if test="birthday != null">
                birthday = #{birthday},
            </if>
            <if test="idcard != null">
                idcard = #{idcard},
            </if>
            <if test="phone != null">
                phone = #{phone},
            </if>
            <if test="address != null">
                address = #{address},
            </if>
            <if test="nation != null">
                nation = #{nation},
            </if>
            <if test="isvalid != null">
                isvalid = #{isvalid},
            </if>
            <if test="idcardStartTime != null">
                idcard_start_time = #{idcardStartTime},
            </if>
            <if test="idcardEndTime != null">
                idcard_end_time = #{idcardEndTime},
            </if>
            <if test="idcardPoliceStation != null">
                idcard_police_station = #{idcardPoliceStation},
            </if>
            <if test="frontFileKey != null">
                front_file_key = #{frontFileKey},
            </if>
            <if test="backFileKey != null">
                back_file_key = #{backFileKey},
            </if>
            <if test="idcardFrontSide != null">
                idcard_front_side = #{idcardFrontSide},
            </if>
            <if test="idcardBackSide != null">
                idcard_back_side = #{idcardBackSide},
            </if>
            <if test="certificationState != null">
                certification_state = #{certificationState},
            </if>
            <if test="modifyUser != null">
                modify_user = #{modifyUser},
            </if>
            <if test="clientUserId != null">
                client_user_id = #{clientUserId},
            </if>
            <if test="agreementIsCompleted != null">
                agreement_is_completed = #{agreementIsCompleted},
            </if>
            <if test="customerId != null">
                customer_id = #{customerId},
            </if>
            <if test="allowableEntryTime != null">
                allowable_entry_time = #{allowableEntryTime},
            </if>
            <if test="leader != null">
                leader = #{leader},
            </if>
            <if test="referee != null">
                referee = #{referee},
            </if>
            modify_time = now()
        </trim>
        where 1 = 1
        <if test="id != null">
            and id = #{id}
        </if>
        <if test="id == null and clientUserId != null">
            and client_user_id = #{clientUserId}
        </if>
    </update>

    <!--修改用户可进件时长-->
    <update id="updateApplyClientInFoAllowableEntryTime">
        update t_apply_client_info
        set allowable_entry_time = #{allowableEntryTime},modify_time = now()
        where id = #{id}
        <if test="allowableEntryTime != null">
            and allowable_entry_time is null
        </if>
        <if test="allowableEntryTime == null">
            and allowable_entry_time is not null
        </if>
    </update>

    <select id="queryClientUserCount" resultType="java.lang.Integer" parameterType="java.lang.String">
        select count(1) from t_client_user where login_name = #{phone}
    </select>

    <select id="getApplyClientInfo" resultType="com.xyb.order.app.client.cuser.model.ApplyClientInfoDO">
        select
          id                     as id,
          name                   as name,
          gender                 as gender,
          birthday               as birthday,
          idcard                 as idcard,
          phone                  as phone,
          address                as address,
          nation                 as nation,
          isvalid                as isvalid,
          idcard_start_time      as idcardStartTime,
          idcard_end_time        as idcardEndTime,
          idcard_police_station  as idcardPoliceStation,
          front_file_key         as frontFileKey,
          back_file_key          as backFileKey,
          idcard_front_side      as idcardFrontSide,
          idcard_back_side       as idcardBackSide,
          certification_state    as certificationState,
          create_time            as createTime,
          create_user            as createUser,
          modify_user            as modifyUser,
          modify_time            as modifyTime,
          client_user_id         as clientUserId,
          agreement_is_completed as agreementIsCompleted,
          customer_id            as customerId,
          allowable_entry_time   as allowableEntryTime
        from t_apply_client_info
        where 1 = 1
        <if test="clientUserId != null and idcard == null">
            and client_user_id = #{clientUserId}
        </if>
        <if test="idcard != null and clientUserId != null">
            and idcard = #{idcard} and client_user_id &lt;&gt; #{clientUserId}
        </if>
        <if test="id != null">
            and id = #{id}
        </if>
    </select>

    <select id="getBankTypeByCode" resultType="java.util.Map">
        select
          bank_type as bankType,
          bank_des  as bankDes
        from t_xyb_bank_code
        where third_code = #{bankcode}
    </select>

    <select id="getClientUserByLoginName" resultType="com.xyb.order.app.client.cuser.model.ClientUserDO">
        select
          id             as id,
          login_name     as loginName,
          name           as name,
          password       as password,
          territoriality as territoriality,
          recommend_code as recommendCode,
          state          as state,
          create_time    as createTime,
          modify_time    as modifyTime,
          create_user    as createUser,
          modify_user    as modifyUser,
          device_token   as deviceToken,
          sorc_recommend as sorcRecommend
        from t_client_user
        where state = 2486 and login_name = #{loginName}
    </select>
    <select id="getClientUserById" resultType="com.xyb.order.app.client.cuser.model.ClientUserDO">
        select
          id             as id,
          login_name     as loginName,
          name           as name,
          password       as password,
          territoriality as territoriality,
          recommend_code as recommendCode,
          state          as state,
          create_time    as createTime,
          modify_time    as modifyTime,
          create_user    as createUser,
          modify_user    as modifyUser,
          device_token   as deviceToken,
          sorc_recommend as sorcRecommend
        from t_client_user
        where state = 2486 and id = #{id}
    </select>
    <select id="getSorcClientUserByRecommendId" resultType="com.xyb.order.app.client.cuser.model.ClientUserDO">
		SELECT
			T2.id AS id,
			T2.login_name AS loginName,
			T2.NAME AS NAME,
			T2.PASSWORD AS PASSWORD,
			T2.territoriality AS territoriality,
			T2.recommend_code AS recommendCode,
			T2.state AS state,
			T2.create_time AS createTime,
			T2.modify_time AS modifyTime,
			T2.create_user AS createUser,
			T2.modify_user AS modifyUser,
			T2.device_token AS deviceToken
		FROM
			(
				SELECT
					@r AS _id,
					(
						SELECT
							@r := recommend_code
						FROM
							t_client_user
						WHERE
							id = _id
					) AS parent_id
				FROM
					(SELECT @r := #{id}, @l := 0) vars,
					t_client_user h
				WHERE
					@r != 0
			) T1
		JOIN t_client_user T2 ON T1._id = T2.id
		WHERE
			recommend_code = ''
		OR recommend_code IS NULL
		limit 1
    </select>
    <select id="getClientUserByApplyClientUserId" resultType="com.xyb.order.app.client.cuser.model.ClientUserDO" parameterType="java.lang.Long">
        SELECT
       	  t1.id             as id,
          t1.login_name     as loginName,
          t1.name           as name,
          t1.password       as password,
          t1.territoriality as territoriality,
          t1.recommend_code as recommendCode,
          t1.state          as state,
          t1.create_time    as createTime,
          t1.modify_time    as modifyTime,
          t1.create_user    as createUser,
          t1.modify_user    as modifyUser,
          t1.device_token   as deviceToken,
          t1.sorc_recommend as sorcRecommend
        from t_client_user t1,t_apply_client_info t2 where
	        t1.id=t2.client_user_id
	        and t2.id=#{id}
    </select>
</mapper>