<?xml version="1.0" encoding="UTF-8"?>
<!DOCTYPE mapper PUBLIC "-//mybatis.org//DTD Mapper 3.0//EN" "http://mybatis.org/dtd/mybatis-3-mapper.dtd">
<mapper namespace="com.xyb.order.pc.deposit.dao.DepositDao">

    <!-- 资料变更审核操作 -->
    <update id="updateDepositChange" parameterType="com.xyb.order.pc.deposit.model.DepositChangeDO">
        UPDATE t_deposit_account_statement_change SET
          state = #{state},
          modify_user = #{operationUser},
          modify_time = NOW()
        WHERE id = #{id}
    </update>

    <!-- 资料变更审核列表 -->
    <select id="depositChangePage" parameterType="com.xyb.order.pc.deposit.model.DepositChangeDTO"
            resultType="com.xyb.order.pc.deposit.model.DepositChangeVO">
        SELECT
        t.*
        FROM
        (SELECT
        t1.id id,
        t1.state depositChangeState,
        (SELECT t.label FROM t_sys_dict t WHERE t.id = t1.state) depositChangeStateStr,
        t1.type depositChangeType,
        (SELECT t.label FROM t_sys_dict t WHERE t.id = t1.type) depositChangeTypeStr,
        (SELECT t.name FROM t_user t WHERE t.id = t1.modify_user) operationUser,
        t1.create_time applyTime,
        (SELECT t.label FROM t_sys_dict t WHERE t.id = t2.open_platform) openPlatform,
        t3.`name` clientName,
        t3.idcard idCard,
        t3.phone phone,
        CASE t4.contract_settle_state
        WHEN 2487 THEN '借款中'
        ELSE '无借款'
        END contractSettleState,
        t4.apply_id applyId
        FROM t_deposit_account_statement_change t1
        INNER JOIN t_deposit_account_statement_info t2 ON t1.deposit_id = t2.id
        INNER JOIN t_apply_client_info t3 ON t1.client_id = t3.id
        INNER JOIN t_apply_main_info t4 ON t3.id = t4.client_id AND t4.store_org_id LIKE CONCAT(#{orgId},'%')
        WHERE t1.state != 3079
        <if test="clientName != null and clientName != ''">
            AND t3.name = #{clientName}
        </if>
        <if test="idCard != null and idCard != ''">
            AND t3.idcard = #{idCard}
        </if>
        <if test="phone != null and phone != ''">
            AND t3.phone = #{phone}
        </if>
        ORDER BY t4.create_time DESC
        ) t
        GROUP BY t.id
    </select>

    <!--资料变更审核列表非存管-->
    <select id="bankChangePage" resultType="com.xyb.order.pc.deposit.model.BankChangeVO">
        select *
        from (
        select
        apply.id          as id,
        cli.name          as clientName,
        cli.idcard        as idCard,
        cli.phone         as phone,
        apply.create_time as applyTime,
        '换卡'              as applyType,
        CASE main.contract_settle_state
        WHEN 2487
        THEN '借款中'
        ELSE '无借款'
        END                  contractSettleState,
        dict.label        as bankChangestate,
        apply.state       as bankChangestateCode,
        u.name            as operationUser
        from t_change_bank_apply apply left join t_apply_client_info cli on apply.client_id = cli.id
        left join t_sys_dict dict on dict.id = apply.state
        left join t_apply_main_info main on main.client_id = apply.client_id
        left join t_user u on apply.modify_user = u.id
        where apply.state &lt;&gt; 3104
        and (main.store_org_id = #{orgId} or main.store_org_id like concat(#{orgId}, '%'))
        <if test="clientName != null and clientName != ''">
            AND cli.name = #{clientName}
        </if>
        <if test="idCard != null and idCard != ''">
            AND cli.idcard = #{idCard}
        </if>
        <if test="phone != null and phone != ''">
            AND cli.phone = #{phone}
        </if>
        order by main.create_time,main.contract_settle_state desc
        ) t
        group by t.id
    </select>

</mapper>
