<?xml version="1.0" encoding="UTF-8"?>
<!DOCTYPE mapper PUBLIC "-//mybatis.org//DTD Mapper 3.0//EN" "http://mybatis.org/dtd/mybatis-3-mapper.dtd">
<mapper namespace="com.xyb.order.app.client.personalcenter.dao.PersonalCenterDao">

	<select id="getPersonalInfoByClientUser" parameterType="java.lang.String"
		resultType="com.xyb.order.app.client.personalcenter.model.PersonalInfoDTO">
		SELECT
		CASE
		WHEN (
		client.certification_state = 2486
		AND client.idcard_end_time &gt; NOW()
		) THEN
		'Y'
		WHEN client.certification_state = 2692 THEN
		'N'
		WHEN client.idcard_end_time &lt; NOW() THEN
		'F' else 'N'
		END AS certificationState,
		personal.login_name AS loginName,
		client.`name` AS clientName,
		referee.login_name AS refereePhone,
		referee.`name` AS refereeName
		FROM
		t_client_user personal
		LEFT JOIN t_apply_client_info client ON personal.id =
		client.client_user_id
		LEFT JOIN t_client_user referee ON
		personal.recommend_code = referee.id AND referee.state=2486
		WHERE
		personal.login_name = #{loginName}
	</select>
	<select id="getClientUserByLoginName" parameterType="java.lang.String"
		resultType="com.xyb.order.app.client.cuser.model.ClientUserDO">
		SELECT
		t1.id AS id,
		t1.login_name AS loginName,
		CASE WHEN t1.`name`='' or t1.`name` is null THEN t2.`name` ELSE t1.`name` END AS NAME,
		t1.PASSWORD AS PASSWORD,
		t1.territoriality AS territoriality,
		t1.recommend_code AS recommendCode,
		t1.state AS state,
		t1.create_time AS createTime,
		t1.modify_time AS modifyTime,
		t1.create_user AS createUser,
		t1.modify_user AS modifyUser,
		t1.device_token AS deviceToken,
		t1.type,
		t1.sorc_recommend sorcRecommend,
		t1.short_url shortUrl
		FROM
		t_client_user t1 left JOIN 
   		t_apply_client_info t2 ON t1.id= t2.client_user_id
		WHERE
		login_name = #{loginName}
		AND state=2486
	</select>
	<select id="getClientUserById" parameterType="java.lang.Long"
		resultType="com.xyb.order.app.client.cuser.model.ClientUserDO">
		SELECT
		id AS id,
		login_name AS loginName,
		NAME AS NAME,
		PASSWORD AS PASSWORD,
		territoriality AS territoriality,
		recommend_code AS recommendCode,
		state AS state,
		create_time AS createTime,
		modify_time AS modifyTime,
		create_user AS createUser,
		modify_user AS modifyUser,
		device_token AS deviceToken,
		type,
		sorc_recommend sorcRecommend
		FROM
		t_client_user
		WHERE
		id = #{id}
		AND state=2486
	</select>
	<select id="getClientUserByRefereeId" parameterType="java.lang.Long"
		resultType="com.xyb.order.app.client.cuser.model.ClientUserDO">
		SELECT
		id AS id,
		login_name AS loginName,
		NAME AS NAME,
		PASSWORD AS PASSWORD,
		territoriality AS territoriality,
		recommend_code AS recommendCode,
		state AS state,
		create_time AS createTime,
		modify_time AS modifyTime,
		create_user AS createUser,
		modify_user AS modifyUser,
		device_token AS deviceToken,
		type,
		sorc_recommend sorcRecommend
		FROM
		t_client_user
		WHERE
		recommend_code = #{refereeId}
		AND state=2486
	</select>
	<update id="updateClientUserByLoginName" parameterType="com.xyb.order.app.client.cuser.model.ClientUserDO">
		UPDATE t_client_user
		    <trim prefix="set" suffixOverrides=",">
		<if test="null != recommendCode and '' != recommendCode ">recommend_code = #{recommendCode},</if>
		<if test="null != sorcRecommend and '' != sorcRecommend ">sorc_recommend = #{sorcRecommend},</if>
		<if test="null != shortUrl and '' != shortUrl ">short_url = #{shortUrl},</if>
		</trim>
		WHERE
		login_name = #{loginName}

	</update>
	<select id="getMyFriends" parameterType="java.lang.Long"
		resultType="com.xyb.order.app.client.personalcenter.model.MyFriendsDO">
		SELECT
		`name`, login_name as phone,recommend_code as recommendCode,
		ELT(INTERVAL (
		CONV(
		HEX(CONVERT(left(`name` ,1)USING gbk)),
		16,
		10
		),
		0xB0A1,
		0xB0C5,
		0xB2C1,
		0xB4EE,
		0xB6EA,
		0xB7A2,
		0xB8C1,
		0xB9FE,
		0xBBF7,
		0xBFA6,
		0xC0AC,
		0xC2E8,
		0xC4C3,
		0xC5B6,
		0xC5BE,
		0xC6DA,
		0xC8BB,
		0xC8F6,
		0xCBFA,
		0xCDDA,
		0xCEF4,
		0xD1B9,
		0xD4D1
		),
		'A',
		'B',
		'C',
		'D',
		'E',
		'F',
		'G',
		'H',
		'J',
		'K',
		'L',
		'M',
		'N',
		'O',
		'P',
		'Q',
		'R',
		'S',
		'T',
		'W',
		'X',
		'Y',
		'Z'

		) initials
		FROM
		t_client_user
		WHERE
		recommend_code = #{id}
		ORDER BY
		CONVERT (`name` USING gbk) ;

	</select>
	<select id="getProblem"
		resultType="com.xyb.order.app.client.personalcenter.model.CommonProblemDTO"
		parameterType="java.lang.Integer">
		SELECT
		id,
		title,
		url,
		remark,
		clicks,
		create_time createTime,
		create_user createUser,
		modify_time modifyTime,
		modify_user modifyUser
		FROM
		t_common_problem
		<if test="pageSize != 0">
		WHERE  is_home = 1
		</if>
		ORDER BY
		clicks DESC
		<if test="pageSize != 0">
			LIMIT #{pageSize}
		</if>
	</select>
	<select id="getProblemById"
		resultType="com.xyb.order.app.client.personalcenter.model.CommonProblemDTO"
		parameterType="java.util.Map">
		SELECT
		id,
		title,
		url,
		remark,
		clicks,
		create_time createTime,
		create_user createUser,
		modify_time modifyTime,
		modify_user modifyUser
		FROM
		t_common_problem
		WHERE id=#{id}
	</select>
	<update id="updateProblemById"
		parameterType="com.xyb.order.app.client.personalcenter.model.CommonProblemDTO">
		UPDATE t_common_problem
		SET clicks =#{clicks}
		WHERE
		id = #{id}
	</update>
	<select id="getRewardDistributionRule"
		resultType="com.xyb.order.app.client.personalcenter.model.RewardDistributionRuleDO">
		SELECT
		id,
		total_rate AS totalRate,
		recommend_rate recommendRate,
		one_recommend_rate oneRecommendRate,
		two_recommend_rate twoRecommendRate,
		quality_rate qualityRate,
		one_quality_rate oneQualityRate,
		two_quality_rate twoQualityRate,
		create_user createUser,
		create_time createTime,
		modify_user modifyUser,
		modify_time modifyTime
		FROM
		t_client_reward
	</select>
	<select id="getApplyClientInfoByClientId" parameterType="java.lang.Long"
		resultType="com.xyb.order.app.client.cuser.model.ApplyClientInfoDTO">
		SELECT
		id,
		loan_qty loanQty,
		profit_balance profitBalance
		FROM t_apply_client_info
		WHERE
		client_user_id=#{clientUserId}
	</select>
	<update id="updateApplyClientInfoById"
		parameterType="com.xyb.order.app.client.cuser.model.ApplyClientInfoDTO">
		UPDATE t_apply_client_info
		SET
		<if test="null != profitBalance">
			profit_balance = #{profitBalance},
		</if>
		<if test="null != loanQty">
			loan_qty = #{loanQty},
		</if>
		modify_user= #{modifyUser},
		modify_time=NOW()
		WHERE
		id = #{id}
	</update>
	<insert id="insertClientProfitBalanceDetail"
		parameterType="com.xyb.order.app.client.personalcenter.model.ClientProfitBalanceDetailDO">
		INSERT INTO t_client_profit_balance_detail (
		client_id,
		income_expenses,
		business_type,
		amount,
		balance,
		order_id,
		remark,
		create_time,
		create_user
		)
		VALUES
		(
		#{clientId},
		#{incomeExpenses},
		#{businessType},
		#{amount},
		#{balance},
		#{orderId},
		#{remark},
		#{createTime},
		#{createUser}
		)

	</insert>
	<select id="getProductlimit" parameterType="java.lang.Long"
		resultType="java.lang.Integer">
		SELECT
		ext.product_limit
		FROM
		t_apply_bill_info bill,
		t_apply_client_info clientInfo,
		t_xyb_product_ext ext,
		t_client_user clientUser
		WHERE
		clientInfo.id = bill.cus_Id
		AND clientUser.id=clientInfo.client_user_id
		AND
		bill.agree_product_ext_id = ext.id
		AND clientUser.id=#{clientUserId}


	</select>
	<select id="queryBalanceByLongId" parameterType="java.lang.String"
		resultType="com.xyb.order.app.client.personalcenter.model.MyBalanceDTO">
		SELECT
		profit_balance AS balance,
		(
		SELECT
		SUM(amount)
		FROM
		t_client_profit_balance_detail
		WHERE
		client_id = clientUser.id
		AND business_type = 3193
		) AS recommendBalance,
		(
		SELECT
		SUM(amount)
		FROM
		t_client_profit_balance_detail
		WHERE
		client_id = clientUser.id
		AND business_type = 3194
		) AS qualityBalance
		FROM
		t_apply_client_info clientInfo,
		t_client_user clientUser
		WHERE
		clientUser.id = clientInfo.client_user_id
		AND clientUser.login_name = #{loginId}
	</select>
	<select id="queryClientProfitBalanceDetailPage"
		parameterType="com.xyb.order.app.client.personalcenter.model.ClientProfitBalanceDetailDTO"
		resultType="com.xyb.order.app.client.personalcenter.model.ClientProfitBalanceDetailDO">
		SELECT
		t2.id,
		t2.amount,
		t2.balance,
		t2.business_type AS businessType,
		t2.client_id as clientId,
		date_format(t2.create_time, '%Y-%m-%d') as dateFormatCreateTime,
		t2.create_user as createUser,
		t2.income_expenses as incomeExpenses,
		t2.order_id as orderId,
		t2.remark
		FROM
		t_client_user t1,
		t_client_profit_balance_detail t2
		WHERE
		t1.id = t2.client_id
		AND t1.login_name =#{loginId}
		<if test="type == 1">
			AND business_type=3194
		</if>
		<if test="type == 2">
			AND business_type=3193
		</if>
		<if test="type == 3">
			AND income_expenses=2709
		</if>
		<if test="startTime != null">
			AND t2.create_time &gt;=#{startTime}
		</if>
		<if test="endTime != null">
			AND t2.create_time &lt;=#{endTime}
		</if>
		ORDER BY t2.create_time DESC

	</select>
	<select id="countMainByloginName" resultType="java.lang.Integer" parameterType="java.lang.String">
				SELECT
					COUNT(main.id)
				FROM
					t_apply_main_info main,
					t_apply_client_info clientinfo,
					t_client_user clientuser
				WHERE
					clientinfo.id = main.client_id
				AND clientinfo.client_user_id = clientuser.id
				AND main.state NOT in('100','101','102')
				AND clientuser.login_name=#{loginName}
	</select>
</mapper>