<?xml version="1.0" encoding="UTF-8"?>
<!DOCTYPE mapper PUBLIC "-//mybatis.org//DTD Mapper 3.0//EN" "http://mybatis.org/dtd/mybatis-3-mapper.dtd">
<mapper namespace="com.xyb.order.app.business.manage.service.dao.ApplyManageDao">
    <select id="getCustomerListByLoginId"  resultType="com.xyb.order.app.business.manage.model.AppCustomerInfoDO">
       select 
          a.id,
          a.`name`,
          a.phone,
          a.idcard  
          from t_user u
          inner join t_client_user c on c.recommend_code = u.recommend_code
          inner join t_apply_client_info a on a.client_user_id = c.id
       where 1=1
       and u.id = #{loginUserId}
       <if test="searchConditon!= null">
           and ((a.`name` LIKE CONCAT('%',#{searchConditon},'%')) or (a.phone LIKE CONCAT('%',#{searchConditon},'%')) or (a.idcard LIKE CONCAT('%',#{searchConditon},'%')))
       </if>
       limit #{page},10
    </select>

    <select id="getCustomerListCount" resultType="java.lang.Integer">
        select
          count(1)
        from t_user u
          inner join t_client_user c on c.recommend_code = u.recommend_code
          inner join t_apply_client_info a on a.client_user_id = c.id
        where 1=1
        and u.id = #{loginUserId}
       <if test="searchConditon!= null">
           and ((a.`name` LIKE CONCAT('%',#{searchConditon},'%')) or (a.phone LIKE CONCAT('%',#{searchConditon},'%')) or (a.idcard  LIKE CONCAT('%',#{searchConditon},'%')))
       </if>
    </select>
    
    <select id="getApplyBillInfoListByLoginId"  resultType="com.xyb.order.app.business.manage.model.AppBillInfoDO">
              select 
             m.apply_id applyId,
             m.apply_num applyNum,
             m.apply_time applyTime,
             m.contract_id,
             m.contract_settle_state,
             ( 
               case when m.state = 144 <!-- 合同生效状态 --> 
               then (case when  m.contract_settle_state = 2487 then '还款中' else '已结清' end)
               else (select bs.sketch from t_credit_business_state bs where bs.id = m.state)
               end
              ) as state,
             c.`name` cusName
         from t_apply_main_info m
          join t_apply_bill_info b on m.apply_id = b.id
          join t_apply_client_info c on c.id = m.client_id
          join t_client_user s on s.id = c.client_user_id
          join t_user t on t.recommend_code = s.recommend_code
         where 1=1
         and t.id = #{loginUserId}
          <if test="searchConditon!= null">
           and ((c.`name` LIKE CONCAT('%',#{searchConditon},'%'))  or (m.apply_num LIKE CONCAT('%',#{searchConditon},'%')) )
        </if>
          limit #{page},10
    </select>
    
     <select id="getApplyBillInfoListCount" resultType="java.lang.Integer">
          select
             count(1)
          from t_apply_main_info m
          join t_apply_bill_info b on m.apply_id = b.id
          join t_apply_client_info c on c.id = m.client_id
          join t_client_user s on s.id = c.client_user_id
          join t_user t on t.recommend_code = s.recommend_code
          where 1=1
          and t.id = #{loginUserId}
          <if test="searchConditon!= null">
             and ((c.`name` LIKE CONCAT('%',#{searchConditon},'%'))  or (m.apply_num LIKE CONCAT('%',#{searchConditon},'%')))
          </if>
     </select>
    
    <select id="getApplyBillInfoByApplyId" parameterType="Object" resultType="com.xyb.order.app.business.manage.model.AppBillInfoDetailDO">
           select 
               m.apply_num applyNum,
               m.apply_time applyTime,
               m.expect_product_name expectProductName,
               m.expect_money expectMoney,
               m.contract_money contractMoney,
               c.product_limit productLimit,
               cb.paid_period paidPeriod,
               cb.total_late_period totalLatePeriod
           from t_apply_main_info m 
           inner join t_apply_bill_info b on b.id = m.apply_id
           left join t_xyb_contract c on c.id = m.contract_id
           left join t_collection_contract_base cb on cb.contract_id = m.contract_id
           where m.apply_id = #{applyId}
    </select>
</mapper>