<?xml version="1.0" encoding="UTF-8"?>
<!DOCTYPE mapper PUBLIC "-//mybatis.org//DTD Mapper 3.0//EN" "http://mybatis.org/dtd/mybatis-3-mapper.dtd">
<mapper namespace="com.xyb.order.pc.team.dao.SaleUserDetailDao">

    <select id="listSaleUserDetailPage" resultType="com.xyb.order.pc.team.model.SaleUserDetailDO" parameterType="com.xyb.order.pc.team.model.SaleUserDetailDTO">
        SELECT
        case city.city
        when '市辖区'
        then pro.province
        else city.city end
        AS city,
        org2.org_name           AS orgCity,
        org.org_name            AS orgTeam,
        u.name                  AS teamManager,
        saleuser.name           AS name,
        saleuser.login_id       AS loginId,
        saleuser.create_time    AS createDate,
        saleuser.state          AS isValid,
        saleuser.entry_date     AS entryDate,
        saleuser.leave_date     AS leaveDate,
        saleuser.modify_time    AS delDate,
        saleuser.recommend_code AS recommendCode
        FROM t_user saleuser LEFT JOIN t_org org ON saleuser.org_id = org.org_id
        LEFT JOIN t_user_post saleup ON saleuser.id = saleup.user_id
        LEFT JOIN t_post salepost ON salepost.id = saleup.post_id
        LEFT JOIN t_org org2 ON org.pid = org2.id
        LEFT JOIN t_cn_city city ON org2.city_code = city.cityid
        left join t_cn_province pro on org2.province_code = pro.provinceid
        left join (select user.* from t_user user left join t_user_post up on user.id = up.user_id left join t_post post on post.id = up.post_id where post.post_code = 2721 and user.state = 2484) u on u.org_id = saleuser.org_id
        WHERE salepost.post_code = 2725
        AND (saleuser.org_id LIKE CONCAT(#{orgId}, '%') OR saleuser.org_id = #{orgId})
        <if test="loginId != null and loginId != ''">
            AND saleuser.login_id = #{loginId}
        </if>
        <if test="isValid != null">
            AND saleuser.state = #{isValid}
        </if>
        <if test="orgTeamId != null">
            AND saleuser.org_id = #{orgTeamId}
        </if>
        ORDER BY saleuser.create_time DESC
    </select>

    <select id="listSaleUserDetailExportValid" resultType="com.xyb.order.pc.team.model.SaleUserDetailExportValidDO">
        SELECT
        case city.city
        when '市辖区'
        then pro.province
        else city.city end
        AS city,
        org2.org_name                                 AS orgCity,
        org.org_name                                  AS orgTeam,
        u.name                                        AS teamManager,
        saleuser.name                                 AS name,
        saleuser.login_id                             AS loginId,
        DATE_FORMAT(saleuser.create_time, '%Y-%m-%d') AS createDate,
        dict.label                                    AS isValid,
        DATE_FORMAT(saleuser.entry_date, '%Y-%m-%d')  AS entryDate
        FROM t_user saleuser LEFT JOIN t_org org ON saleuser.org_id = org.org_id
        LEFT JOIN t_user_post saleup ON saleuser.id = saleup.user_id
        LEFT JOIN t_post salepost ON salepost.id = saleup.post_id
        LEFT JOIN t_org org2 ON org.pid = org2.id
        LEFT JOIN t_cn_city city ON org2.city_code = city.cityid
        left join t_cn_province pro on org2.province_code = pro.provinceid
        left join (select user.* from t_user user left join t_user_post up on user.id = up.user_id left join t_post post on post.id = up.post_id where post.post_code = 2721 and user.state = 2484) u on u.org_id = saleuser.org_id
        LEFT JOIN t_sys_dict dict on saleuser.state = dict.id
        WHERE salepost.post_code = 2725
        AND (saleuser.org_id LIKE CONCAT(#{orgId}, '%') OR saleuser.org_id = #{orgId})
        <if test="loginId != null and loginId != ''">
            AND saleuser.login_id = #{loginId}
        </if>
        <if test="isValid != null">
            AND saleuser.state = #{isValid}
        </if>
        <if test="orgTeamId != null">
            AND saleuser.org_id = #{orgTeamId}
        </if>
        ORDER BY saleuser.create_time DESC
    </select>

    <select id="listSaleUserDetailExportNoValid" resultType="com.xyb.order.pc.team.model.SaleUserDetailExportNoValidDO">
        SELECT
        case city.city
        when '市辖区'
        then pro.province
        else city.city end
        AS city,
        org2.org_name                                 AS orgCity,
        org.org_name                                  AS orgTeam,
        u.name                                        AS teamManager,
        saleuser.name                                 AS name,
        saleuser.login_id                             AS loginId,
        DATE_FORMAT(saleuser.create_time, '%Y-%m-%d') AS createDate,
        dict.label                                    AS isValid,
        DATE_FORMAT(saleuser.entry_date, '%Y-%m-%d')  AS entryDate,
        DATE_FORMAT(saleuser.leave_date, '%Y-%m-%d')  AS leaveDate,
        DATE_FORMAT(saleuser.modify_time, '%Y-%m-%d') AS delDate
        FROM t_user saleuser LEFT JOIN t_org org ON saleuser.org_id = org.org_id
        LEFT JOIN t_user_post saleup ON saleuser.id = saleup.user_id
        LEFT JOIN t_post salepost ON salepost.id = saleup.post_id
        LEFT JOIN t_org org2 ON org.pid = org2.id
        LEFT JOIN t_cn_city city ON org2.city_code = city.cityid
        left join t_cn_province pro on org2.province_code = pro.provinceid
        left join (select user.* from t_user user left join t_user_post up on user.id = up.user_id left join t_post post on post.id = up.post_id where post.post_code = 2721 and user.state = 2484) u on u.org_id = saleuser.org_id
        LEFT JOIN t_sys_dict dict on saleuser.state = dict.id
        WHERE salepost.post_code = 2725
        AND (saleuser.org_id LIKE CONCAT(#{orgId}, '%') OR saleuser.org_id = #{orgId})
        <if test="loginId != null and loginId != ''">
            AND saleuser.login_id = #{loginId}
        </if>
        <if test="isValid != null">
            AND saleuser.state = #{isValid}
        </if>
        <if test="orgTeamId != null">
            AND saleuser.org_id = #{orgTeamId}
        </if>
        ORDER BY saleuser.create_time DESC
    </select>
</mapper>