<?xml version="1.0" encoding="UTF-8"?>
<!DOCTYPE mapper PUBLIC "-//mybatis.org//DTD Mapper 3.0//EN" "http://mybatis.org/dtd/mybatis-3-mapper.dtd">
<mapper namespace="com.xyb.order.pc.team.dao.SaleStaffManagementDao">
    <insert id="insertSaleUserInFo" parameterType="com.xyb.order.pc.team.model.InsertSaleUserDTO">
        INSERT INTO t_sale_user (org_team_id, org_city_id, sale_num, id_card, name, mobile, entry_date, manager_id, create_time, create_user, modify_time, modify_user)
        VALUES (#{orgTeamId}, #{orgCityId}, #{saleNum}, #{idCard}, #{saleUser}, #{phone}, #{entryDate}, #{managerId}, now(),#{managerId}, now(), #{managerId});
    </insert>

    <update id="updateSaleUserInFo" parameterType="com.xyb.order.pc.team.model.UpdateSaleUserDTO">
        UPDATE t_user
        SET idcard   = #{idCard}, name = #{name}, mobile = #{phone}, state = #{isValid}
        <if test="leaveDate != null">
            ,leave_date = #{leaveDate}
        </if>
        ,modify_time = now(), modify_user = #{createUserId}
        WHERE id = #{id};
    </update>

    <select id="getSaleUserComparison" resultType="com.xyb.order.pc.team.model.UpdateSaleUserDTO" parameterType="java.lang.Long">
        SELECT
          id         AS id,
          idcard     AS idCard,
          name       AS name,
          mobile     AS phone,
          state      AS isValid,
          leave_date AS leaveDate
        FROM t_user
        WHERE id = #{id};
    </select>

    <select id="listSaleUserDetailPage" resultType="com.xyb.order.pc.team.model.SaleStaffManagementDO" parameterType="com.xyb.order.pc.team.model.SaleStaffManagementDTO">
        SELECT
            saleuser.id             AS id,
            saleuser.name           AS name,
            saleuser.login_id       AS loginId,
            saleuser.idcard         AS idCard,
            saleuser.mobile         AS phone,
            org2.org_name           AS orgCity,
            org.org_name            AS orgTeam,
            saleuser.create_time    AS createTime,
            saleuser.state          AS isValid,
            saleuser.modify_time    AS delDate,
            saleuser.leave_date     AS leaveDate,
            saleuser.recommend_code AS recommendCode
        FROM t_user saleuser
        LEFT JOIN t_org org ON org.org_id = saleuser.org_id
        LEFT JOIN t_org org2 ON org2.id = org.pid
        LEFT JOIN t_user_post saleup ON saleuser.id = saleup.user_id
        LEFT JOIN t_post salepost ON salepost.id = saleup.post_id
        WHERE salepost.post_code = 2725
        AND (saleuser.org_id LIKE CONCAT(#{orgId},'%') OR saleuser.org_id = #{orgId})
        <if test="loginId != null and loginId != ''">
            AND saleUser.login_id = #{loginId}
        </if>
        <if test="name != null and name != ''">
            AND saleUser.name = #{name}
        </if>
        <if test="isValid != null">
            AND saleUser.state = #{isValid}
        </if>
        ORDER BY saleuser.create_time DESC
    </select>

    <select id="querySaleUserInFo" resultType="com.xyb.order.pc.team.model.UpdateSaleUserDO" parameterType="java.lang.Long">
        SELECT
          saleuser.id       AS id,
          org2.org_id       AS orgCityId,
          org2.org_name     AS orgCity,
          org.org_id        AS orgTeamId,
          org.org_name      AS orgTeam,
          saleuser.login_id AS loginI,
          saleuser.idcard   AS idCard,
          saleuser.name     AS name,
          saleuser.mobile   AS phone,
          saleuser.state    as isValid
        FROM t_user saleuser
          LEFT JOIN t_org org ON org.org_id = saleuser.org_id
          LEFT JOIN t_org org2 ON org2.id = org.pid
        WHERE saleuser.id = #{id};
    </select>

    <select id="beforeInsertSaleUserInFo" resultType="com.xyb.order.pc.team.model.InsertSaleUserDO" parameterType="map">
        SELECT
          user.org_id       AS orgTeamId,
          org.org_name      AS orgTeam,
          org2.org_id       AS orgCityId,
          org2.org_name     AS orgCity,
          org2.org_name_min AS orgCityNameMin
        FROM t_user user LEFT JOIN t_org org ON user.org_id = org.org_id
          LEFT JOIN t_org org2 ON org2.id = org.pid
        WHERE user.id = #{userId};
    </select>

    <select id="getValidSaleCount" resultType="java.lang.Integer" parameterType="map">
        SELECT count(1)
        FROM t_user
        WHERE 1 = 1
        <if test="state != null">
            AND state = #{state}
        </if>
        <if test="phone != null and phone != ''">
            AND mobile = #{phone}
        </if>
        <if test="idCard != null and idCard != ''">
            AND idcard = #{idCard}
        </if>
        <if test="id != null">
            AND id <![CDATA[!=]]> #{id}
        </if>
    </select>
    <select id="querySaleCodes" resultType="java.lang.String">
        select recommend_code from t_user where recommend_code != '' group by recommend_code
    </select>
</mapper>