<?xml version="1.0" encoding="UTF-8"?>
<!DOCTYPE mapper PUBLIC "-//mybatis.org//DTD Mapper 3.0//EN" "http://mybatis.org/dtd/mybatis-3-mapper.dtd">
<mapper namespace="com.xyb.order.pc.team.dao.SaleTeamChangeDao">

    <select id="listSaleUserPage" resultType="com.xyb.order.pc.team.model.SaleTeamChangeDO" parameterType="com.xyb.order.pc.team.model.SaleTeamChangeDTO">
        SELECT
        saleuser.id       AS id,
        saleuser.name     AS name,
        saleuser.login_id AS loginId,
        org.org_id        AS orgTeamId,
        org.org_name      AS orgTeam,
        u.name         AS teamManager,
        saleuser.mobile AS phone
        FROM t_user saleuser
        LEFT JOIN t_org org ON saleuser.org_id = org.org_id
        LEFT JOIN t_user_post saleup ON saleuser.id = saleup.user_id
        LEFT JOIN t_post salepost ON salepost.id = saleup.post_id
        left join (select user.* from t_user user left join t_user_post up on user.id = up.user_id left join t_post post on post.id = up.post_id where post.post_code = 2721 and user.state = 2484) u on u.org_id = saleuser.org_id
        WHERE salepost.post_code = 2725
        AND (saleuser.org_id LIKE CONCAT(#{orgId},'%') OR saleuser.org_id = #{orgId})
        AND saleUser.state = #{isValid}
        <if test="name != null and name != ''">
            AND saleUser.name = #{name}
        </if>
        <if test="orgTeamId != null">
            AND saleUser.org_id = #{orgTeamId}
        </if>
        ORDER BY saleuser.create_time DESC
    </select>

    <update id="changeSaleTeam" parameterType="com.xyb.order.pc.team.model.ChangeSaleTeamDTO">
        UPDATE t_user
        SET org_id = #{orgTeamId}, modify_time = now(), modify_user = #{modifyUser}
        WHERE state = #{isValid} AND id IN
        <foreach collection="list" item="item" index="index" open="(" separator="," close=")">
            #{list[${index}].id}
        </foreach>
    </update>
</mapper>