<?xml version="1.0" encoding="UTF-8"?>
<!DOCTYPE mapper PUBLIC "-//mybatis.org//DTD Mapper 3.0//EN" "http://mybatis.org/dtd/mybatis-3-mapper.dtd">
<mapper namespace="com.xyb.order.pc.reportform.dao.ReportFormDao">

    <select id="comprehensiveQueryPage" resultType="com.xyb.order.pc.reportform.model.ComprehensiveQueryDO">
        SELECT
            main.id                         AS mainId,
            org.org_name                    AS orgCity,
            teamOrg.org_name                AS orgTeam,
            manager.name                    AS manager,
            main.submit_apply_to_audit_time AS submitApplyToAuditTime,
            service.name                    AS service,
            main.apply_num                  AS applyNum,
            main.client_real_name           AS clientName,
            main.client_idcard              AS idCard,
            main.contract_num               AS contractNum,
            expect.product_name             AS expectProduct,
            main.expect_money               AS expectAmount,
            main.expect_term                AS expectTerm,
            agree.product_name              AS agreeProduct,
            main.agree_amount               AS agreeAmount,
            main.contract_money             AS contractMoney,
            main.back_service_charge        AS backServiceCharge,
            main.month_repayment_money      AS monthRepaymentMoney,
            main.is_loop                    AS isLoop,
            business.des                    AS state,
            main.agree_product_limit        AS agreeTerm,
            main.service_proportion_type    AS serviceProportionType,
            main.state                      AS stateCode,
            clientUser.name                 as recommender,
            main.loan_money                 as confirmAmout
        FROM t_apply_main_info main LEFT JOIN t_org org ON main.store_org_id = org.org_id
        LEFT JOIN t_apply_client_info client on main.client_id=client.id
        left join t_client_user clientUser on client.referee = clientUser.id
        LEFT JOIN t_credit_business_state business ON main.state = business.id
        LEFT JOIN t_collection_contract_base base on base.contract_id = main.contract_id
        left join t_org teamOrg on main.team_org_id = teamOrg.org_id
        left join t_user manager on main.manager_uid = manager.id
        left join t_user service on main.service_uid = service.id
        left join t_xyb_product expect on main.expect_product_id = expect.id
        left join t_xyb_product agree on main.agree_product_id = agree.id
        WHERE ifnull(base.max_overdue_period,0) &lt; 5
        <if test="applyNum != null and applyNum != ''">
            AND main.apply_num = #{applyNum}
        </if>
        <if test="clientName != null and clientName != ''">
            AND main.client_real_name = #{clientName}
        </if>
        <if test="idCard != null and idCard != ''">
            AND main.client_idcard = #{idCard}
        </if>
        <if test="orgCityId != null">
            AND main.store_org_id = #{orgCityId}
        </if>
        <if test="submitApplyToAuditTimeStr != null">
            AND main.submit_apply_to_audit_time &gt;= #{submitApplyToAuditTimeStr}
        </if>
        <if test="submitApplyToAuditTimeEnd != null">
            AND main.submit_apply_to_audit_time &lt;= #{submitApplyToAuditTimeEnd}
        </if>
        <if test="financeGiveLoanTimeStr != null">
            AND main.finance_give_loan_time &gt;= #{financeGiveLoanTimeStr}
        </if>
        <if test="financeGiveLoanTimeEnd != null">
            AND main.finance_give_loan_time &lt;= #{financeGiveLoanTimeEnd}
        </if>
        <if test="expectProduct != null">
            AND main.expect_product_id = #{expectProduct}
        </if>
        <if test="expectTerm != null">
            AND main.expect_term = #{expectTerm}
        </if>
        <if test="list != null">
            AND main.state IN
            <foreach collection="list" index="index" item="item" open="(" separator="," close=")">
                #{list[${index}]}
            </foreach>
        </if>
        <if test="orgId != null">
            AND (main.store_org_id LIKE CONCAT(#{orgId}, '%') OR main.store_org_id = #{orgId})
        </if>
        order by main.submit_apply_to_audit_time desc
    </select>
    
    <select id="outComprehensiveQueryExport" resultType="com.xyb.order.pc.reportform.model.ComprehensiveQueryExportDO">
         SELECT
            org.org_name                    AS orgCity,
            teamOrg.org_name                AS orgTeam,
            manager.name                    AS manager,
            main.submit_apply_to_audit_time AS submitApplyToAuditTime,
            service.name                    AS service,
            main.apply_num                  AS applyNum,
            main.client_real_name           AS clientName,
            main.client_idcard              AS idCard,
            main.contract_num               AS contractNum,
            expect.product_name             AS expectProduct,
            main.expect_money               AS expectAmount,
            main.expect_term                AS expectTerm,
            agree.product_name              AS agreeProduct,
            main.agree_amount               AS agreeAmount,
            main.contract_money             AS contractMoney,
            main.back_service_charge        AS backServiceCharge,
            main.month_repayment_money      AS monthRepaymentMoney,
            main.agree_product_limit        AS agreeTerm,
            main.service_proportion_type    AS serviceProportionType,
            loopDict.label                  AS isLoop,
            main.state                      AS state,
            clientUser.name                 as recommender,
            main.loan_money                 as confirmAmout
        FROM t_apply_main_info main LEFT JOIN t_org org ON main.store_org_id = org.org_id
        LEFT JOIN t_collection_contract_base base on base.contract_id = main.contract_id
        left join t_org teamOrg on main.team_org_id = teamOrg.org_id
        left join t_user manager on main.manager_uid = manager.id
        left join t_user service on main.service_uid = service.id
        left join t_xyb_product expect on main.expect_product_id = expect.id
        left join t_xyb_product agree on main.agree_product_id = agree.id
        left join t_sys_dict loopDict on loopDict.id = main.is_loop
        LEFT JOIN t_apply_client_info client on main.client_id=client.id
        left join t_client_user clientUser on client.referee = clientUser.id
        WHERE ifnull(base.max_overdue_period,0) &lt; 5
        <if test="applyNum != null and applyNum != ''">
            AND main.apply_num = #{applyNum}
        </if>
        <if test="clientName != null and clientName != ''">
            AND main.client_real_name = #{clientName}
        </if>
        <if test="idCard != null and idCard != ''">
            AND main.client_idcard = #{idCard}
        </if>
        <if test="orgCityId != null">
            AND main.store_org_id = #{orgCityId}
        </if>
        <if test="submitApplyToAuditTimeStr != null">
            AND main.submit_apply_to_audit_time &gt;= #{submitApplyToAuditTimeStr}
        </if>
        <if test="submitApplyToAuditTimeEnd != null">
            AND main.submit_apply_to_audit_time &lt;= #{submitApplyToAuditTimeEnd}
        </if>
        <if test="financeGiveLoanTimeStr != null">
            AND main.finance_give_loan_time &gt;= #{financeGiveLoanTimeStr}
        </if>
        <if test="financeGiveLoanTimeEnd != null">
            AND main.finance_give_loan_time &lt;= #{financeGiveLoanTimeEnd}
        </if>
        <if test="expectProduct != null">
            AND main.expect_product_id = #{expectProduct}
        </if>
        <if test="expectTerm != null">
            AND main.expect_term = #{expectTerm}
        </if>
        <if test="list != null">
            AND main.state IN
            <foreach collection="list" index="index" item="item" open="(" separator="," close=")">
                #{list[${index}]}
            </foreach>
        </if>
        <if test="orgId != null">
            AND (main.store_org_id LIKE CONCAT(#{orgId}, '%') OR main.store_org_id = #{orgId})
        </if>
        order by main.submit_apply_to_audit_time desc
    </select>
    
    <select id="comprehensiveAllQueryPage" resultType="com.xyb.order.pc.reportform.model.ComprehensiveAllQueryDO">
          select 
              main.id                            as mainId,
              main.apply_id                      as applyId,
              main.apply_num                     as applyNum, 
              storeOrg.org_name                  as orgCity, 
              main.submit_apply_to_audit_time    as submitApplyToAuditTime, 
              main.client_real_name              as clientName, 
              main.client_idcard                 as idCard, 
              client.phone                       as phone, 
              expect.product_name                as expectProduct, 
              main.expect_term                   as expectTerm, 
              teamOrg.org_name                   as orgTeam,  
              manager.name                       as manager,  
              service.name                       as service,  
              serviceManage.name                 as serviceManage, 
              main.endaudit_over_time            as endauditOverTime, 
              agree.product_name                 as agreeProduct, 
              main.agree_amount                  as agreeAmount, 
              main.agree_product_limit           as agreeTerm, 
              main.service_proportion_type       as serviceProportionType, 
              main.contract_money                as contractMoney, 
              main.month_repayment_money         as monthRepaymentMoney, 
              case main.state when 144 then main.finance_give_loan_time
              else null end     as contractAuditAdoptTime, 
              main.reconsideration_qty           as reconsiderationQty, 
              loopDict.label                     as isLoop, 
              signDict.label                     as isSignCheck, 
              settleDict.label                   as isSettle, 
              projectDice.label                  as projectCode, 
              grandDict.label                    as clientGrade, 
              case left(main.refuse_code, 2)
              when 'D3'
              then 'D3'
              when 'D4'
              then 'D4'
              else main.refuse_code end          as mainRefauseCode, 
              main.state                         as state,
              business.des                       as stateCode,
              clientUser.name                 as recommender,
              main.loan_money                 as confirmAmout
         from t_apply_main_info main
         left join t_collection_contract_base base on base.contract_id= main.contract_id
         left join t_org teamOrg on main.team_org_id = teamOrg.org_id
         left join t_org storeOrg on main.store_org_id = storeOrg.org_id
         left join t_xyb_product expect on main.expect_product_id = expect.id
         left join t_user manager on main.manager_uid = manager.id
         left join t_user service on main.service_uid = service.id
         left join t_user serviceManage on main.servive_manager_uid = serviceManage.id
         left join t_xyb_product agree on main.agree_product_id = agree.id
         left join t_sys_dict settleDict on main.contract_settle_state = settleDict.id
         left join t_sys_dict loopDict on main.is_loop = loopDict.id
         left join t_sys_dict signDict on main.is_sign_check = signDict.id
         left join t_sys_dict projectDice on main.project_code = projectDice.id
         left join t_apply_client_info client on client.id = main.client_id
         left join t_sys_dict grandDict on main.client_grade = grandDict.id
         left join t_credit_business_state business on main.state = business.id
         left join t_client_user clientUser on client.referee = clientUser.id
         WHERE 1=1
         <!--  ifnull(base.max_overdue_period,0) &lt; 5 --> 
         <if test="applyNum != null and applyNum != ''">
             and main.apply_num = #{applyNum}
         </if>
         <if test="clientName != null and clientName != ''">
              and main.client_real_name = #{clientName}
         </if>
         <if test="idCard != null and idCard != ''">
              and main.client_idcard = #{idCard}
         </if>
         <if test="projectCode != null">
              and main.project_code = #{projectCode}
         </if>
         <if test="phone != null and phone !='' ">
              and client.phone = #{phone}
         </if>
         <if test="submitApplyToAuditTimeStr != null">
              and main.submit_apply_to_audit_time &gt;= #{submitApplyToAuditTimeStr}
         </if>
         <if test="submitApplyToAuditTimeEnd != null">
              and main.submit_apply_to_audit_time &lt;= #{submitApplyToAuditTimeEnd}
         </if>
         <if test="contractAuditAdoptTimeStr != null">
            and main.finance_give_loan_time &gt;= #{contractAuditAdoptTimeStr}
         </if>
         <if test="contractAuditAdoptTimeEnd != null">
            and main.finance_give_loan_time &lt;= #{contractAuditAdoptTimeEnd}
         </if>
         <if test="orgCity != null">
             and main.store_org_id = #{orgCity}
         </if>
         <if test="orgCityType != null">
             and storeOrg.is_direct_sale_store = #{orgCityType}
         </if>
         <if test="orgTeam != null">
             and main.team_org_id = #{orgTeam}
         </if>
         <if test="districtOrg != null">
             and main.district_org_id = #{districtOrg}
         </if>
         <if test="branchDistrictOrg != null">
             and main.branch_district_org_id = #{branchDistrictOrg}
         </if>
         <if test="serviveManagerUid != null">
             and main.servive_manager_uid = #{serviveManagerUid}
         </if>
         <if test="serviceUid != null">
             and main.service_uid = #{serviceUid}
         </if>
         <if test="expectProduct != null">
             and main.expect_product_id = #{expectProduct}
         </if>
         <if test="expectTerm != null">
             and main.expect_term = #{expectTerm}
         </if>
         <if test="expectMoneyStr != null">
             and main.expect_money &gt;= #{expectMoneyStr}
         </if>
         <if test="expectMoneyEnd != null">
             and main.expect_money &lt;= #{expectMoneyEnd}
         </if>
         <if test="isLoop != null">
             and main.is_loop = #{isLoop}
         </if>
         <if test="reconsiderationQty != null">
             and main.reconsideration_qty = #{reconsiderationQty}
         </if>
         <if test="refuseCode != null and refuseCode != '' and refuseCode != 'D3' and refuseCode != 'D4'">
             and main.refuse_code = #{refuseCode}
         </if>
         <if test="refuseCode != null and refuseCode != '' and refuseCode == 'D3'">
             and main.refuse_code like concat(#{refuseCode},'%')
         </if>
         <if test="refuseCode != null and refuseCode != '' and refuseCode == 'D4'">
             and main.refuse_code like concat(#{refuseCode},'%')
         </if>
         <if test="agreeProduct != null">
             and main.agree_product_id = #{agreeProduct}
         </if>
         <if test="agreeTerm != null">
             and main.agree_product_limit = #{agreeTerm}
         </if>
         <if test="agreeMoneyStr != null">
             and main.agree_amount &gt;= #{agreeMoneyStr}
         </if>
         <if test="agreeMoneyEnd != null">
             and main.agree_amount &lt;= #{agreeMoneyEnd}
         </if>
         <if test="contractNum != null and contractNum != ''">
             and main.contract_num = #{contractNum}
         </if>
         <if test="productLimit != null">
             and contract.product_limit = #{productLimit}
         </if>
         <if test="list != null">
            AND main.state IN
            <foreach collection="list" index="index" item="item" open="(" separator="," close=")">
                #{list[${index}]}
            </foreach>
         </if>
         <if test="orgId != null">
            AND (main.store_org_id LIKE CONCAT(#{orgId}, '%') OR main.store_org_id = #{orgId})
         </if>
         order by main.submit_apply_to_audit_time desc
    </select>
    
    <select id="outComprehensiveAllQueryExport" resultType="com.xyb.order.pc.reportform.model.ComprehensiveAllQueryExportDO">
          select 
              main.apply_num                     as applyNum, 
              storeOrg.org_name                  as orgCity, 
              main.submit_apply_to_audit_time    as submitApplyToAuditTime, 
              main.client_real_name              as clientName, 
              main.client_idcard                 as idCard, 
              client.phone                       as phone, 
              expect.product_name                as expectProduct, 
              main.expect_term                   as expectTerm, 
              teamOrg.org_name                   as orgTeam,  
              manager.name                       as manager,  
              service.name                       as service,  
              serviceManage.name                 as serviceManage, 
              main.endaudit_over_time            as endauditOverTime, 
              agree.product_name                 as agreeProduct, 
              main.agree_amount                  as agreeAmount, 
              main.agree_product_limit           as agreeTerm, 
              main.service_proportion_type       as serviceProportionType, 
              main.contract_money                as contractMoney, 
              main.month_repayment_money         as monthRepaymentMoney, 
              case main.state when 144 then main.finance_give_loan_time
              else null end     as contractAuditAdoptTime, 
              main.reconsideration_qty           as reconsiderationQty, 
              loopDict.label                     as isLoop, 
              signDict.label                     as isSignCheck, 
              settleDict.label                   as isSettle, 
              projectDice.label                  as projectCode, 
              case left(main.refuse_code, 2)
              when 'D3'
              then 'D3'
              when 'D4'
              then 'D4'
              else main.refuse_code end          as mainRefauseCode,
              main.state                         as state,
              business.des                       as stateCode,
              clientUser.name                 as recommender,
              main.loan_money                 as confirmAmout
         from t_apply_main_info main
         left join t_collection_contract_base base on base.contract_id= main.contract_id
         left join t_org teamOrg on main.team_org_id = teamOrg.org_id
         left join t_org storeOrg on main.store_org_id = storeOrg.org_id
         left join t_xyb_product expect on main.expect_product_id = expect.id
         left join t_user manager on main.manager_uid = manager.id
         left join t_user service on main.service_uid = service.id
         left join t_user serviceManage on main.servive_manager_uid = serviceManage.id
         left join t_xyb_product agree on main.agree_product_id = agree.id
         left join t_sys_dict settleDict on main.contract_settle_state = settleDict.id
         left join t_sys_dict loopDict on main.is_loop = loopDict.id
         left join t_sys_dict signDict on main.is_sign_check = signDict.id
         left join t_sys_dict projectDice on main.project_code = projectDice.id
         left join t_apply_client_info client on client.id = main.client_id
         left join t_sys_dict grandDict on main.client_grade = grandDict.id
         left join t_credit_business_state business on main.state = business.id
         left join t_client_user clientUser on client.referee = clientUser.id
         WHERE 1=1
         <!--  ifnull(base.max_overdue_period,0) &lt; 5 --> 
         <if test="applyNum != null and applyNum != ''">
             and main.apply_num = #{applyNum}
         </if>
         <if test="clientName != null and clientName != ''">
              and main.client_real_name = #{clientName}
         </if>
         <if test="idCard != null and idCard != ''">
              and main.client_idcard = #{idCard}
         </if>
         <if test="projectCode != null">
              and main.project_code = #{projectCode}
         </if>
         <if test="phone != null and phone !='' ">
              and client.phone = #{phone}
         </if>
         <if test="submitApplyToAuditTimeStr != null">
              and main.submit_apply_to_audit_time &gt;= #{submitApplyToAuditTimeStr}
         </if>
         <if test="submitApplyToAuditTimeEnd != null">
              and main.submit_apply_to_audit_time &lt;= #{submitApplyToAuditTimeEnd}
         </if>
         <if test="orgCity != null">
             and main.store_org_id = #{orgCity}
         </if>
         <if test="orgCityType != null">
             and storeOrg.is_direct_sale_store = #{orgCityType}
         </if>
         <if test="orgTeam != null">
             and main.team_org_id = #{orgTeam}
         </if>
         <if test="districtOrg != null">
             and main.district_org_id = #{districtOrg}
         </if>
         <if test="branchDistrictOrg != null">
             and main.branch_district_org_id = #{branchDistrictOrg}
         </if>
         <if test="serviveManagerUid != null">
             and main.servive_manager_uid = #{serviveManagerUid}
         </if>
         <if test="serviceUid != null">
             and main.service_uid = #{serviceUid}
         </if>
         <if test="expectProduct != null">
             and main.expect_product_id = #{expectProduct}
         </if>
         <if test="expectTerm != null">
             and main.expect_term = #{expectTerm}
         </if>
         <if test="expectMoneyStr != null">
             and main.expect_money &gt;= #{expectMoneyStr}
         </if>
         <if test="expectMoneyEnd != null">
             and main.expect_money &lt;= #{expectMoneyEnd}
         </if>
         <if test="isLoop != null">
             and main.is_loop = #{isLoop}
         </if>
         <if test="reconsiderationQty != null">
             and main.reconsideration_qty = #{reconsiderationQty}
         </if>
         <if test="refuseCode != null and refuseCode != '' and refuseCode != 'D3' and refuseCode != 'D4'">
             and main.refuse_code = #{refuseCode}
         </if>
         <if test="refuseCode != null and refuseCode != '' and refuseCode == 'D3'">
             and main.refuse_code like concat(#{refuseCode},'%')
         </if>
         <if test="refuseCode != null and refuseCode != '' and refuseCode == 'D4'">
             and main.refuse_code like concat(#{refuseCode},'%')
         </if>
         <if test="agreeProduct != null">
             and main.agree_product_id = #{agreeProduct}
         </if>
         <if test="agreeTerm != null">
             and main.agree_product_limit = #{agreeTerm}
         </if>
         <if test="agreeMoneyStr != null">
             and main.agree_amount &gt;= #{agreeMoneyStr}
         </if>
         <if test="agreeMoneyEnd != null">
             and main.agree_amount &lt;= #{agreeMoneyEnd}
         </if>
         <if test="contractNum != null and contractNum != ''">
             and main.contract_num = #{contractNum}
         </if>
         <if test="productLimit != null">
             and contract.product_limit = #{productLimit}
         </if>
         <if test="list != null">
            AND main.state IN
            <foreach collection="list" index="index" item="item" open="(" separator="," close=")">
                #{list[${index}]}
            </foreach>
         </if>
         <if test="orgId != null">
            AND (main.store_org_id LIKE CONCAT(#{orgId}, '%') OR main.store_org_id = #{orgId})
         </if>
         order by main.submit_apply_to_audit_time desc
    </select>

    <select id="fullScaleProcessTablePage" resultType="com.xyb.order.pc.reportform.model.FullScaleProcessTableDO">
        select
            district.org_name                as districtOrg,
            branch.org_name                  as branchDistrictOrg,
            city.org_name                    as orgCity,
            cityDict.label                   as orgCityType,
            main.apply_num                   as applyNum,
            main.client_real_name            as clientName,
            main.client_idcard               as idCard,
            main.contract_num                as contractNum,
            expect.product_name              as expectProduct,
            main.expect_money                as expectMoney,
            main.expect_term                 as expectTerm,
            agree.product_name               as agreeProduct,
            main.agree_amount                as agreeMoney,
            main.agree_product_limit         as agreeTerm,
            main.contract_money              as contractMoney,
            main.back_service_charge         as backServiceCharge,
            main.month_repayment_money       as monthRepaymentMoney,
            loopDict.label                   as isLoop,
            compTypeDict.label               as compType,
            (SELECT sys.label from t_sys_dict  sys where sys.id=job.comp_duty) as compDuty,
            teamOrg.org_name                 as orgTeam,
            manager.name                     as manager,
            main.submit_apply_to_audit_time  as submitApplyToAuditTime,
            depot2669.begin_time_three       as auditPrimaryTime,
            depot2670.begin_time_three       as auditEndTime,
            main.endaudit_over_time          as endauditOverTime,
            case main.state when 144 then main.finance_give_loan_time
            else null end     as contractAuditAdoptTime,
            case left(main.refuse_code, 2)
            when 'D3'
            then 'D3'
            when 'D4'
            then 'D4'
            else main.refuse_code end        as refuseCode,
            projectDice.label                as projectCode,
            business.des                     as state,
            main.state                       AS stateCode,
            settleDict.label                 as isSettle,
            contract.contract_abolition_name as contractAbolition,
            contract.contract_abolition_time as contractAbolitionDate,
            contract.remarks                 as contractAbolitionRemark,
            clientUser.name                 as recommender,
            main.loan_money                 as confirmAmout
        from t_apply_main_info main
        left join t_org district on main.district_org_id = district.org_id
        left join t_org branch on main.branch_district_org_id = branch.org_id
        left join t_org city on city.org_id = main.store_org_id
        left join t_sys_dict cityDict on cityDict.id = city.is_direct_sale_store
        left join t_sys_dict loopDict on loopDict.id = main.is_loop
        left join t_sys_dict projectDice on main.project_code = projectDice.id
        left join t_credit_business_state business on main.state = business.id
        left join t_sys_dict settleDict on main.contract_settle_state = settleDict.id
        left join t_xyb_contract contract on contract.id = main.contract_id
        left join t_depot_time depot2669 on main.apply_id = depot2669.apply_id and depot2669.audit_type = 2669
        left join t_depot_time depot2670 on main.apply_id = depot2670.apply_id and depot2670.audit_type = 2670
        left join t_xyb_product expect on main.expect_product_id = expect.id
        left join t_xyb_product agree on main.agree_product_id = agree.id
        left join t_org teamOrg on main.team_org_id = teamOrg.org_id
        left join t_user manager on main.manager_uid = manager.id
        left join t_apply_job_info job on main.apply_id = job.apply_id
        left join t_sys_dict compTypeDict on job.comp_type = compTypeDict.id
        LEFT JOIN t_apply_client_info client on main.client_id=client.id
        left join t_client_user clientUser on client.referee = clientUser.id
        where 1 = 1
        <if test="applyNum != null and applyNum != ''">
            and main.apply_num = #{applyNum}
        </if>
        <if test="clientName != null and clientName != ''">
            and main.client_real_name = #{clientName}
        </if>
        <if test="idCard != null and idCard != ''">
            and main.client_idcard = #{idCard}
        </if>
        <if test="refuseCode != null and refuseCode != ''">
            and main.refuse_code = #{refuseCode}
        </if>
        <if test="contractNum != null and contractNum != ''">
            and main.contract_num = #{contractNum}
        </if>
        <if test="projectCode != null">
            and main.project_code = #{projectCode}
        </if>
        <if test="submitApplyToAuditTimeStr != null">
            and main.submit_apply_to_audit_time &gt;= #{submitApplyToAuditTimeStr}
        </if>
        <if test="submitApplyToAuditTimeEnd != null">
            and main.submit_apply_to_audit_time &lt;= #{submitApplyToAuditTimeEnd}
        </if>
        <if test="auditPrimaryTimeStr != null">
            and depot2669.begin_time_three &gt;= #{auditPrimaryTimeStr}
        </if>
        <if test="auditPrimaryTimeEnd != null">
            and depot2669.begin_time_three &lt;= #{auditPrimaryTimeEnd}
        </if>
        <if test="contractAuditAdoptTimeStr != null">
            and main.finance_give_loan_time &gt;= #{contractAuditAdoptTimeStr}
        </if>
        <if test="contractAuditAdoptTimeEnd != null">
            and main.finance_give_loan_time &lt;= #{contractAuditAdoptTimeEnd}
        </if>
        <if test="auditEndTimeStr != null">
            and depot2670.begin_time_three &gt;= #{auditEndTimeStr}
        </if>
        <if test="auditEndTimeEnd != null">
            and depot2670.begin_time_three &lt;= #{auditEndTimeEnd}
        </if>
        <if test="contractAbolitionTimeStr != null">
            and contract.contract_abolition_time &gt;= #{contractAbolitionTimeStr}
        </if>
        <if test="contractAbolitionTimeEnd != null">
            and contract.contract_abolition_time &lt;= #{contractAbolitionTimeEnd}
        </if>
        <if test="orgCity != null">
            and main.store_org_id = #{orgCity}
        </if>
        <if test="orgCityType != null">
            and city.is_direct_sale_store = #{orgCityType}
        </if>
        <if test="orgTeam != null">
            and main.team_org_id = #{orgTeam}
        </if>
        <if test="teamManager != null">
            and main.manager_uid = #{teamManager}
        </if>
        <if test="districtOrg != null">
            and main.district_org_id = #{districtOrg}
        </if>
        <if test="branchDistrictOrg != null">
            and main.branch_district_org_id = #{branchDistrictOrg}
        </if>
        <if test="expectProduct != null">
            and main.expect_product_id = #{expectProduct}
        </if>
        <if test="expectTerm != null">
            and main.expect_term = #{expectTerm}
        </if>
        <if test="expectMoneyStr != null">
            and main.expect_money &gt;= #{expectMoneyStr}
        </if>
        <if test="expectMoneyEnd != null">
            and main.expect_money &lt;= #{expectMoneyEnd}
        </if>
        <if test="isLoop != null">
            and main.is_loop = #{isLoop}
        </if>
        <if test="agreeProduct != null">
            and main.agree_product_id = #{agreeProduct}
        </if>
        <if test="agreeTerm != null">
            and main.agree_product_limit = #{agreeTerm}
        </if>
        <if test="agreeMoneyStr != null">
            and main.agree_amount &gt;= #{agreeMoneyStr}
        </if>
        <if test="agreeMoneyEnd != null">
            and main.agree_amount &lt;= #{agreeMoneyEnd}
        </if>
        <if test="productLimit != null">
            and contract.product_limit = #{productLimit}
        </if>
        <if test="abandonReason != null and abandonReason != ''">
            and contract.contract_abolition like CONCAT('%',#{abandonReason},'%')
        </if>
        <if test="list != null">
            and main.state IN
            <foreach collection="list" index="index" item="item" open="(" separator="," close=")">
                #{list[${index}]}
            </foreach>
        </if>
        order by main.submit_apply_to_audit_time desc
    </select>
    
    <select id="outFullScaleProcessTableExport" resultType="com.xyb.order.pc.reportform.model.FullScaleProcessTableExportDO">
        select
            district.org_name                as districtOrg,
            branch.org_name                  as branchDistrictOrg,
            city.org_name                    as orgCity,
            cityDict.label                   as orgCityType,
            main.apply_num                   as applyNum,
            main.client_real_name            as clientName,
            main.client_idcard               as idCard,
            main.contract_num                as contractNum,
            expect.product_name              as expectProduct,
            main.expect_money                as expectMoney,
            main.expect_term                 as expectTerm,
            agree.product_name               as agreeProduct,
            main.agree_amount                as agreeMoney,
            main.agree_product_limit         as agreeTerm,
            main.contract_money              as contractMoney,
            main.back_service_charge         as backServiceCharge,
            main.month_repayment_money       as monthRepaymentMoney,
            loopDict.label                   as isLoop,
            compTypeDict.label               as compType,
            (SELECT sys.label from t_sys_dict  sys where sys.id=job.comp_duty) as compDuty,
            teamOrg.org_name                 as orgTeam,
            manager.name                     as manager,
            main.submit_apply_to_audit_time  as submitApplyToAuditTime,
            depot2669.begin_time_three       as auditPrimaryTime,
            depot2670.begin_time_three       as auditEndTime,
            main.endaudit_over_time          as endauditOverTime,
            case main.state when 144 then main.finance_give_loan_time
            else null end     as contractAuditAdoptTime,
            case left(main.refuse_code, 2)
            when 'D3'
            then 'D3'
            when 'D4'
            then 'D4'
            else main.refuse_code end        as refuseCode,
            projectDice.label                as projectCode,
            main.state                       as state,
            settleDict.label                 as isSettle,
            contract.contract_abolition_name as contractAbolition,
            contract.contract_abolition_time as contractAbolitionDate,
            contract.remarks                 as contractAbolitionRemark,
            clientUser.name                 as recommender,
            main.loan_money                 as confirmAmout
        from t_apply_main_info main
        left join t_org district on main.district_org_id = district.org_id
        left join t_org branch on main.branch_district_org_id = branch.org_id
        left join t_org city on city.org_id = main.store_org_id
        left join t_sys_dict cityDict on cityDict.id = city.is_direct_sale_store
        left join t_sys_dict loopDict on loopDict.id = main.is_loop
        left join t_sys_dict projectDice on main.project_code = projectDice.id
        left join t_credit_business_state business on main.state = business.id
        left join t_sys_dict settleDict on main.contract_settle_state = settleDict.id
        left join t_xyb_contract contract on contract.id = main.contract_id
        left join t_depot_time depot2669 on main.apply_id = depot2669.apply_id and depot2669.audit_type = 2669
        left join t_depot_time depot2670 on main.apply_id = depot2670.apply_id and depot2670.audit_type = 2670
        left join t_xyb_product expect on main.expect_product_id = expect.id
        left join t_xyb_product agree on main.agree_product_id = agree.id
        left join t_org teamOrg on main.team_org_id = teamOrg.org_id
        left join t_user manager on main.manager_uid = manager.id
        left join t_apply_job_info job on main.apply_id = job.apply_id
        left join t_sys_dict compTypeDict on job.comp_type = compTypeDict.id
        LEFT JOIN t_apply_client_info client on main.client_id=client.id
        left join t_client_user clientUser on client.referee = clientUser.id
        where 1 = 1
        <if test="applyNum != null and applyNum != ''">
            and main.apply_num = #{applyNum}
        </if>
        <if test="clientName != null and clientName != ''">
            and main.client_real_name = #{clientName}
        </if>
        <if test="idCard != null and idCard != ''">
            and main.client_idcard = #{idCard}
        </if>
        <if test="refuseCode != null and refuseCode != ''">
            and main.refuse_code = #{refuseCode}
        </if>
        <if test="contractNum != null and contractNum != ''">
            and main.contract_num = #{contractNum}
        </if>
        <if test="projectCode != null">
            and main.project_code = #{projectCode}
        </if>
        <if test="submitApplyToAuditTimeStr != null">
            and main.submit_apply_to_audit_time &gt;= #{submitApplyToAuditTimeStr}
        </if>
        <if test="submitApplyToAuditTimeEnd != null">
            and main.submit_apply_to_audit_time &lt;= #{submitApplyToAuditTimeEnd}
        </if>
        <if test="auditPrimaryTimeStr != null">
            and depot2669.begin_time_three &gt;= #{auditPrimaryTimeStr}
        </if>
        <if test="auditPrimaryTimeEnd != null">
            and depot2669.begin_time_three &lt;= #{auditPrimaryTimeEnd}
        </if>
        <if test="contractAuditAdoptTimeStr != null">
            and main.finance_give_loan_time &gt;= #{contractAuditAdoptTimeStr}
        </if>
        <if test="contractAuditAdoptTimeEnd != null">
            and main.finance_give_loan_time &lt;= #{contractAuditAdoptTimeEnd}
        </if>
        <if test="auditEndTimeStr != null">
            and depot2670.begin_time_three &gt;= #{auditEndTimeStr}
        </if>
        <if test="auditEndTimeEnd != null">
            and depot2670.begin_time_three &lt;= #{auditEndTimeEnd}
        </if>
        <if test="contractAbolitionTimeStr != null">
            and contract.contract_abolition_time &gt;= #{contractAbolitionTimeStr}
        </if>
        <if test="contractAbolitionTimeEnd != null">
            and contract.contract_abolition_time &lt;= #{contractAbolitionTimeEnd}
        </if>
        <if test="orgCity != null">
            and main.store_org_id = #{orgCity}
        </if>
        <if test="orgCityType != null">
            and city.is_direct_sale_store = #{orgCityType}
        </if>
        <if test="orgTeam != null">
            and main.team_org_id = #{orgTeam}
        </if>
        <if test="teamManager != null">
            and main.manager_uid = #{teamManager}
        </if>
        <if test="districtOrg != null">
            and main.district_org_id = #{districtOrg}
        </if>
        <if test="branchDistrictOrg != null">
            and main.branch_district_org_id = #{branchDistrictOrg}
        </if>
        <if test="expectProduct != null">
            and main.expect_product_id = #{expectProduct}
        </if>
        <if test="expectTerm != null">
            and main.expect_term = #{expectTerm}
        </if>
        <if test="expectMoneyStr != null">
            and main.expect_money &gt;= #{expectMoneyStr}
        </if>
        <if test="expectMoneyEnd != null">
            and main.expect_money &lt;= #{expectMoneyEnd}
        </if>
        <if test="isLoop != null">
            and main.is_loop = #{isLoop}
        </if>
        <if test="agreeProduct != null">
            and main.agree_product_id = #{agreeProduct}
        </if>
        <if test="agreeTerm != null">
            and main.agree_product_limit = #{agreeTerm}
        </if>
        <if test="agreeMoneyStr != null">
            and main.agree_amount &gt;= #{agreeMoneyStr}
        </if>
        <if test="agreeMoneyEnd != null">
            and main.agree_amount &lt;= #{agreeMoneyEnd}
        </if>
        <if test="productLimit != null">
            and contract.product_limit = #{productLimit}
        </if>
        <if test="abandonReason != null and abandonReason != ''">
            and contract.contract_abolition like CONCAT('%',#{abandonReason},'%')
        </if>
        <if test="list != null">
            and main.state IN
            <foreach collection="list" index="index" item="item" open="(" separator="," close=")">
                #{list[${index}]}
            </foreach>
        </if>
        order by main.submit_apply_to_audit_time desc
    </select>

    <!--客服人员统计列表-->
    <select id="customerServiceStatisticsPage" resultType="com.xyb.order.pc.reportform.model.CustomerServiceStatisticsVO">
        select
            u.name as serviceUname,
            sum(cusSer.allot_consult_qty),
            sum(cusSer.sumit_apply_qty),
            sum(cusSer.wait_sign_contract_qty),
            sum(cusSer.not_pass_audit_qty),
            sum(cusSer.first_audit_wait_material_qty),
            sum(cusSer.reconsider_wait_material_qty),
            sum(cusSer.wait_indeed_credit_qty),
            sum(cusSer.wait_asset_investigation_qty),
            sum(cusSer.wait_indend_asset_qty)
        from t_report_business_statistics_by_cus_service cusSer
        left join t_user u on u.id = cusSer.cus_service_id
        where cusSer.store_id like CONCAT(#{orgId}, '%')
        <if test="storeId != null">
            and cusSer.store_id = #{storeId}
        </if>
        <if test="serviceUid != null">
            and cusSer.cus_service_id = #{serviceUid}
        </if>
        <if test="statisticsDateStart != null">
            and DATE_SUB(cusSer.report_date,INTERVAL 1 DAY) &gt;= #{statisticsDateStart}
        </if>
        <if test="statisticsDateEnd != null">
            and DATE_SUB(cusSer.report_date,INTERVAL 1 DAY) &lt;= #{statisticsDateEnd}
        </if>
        group by cusSer.cus_service_id
        order by u.create_time
    </select>

    <!--客服人员统计导出-->
    <select id="customerServiceStatisticsExport" resultType="com.xyb.order.pc.reportform.model.CustomerServiceStatisticsVO">
        select
            u.name as serviceUname,
            sum(cusSer.allot_consult_qty),
            sum(cusSer.sumit_apply_qty),
            sum(cusSer.wait_sign_contract_qty),
            sum(cusSer.not_pass_audit_qty),
            sum(cusSer.first_audit_wait_material_qty),
            sum(cusSer.reconsider_wait_material_qty),
            sum(cusSer.wait_indeed_credit_qty),
            sum(cusSer.wait_asset_investigation_qty),
            sum(cusSer.wait_indend_asset_qty)
        from t_report_business_statistics_by_cus_service cusSer
        left join t_user u on u.id = cusSer.cus_service_id
        where cusSer.store_id like CONCAT(#{orgId}, '%')
        <if test="storeId != null">
            and cusSer.store_id = #{storeId}
        </if>
        <if test="serviceUid != null">
            and cusSer.cus_service_id = #{serviceUid}
        </if>
        <if test="statisticsDateStart != null">
            and DATE_SUB(cusSer.report_date,INTERVAL 1 DAY) &gt;= #{statisticsDateStart}
        </if>
        <if test="statisticsDateEnd != null">
            and DATE_SUB(cusSer.report_date,INTERVAL 1 DAY) &lt;= #{statisticsDateEnd}
        </if>
        group by cusSer.cus_service_id
        order by u.create_time
    </select>
</mapper>