<?xml version="1.0" encoding="UTF-8"?>
<!DOCTYPE mapper PUBLIC "-//mybatis.org//DTD Mapper 3.0//EN" "http://mybatis.org/dtd/mybatis-3-mapper.dtd">
<mapper namespace="com.xyb.order.pc.apply.already.dao.ApplyAlreadyDao">

	<select id="listApplyAlreadyPage" parameterType="com.xyb.order.pc.apply.already.model.ApplyAlreadyQueryDTO" resultType="com.xyb.order.pc.apply.already.model.ApplyAlreadyListVO">
		SELECT
		    a.id mainId,
			a.apply_num applyNum,
			a.apply_id applyId,
			CASE when a.agree_product_id is not null THEN a.agree_product_id ELSE a.expect_product_id END as productId,
			o.org_name orgName,
			a.client_real_name custName,
			p.phone1 phone,
			c.idcard idCard,
			(SELECT o.org_name from t_org o where 1=1 and o.org_id=b.team_org_id) saleTeamName,
			(SELECT u.`name` from t_user u where 1=1 and u.id=b.manager_id) saleUserName,
			(SELECT u.`name` from t_user u where 1=1 and u.id=a.service_uid) serviceName,
  			a.expect_product_name applyProductName,
			CASE a.is_loop WHEN 2486 THEN '是'  WHEN 2487 THEN '否' END isLoopName,
			CASE a.is_sign_check WHEN 2486 THEN '是' WHEN 2487 THEN '否' END isSignCheck,
			s.des stateName,
			a.submit_apply_to_audit_time incomeTime,
  			a.endaudit_over_time auditEndTime,
  			a.agree_product_name agreeProductName,
			a.agree_amount agreeAmount,
			a.agree_product_limit agreeProductLimit,
			a.service_proportion_type serviceProportion,
			CASE a.is_refuse WHEN 2486 THEN '是' WHEN 2487 THEN '否' END isRefuse,
			case left(a.refuse_code,2) when 'D3' then (select code.refuse_reason from t_audit_code_info code where code.codes = 'D3') when 'D4' then (select code.refuse_reason from t_audit_code_info code where code.codes = 'D4') else a.refuse_value end  as refuseReason,
			a.finance_give_loan_time contractTakeEffectTime,
			a.contract_money contractAmount,
			a.month_repayment_money  monthReturnAmount,
			t.rep_date repayDay,
			CASE  WHEN m.state is not null and m.state in (2683,2684,2685) THEN '是'  ELSE '否' END isSettle,
			a.reconsideration_qty reconsiderationQty,
			(select d.label from t_sys_dict d where d.id=e.visit_type) visitTypeName,
			(SELECT r.create_time from t_apply_reconsider  r where 1=1 and r.apply_id=a.apply_id ORDER BY r.create_time DESC LIMIT 0,1) oneReconsiderationTime,
			(SELECT r.create_time from t_apply_reconsider  r where 1=1 and r.apply_id=a.apply_id ORDER BY r.create_time DESC LIMIT 1,1) towReconsiderationTime,
			a.state	as stateCode,
			clientUser.name as recommender,
			a.loan_money as confirmAmout
		FROM
			t_apply_main_info a
			LEFT JOIN t_apply_bill_info b on a.apply_id=b.id
 			LEFT JOIN t_apply_client_info c on a.client_id=c.id
			left join t_client_user clientUser on c.referee = clientUser.id
			LEFT JOIN t_apply_personal_info p on a.apply_id=p.apply_id
			LEFT JOIN t_credit_business_state s on s.id=a.state
			LEFT JOIN t_xyb_contract t on t.apply_id=a.apply_id
			LEFT JOIN t_org o on a.store_org_id=o.org_id
			LEFT JOIN t_collection_contract_base m on m.contract_id=t.id
			LEFT JOIN (select v.* from t_apply_visit_main_info v inner join (select apply_id , max(id) id from t_apply_visit_main_info group by apply_id) f on v.apply_id = f.apply_id and v.id = f.id order by v.id DESC) e on e.apply_id=a.apply_id
		where  
		    IF(m.contract_id is not NULL,m.max_overdue_period &lt; 5,1=1)
			<if test="custName != null and custName != ''">
				and a.client_real_name=#{custName}
			</if>
			<if test="phone != null and phone != ''">
				and p.phone1=#{phone}
			</if>
			<if test="idCard != null and idCard != ''">
				and c.idcard=#{idCard}
			</if>
			<if test="incomeStartTime != null and incomeEndTime != null">
				and a.submit_apply_to_audit_time <![CDATA[>=]]> #{incomeStartTime}
				and a.submit_apply_to_audit_time <![CDATA[<=]]> #{incomeEndTime}
			</if>
			<if test="auditStartTime != null and auditEndTime != null">
				and a.endaudit_over_time <![CDATA[>=]]> #{auditStartTime}
				and a.endaudit_over_time <![CDATA[<=]]> #{auditEndTime}
			</if>
			<if test="applyProductId != null">
				and a.expect_product_id =#{applyProductId} 
			</if>
		    <if test="list != null">
		   		and a.state in 
		   		<foreach collection="list" item="item" index="index" open="(" separator=","  close=")" >
					#{list[${index}]}
				</foreach>
		    </if>
		    <if test="isLoop != null">
		    	and a.is_loop = #{isLoop}
		    </if>
		    <if test="isSettle != null and isSettle == 2486">
		    	and m.state in (2683,2684,2685)
		    </if>
		    <if test="isSettle != null and isSettle == 2487">
		    	and (m.state = 2851 or m.state is null)
		    </if>
		    <if test="repayMentDay != null">
		    	and t.rep_date = #{repayMentDay}
		    </if>
		    <if test="type != null and type == 'A'.toString()">
		        and a.store_org_id like CONCAT(CONCAT('%', #{dataId}),'%')
		   		and a.service_uid = #{loginId}	
		   </if>
		   <if test="type != null and type == 'B'.toString() ">
		   		and a.team_org_id like CONCAT(CONCAT('%', #{dataId}),'%')
		   </if>
		   <if test="type != null and type == 'C'.toString() ">
		   		and a.store_org_id like CONCAT(CONCAT('%', #{dataId}),'%')
		   </if>
		   <if test="type != null and type == 'D'.toString() ">
		     <choose>
                <when test="orgId != null and orgId != ''">
		    		and a.store_org_id = #{orgId}
                </when>
                <otherwise>
                    and a.store_org_id like CONCAT(CONCAT('%', #{dataId}),'%')
                </otherwise>
             </choose>
		   </if>
		   and <![CDATA[ a.state <> 109 ]]>
		   and IF(a.state=195,1=1,a.submit_apply_to_audit_time is not null)
		   order by a.submit_apply_to_audit_time desc
		</select>
		
		
		
	<select id="listApplyAlreadyExport" parameterType="com.xyb.order.pc.apply.already.model.ApplyAlreadyQueryDTO" resultType="com.xyb.order.pc.apply.already.model.ApplyAlreadyListExportVO">
		SELECT
			a.apply_num applyNum,
			a.client_real_name custName,
			p.phone1 phone,
			o.org_name orgName,
			c.idcard idCard,
			(SELECT o.org_name from t_org o where 1=1 and o.org_id=b.team_org_id) saleTeamName,
			(SELECT u.`name` from t_user u where 1=1 and u.id=b.manager_id) saleUserName,
			(SELECT u.`name` from t_user u where 1=1 and u.id=a.service_uid) serviceName,
  			a.expect_product_name applyProductName,
			CASE a.is_loop WHEN 2486 THEN '是'  WHEN 2487 THEN '否' END isLoopName,
			CASE a.is_sign_check WHEN 2486 THEN '是' WHEN 2487 THEN '否' END isSignCheck,
			s.des stateName,
			a.submit_apply_to_audit_time incomeTime,
  			a.endaudit_over_time auditEndTime,
  			a.agree_product_name agreeProduct,
			a.agree_amount agreeAmount,
			a.agree_product_limit agreeProductLimit,
			a.service_proportion_type serviceProportion,
			CASE a.is_refuse WHEN 2486 THEN '是' WHEN 2487 THEN '否' END isRefuse,
			case left(a.refuse_code,2) when 'D3' then (select code.refuse_reason from t_audit_code_info code where code.codes = 'D3') when 'D4' then (select code.refuse_reason from t_audit_code_info code where code.codes = 'D4') else a.refuse_value end  as refuseReason,
			a.finance_give_loan_time contractTakeEffectTime,
			a.contract_money contractAmount,
			a.month_repayment_money  monthReturnAmount,
			t.rep_date repayDay,
			CASE  WHEN m.state is not null and m.state in (2683,2684,2685) THEN '是'  ELSE '否' END isSettle,
			a.reconsideration_qty reconsiderationQty,
			(SELECT r.create_time from t_apply_reconsider  r where 1=1 and r.apply_id=a.apply_id ORDER BY r.create_time DESC LIMIT 0,1) oneReconsiderationTime,
			(SELECT r.create_time from t_apply_reconsider  r where 1=1 and r.apply_id=a.apply_id ORDER BY r.create_time DESC LIMIT 1,1) towReconsiderationTime,
			a.state	as stateCode,
			clientUser.name as recommender,
			a.loan_money as confirmAmout
		FROM
			t_apply_main_info a
			LEFT JOIN t_apply_bill_info b on a.apply_id=b.id
 			LEFT JOIN t_apply_client_info c on a.client_id=c.id
			left join t_client_user clientUser on c.referee = clientUser.id
			LEFT JOIN t_apply_personal_info p on a.apply_id=p.apply_id
			LEFT JOIN t_credit_business_state s on s.id=a.state
			LEFT JOIN t_xyb_contract t on t.apply_id=a.apply_id
			LEFT JOIN t_org o on a.store_org_id=o.org_id
			LEFT JOIN t_collection_contract_base m on m.contract_id=t.id
		where 
			IF(m.contract_id is not NULL,m.max_overdue_period &lt; 5,1=1)
			<if test="custName != null and custName != ''">
				and a.client_real_name=#{custName}
			</if>
			<if test="phone != null and phone != ''">
				and p.phone1=#{phone}
			</if>
			<if test="idCard != null and idCard != ''">
				and c.idcard=#{idCard}
			</if>
			<if test="incomeStartTime != null and incomeEndTime != null">
				and a.submit_apply_to_audit_time <![CDATA[>=]]> #{incomeStartTime}
				and a.submit_apply_to_audit_time <![CDATA[<=]]> #{incomeEndTime}
			</if>
			<if test="auditStartTime != null and auditEndTime != null">
				and a.endaudit_over_time <![CDATA[>=]]> #{auditStartTime}
				and a.endaudit_over_time <![CDATA[<=]]> #{auditEndTime}
			</if>
			<if test="applyProductId != null">
				and a.expect_product_id =#{applyProductId} 
			</if>
		    <if test="list != null">
		   		and a.state in 
		   		<foreach collection="list" item="item" index="index" open="(" separator=","  close=")" >
					#{list[${index}]}
				</foreach>
		    </if>
		    <if test="isLoop != null">
		    	and a.is_loop = #{isLoop}
		    </if>
		    <if test="isSettle != null and isSettle == 2486">
		    	and m.state in (2683,2684,2685)
		    </if>
		    <if test="isSettle != null and isSettle == 2487">
		    	and (m.state = 2851 or m.state is null)
		    </if>
		    <if test="repayMentDay != null">
		    	and t.rep_date = #{repayMentDay}
		    </if>
		    <if test="type != null and type == 'A'.toString()">
		        and a.store_org_id like CONCAT(CONCAT('%', #{dataId}),'%')
		   		and a.service_uid = #{loginId}	
		   </if>
		   <if test="type != null and type == 'B'.toString() ">
		   		and a.team_org_id like CONCAT(CONCAT('%', #{dataId}),'%')
		   </if>
		   <if test="type != null and type == 'C'.toString() ">
		   		and a.store_org_id like CONCAT(CONCAT('%', #{dataId}),'%')
		   </if>
		   <if test="type != null and type == 'D'.toString() ">
		    <choose>
                <when test="orgId != null and orgId != ''">
		    		and a.store_org_id = #{orgId}
                </when>
                <otherwise>
                    and a.store_org_id like CONCAT(CONCAT('%', #{dataId}),'%')
                </otherwise>
            </choose>
		   </if>
		   and <![CDATA[ a.state <> 109 ]]>
		   and IF(a.state=195,1=1,a.submit_apply_to_audit_time is not null)
		   order by a.submit_apply_to_audit_time desc
		</select>
		
		<select id="getApplyAlreadyReconsiderOneInfoVO" resultType="com.xyb.order.pc.apply.already.model.ApplyAlreadyReconsiderOneInfoVO" parameterType="java.lang.Long">
			SELECT
				(SELECT u.`name` from t_user u where u.id=t.apply_uid) as applyName,
				t.apply_time as applyTime,
  				t.reconsider_target_name as reconsiderTarget,
  				t.reconsider_remark as reconsiderRemark
			FROM
				t_apply_reconsider t
			WHERE
				t.apply_id = #{applyId}
			ORDER BY
				t.create_time ASC
				LIMIT 0,
 				1
		</select>
		
		<select id="getApplyAlreadyReconsiderTwoInfoVO" resultType="com.xyb.order.pc.apply.already.model.ApplyAlreadyReconsiderTwoInfoVO" parameterType="java.lang.Long">
			SELECT
				(SELECT u.`name` from t_user u where u.id=t.apply_uid) as applyName,
				t.apply_time as applyTime,
  				t.reconsider_target_name as reconsiderTarget,
  				t.reconsider_remark as reconsiderRemark
			FROM
				t_apply_reconsider t
			WHERE
				t.apply_id = #{applyId}
			ORDER BY
				t.create_time ASC
				LIMIT 1,
 				1
		</select>
		
		<select id="getApplyAlreadyReconsiderAuditOneInfoVO" resultType="com.xyb.order.pc.apply.already.model.ApplyAlreadyReconsiderAuditOneInfoVO" parameterType="java.lang.Long">
			SELECT
				t.create_time as reconsiderTime,
				(SELECT s.label from t_sys_dict s where s.id=t.reconsider_handle) as reconsiderResult,
  				t.reconside_idear as reconsideIdear
			FROM
				t_audit_reconsider t
			WHERE
				t.apply_id = #{applyId}
			ORDER BY
				t.create_time ASC
				LIMIT 0,
 				1;
		</select>
		
		<select id="getApplyAlreadyReconsiderAuditTwoInfoVO" resultType="com.xyb.order.pc.apply.already.model.ApplyAlreadyReconsiderAuditTwoInfoVO" parameterType="java.lang.Long">
			SELECT
				t.create_time as reconsiderTime,
				(SELECT s.label from t_sys_dict s where s.id=t.reconsider_handle) as reconsiderResult,
  				t.reconside_idear as reconsideIdear
			FROM
				t_audit_reconsider t
			WHERE
				t.apply_id = #{applyId}
			ORDER BY
				t.create_time ASC
				LIMIT 1,
 				1;
		</select>
</mapper>   