<?xml version="1.0" encoding="UTF-8"?>
<!DOCTYPE mapper PUBLIC "-//mybatis.org//DTD Mapper 3.0//EN" "http://mybatis.org/dtd/mybatis-3-mapper.dtd">
<mapper namespace="com.xyb.order.pc.task.dao.TaskScheduledDao">

    <!--批量添加客服业务数据数据-->
    <insert id="addReportBusinessStatisticsByCusService">
        insert into t_report_business_statistics_by_cus_service (product_id, area_id, store_id, cus_service_id, report_date, allot_consult_qty, sumit_apply_qty, wait_sign_contract_qty, not_pass_audit_qty, first_audit_wait_material_qty, reconsider_wait_material_qty, wait_indeed_credit_qty, wait_asset_investigation_qty, wait_indend_asset_qty, create_time, create_user)
        values
        <foreach collection="list" item="item" separator=",">
            (#{item.productId}, #{item.areaId}, #{item.storeId}, #{item.cusServiceId}, #{item.reportDate}, #{item.allotConsultQty}, #{item.sumitApplyQty}, #{item.waitSignContractQty}, #{item.notPassAuditQty}, #{item.firstAuditWaitMaterialQty}, #{item.reconsiderWaitMaterialQty}, #{item.waitIndeedCreditQty}, #{item.waitAssetInvestigationQty}, #{item.waitIndendAssetQty}, #{item.createTime}, #{item.createUser})
        </foreach>
    </insert>

    <!--查询需要补充材料冻结的申请单-->
    <select id="queryMaterialSupplement" resultType="java.lang.Long" parameterType="java.lang.Long">
        SELECT
          main.id AS mainId
        FROM t_apply_main_info main LEFT JOIN t_audit_material_info audit ON main.apply_id = audit.apply_id
        WHERE 1 = 1
              AND main.STATE = 111
              AND TIMESTAMPDIFF(DAY, audit.create_time,NOW()) &gt; #{timeLag}
        group by main.id
    </select>

    <!--根据产品、区域、营业部、客服人员四个维度查询所有可组合的有效数据-->
    <select id="queryValidMailInfo" resultType="com.xyb.order.pc.reportform.model.ReportBusinessStatisticsByCusServiceDO">
        select
          m.productId           as productId,
          m.branchDistrictOrgId as areaId,
          m.storeOrgId          as storeId,
          m.serviceUid          as cusServiceId
        from
          (
            select
              main.expect_product_id      as productId,
              main.branch_district_org_id as branchDistrictOrgId,
              main.store_org_id           as storeOrgId,
              main.service_uid            as serviceUid,
              concat(main.expect_product_id, main.branch_district_org_id, main.store_org_id,
                     main.service_uid)    as duplicateRemoval,
              u.create_time               as createTime
            from t_apply_main_info main
              left join t_org branchDistrictOrg on main.branch_district_org_id = branchDistrictOrg.org_id
              left join t_org storeOrg on storeOrg.org_id = main.store_org_id
              left join t_xyb_product product on main.expect_product_id = product.id
              left join t_org_config config on storeOrg.org_id = config.org_id and config.config_item = 2483
              left join t_user u on main.service_uid = u.id
              left join t_user_post up on u.id = up.user_id
              left join t_post p on up.post_id = p.id
            where main.service_uid is not null
            and main.store_org_id is not null
            and main.branch_district_org_id is not null
            and main.expect_product_id is not null
            <if test="switchState != null">
                and config.switch_state = #{switchState}
            </if>

            <if test="state != null">
                and storeOrg.del_flag = #{state}
            </if>

            <if test="state != null">
                and branchDistrictOrg.del_flag = #{state}
            </if>

            <if test="state != null">
                and product.is_valid = #{state}
            </if>

            <if test="state != null">
                and u.state = #{state}
            </if>

            <if test="postCode != null">
                and p.post_code = #{postCode}
            </if>
          ) m
        group by m.duplicateRemoval
        order by m.createTime desc
    </select>

    <!--查询客服业务数据数据-->
    <select id="queryReportBusinessStatisticsByCusServiceDO" resultType="com.xyb.order.pc.reportform.model.ReportBusinessStatisticsByCusServiceDO">
        select
        (select count(1)
        from t_apply_main_info
        where expect_product_id = #{productId}
        and branch_district_org_id = #{areaId}
        and store_org_id = #{storeId}
        and service_uid = #{cusServiceId}
        and state in
        <foreach item="item" index="index" collection="numberConsultationsAllocated" open="(" close=")" separator=",">
            #{item}
        </foreach>
        )                                       as allotConsultQty,
        (select count(1)
        from t_apply_main_info
        where expect_product_id = #{productId}
        and branch_district_org_id = #{areaId}
        and store_org_id = #{storeId}
        and service_uid = #{cusServiceId}
        and ((state = 109 and previous = 111) or state in
        <foreach item="item" index="index" collection="numberApplicationsSubmitted" open="(" close=")" separator=",">
            #{item}
        </foreach>
        )
        ) as sumitApplyQty,
        (select count(1)
        from t_apply_main_info
        where expect_product_id = #{productId}
        and branch_district_org_id = #{areaId}
        and store_org_id = #{storeId}
        and service_uid = #{cusServiceId}
        and state in
        <foreach item="item" index="index" collection="contractSigned" open="(" close=")" separator=",">
            #{item}
        </foreach>
        )                                       as waitSignContractQty,
        (select count(1)
        from t_apply_main_info
        where expect_product_id = #{productId}
        and branch_district_org_id = #{areaId}
        and store_org_id = #{storeId}
        and service_uid = #{cusServiceId}
        and state in
        <foreach item="item" index="index" collection="numberAuditsFailed" open="(" close=")" separator=",">
            #{item}
        </foreach>
        )                                       as notPassAuditQty,
        (select count(1)
        from t_apply_main_info
        where expect_product_id = #{productId}
        and branch_district_org_id = #{areaId}
        and store_org_id = #{storeId}
        and service_uid = #{cusServiceId}
        and previous = 210
        and state in
        <foreach item="item" index="index" collection="materialSupplement" open="(" close=")" separator=",">
            #{item}
        </foreach>
        )                    as firstAuditWaitMaterialQty,
        (select count(1)
        from t_apply_main_info
        where expect_product_id = #{productId}
        and branch_district_org_id = #{areaId}
        and store_org_id = #{storeId}
        and service_uid = #{cusServiceId}
        and previous = 250
        and state in
        <foreach item="item" index="index" collection="materialSupplement" open="(" close=")" separator=",">
            #{item}
        </foreach>
        )                    as reconsiderWaitMaterialQty,
        (select count(1)
        from t_apply_main_info main left join t_apply_visit_main_info visit on main.apply_id = visit.apply_id
        where main.expect_product_id = #{productId}
        and main.branch_district_org_id = #{areaId}
        and main.store_org_id = #{storeId}
        and main.service_uid = #{cusServiceId}
        and visit.visit_type = 2523
        and main.state in
        <foreach item="item" index="index" collection="outsideVisit" open="(" close=")" separator=",">
            #{item}
        </foreach>
        )                           as waitIndeedCreditQty,
        (select count(1)
        from t_apply_main_info main left join t_apply_visit_main_info visit on main.apply_id = visit.apply_id
        where main.expect_product_id = #{productId}
        and main.branch_district_org_id = #{areaId}
        and main.store_org_id = #{storeId}
        and main.service_uid = #{cusServiceId}
        and visit.visit_type = 2611
        and main.state in
        <foreach item="item" index="index" collection="outsideVisit" open="(" close=")" separator=",">
            #{item}
        </foreach>
        )                           as waitAssetInvestigationQty,
        (select count(1)
        from t_apply_main_info main left join t_apply_visit_main_info visit on main.apply_id = visit.apply_id
        where main.expect_product_id = #{productId}
        and main.branch_district_org_id = #{areaId}
        and main.store_org_id = #{storeId}
        and main.service_uid = #{cusServiceId}
        and visit.visit_type = 2522
        and main.state in
        <foreach item="item" index="index" collection="outsideVisit" open="(" close=")" separator=",">
            #{item}
        </foreach>
        )                           as waitIndendAssetQty;
    </select>
</mapper>