<?xml version="1.0" encoding="UTF-8"?>
<!DOCTYPE mapper PUBLIC "-//mybatis.org//DTD Mapper 3.0//EN" "http://mybatis.org/dtd/mybatis-3-mapper.dtd">
<mapper namespace="com.xyb.order.common.message.dao.MessageDao">
    <!-- 查找短信模板 -->
    <select id="getMessageTemplateByType" parameterType="map" resultType="com.xyb.order.common.message.model.MessageTemplateDO">
        SELECT
        id AS id,
        message_type_id AS messageTypeId,
        type AS type,
        `value` AS value,
        remark AS remark
        FROM t_message_template
        WHERE 1 = 1
        <if test="type != null and type != ''">
            AND type = #{type}
        </if>
        <if test="messageTypeId != null">
            AND message_type_id = #{messageTypeId}
        </if>
        <if test="id != null">
            AND id = #{id}
        </if>
    </select>

    <!-- 查询有效运营商 -->
    <select id="getMessageChannelIsvalid" parameterType="map"
            resultType="com.xyb.order.common.message.model.MessageChannelDO">
        SELECT
        id AS id,
        des AS des,
        channelKey AS channelKey,
        channelPassword AS channelPassword,
        channelAddress AS channelAddress,
        state AS state
        FROM t_message_channel
        WHERE 1 = 1
        <if test="state != null and state != ''">
            AND state = #{state}
        </if>
        <if test="messageChannelid != null">
            AND id = #{messageChannelid}
        </if>
        ORDER BY sort ASC
        LIMIT 1
    </select>

    <!-- 保存短信验证码 -->
    <insert id="addMessageCode" parameterType="com.xyb.order.common.message.model.MessageCodeDTO">
        INSERT INTO t_message_code (phone, code, type, state, create_uid, create_date, update_uid, update_date)
        VALUES (#{phone}, #{code}, #{type}, #{state}, #{operationUser}, NOW(), #{operationUser}, NOW());
    </insert>

    <!-- 查询短信验证码 -->
    <select id="getMessageCode" parameterType="map" resultType="com.xyb.order.common.message.model.MessageCodeDO">
        SELECT
        mc.id id,
        mc.phone phone,
        mc.code code,
        mc.type type,
        mc.state state,
        mc.create_uid createUid,
        mc.create_date createDate,
        mc.update_uid createUid,
        mc.update_date createDate
        FROM
        t_message_code mc
        WHERE 1 = 1
        <if test="phone != null and phone != ''">
            AND mc.phone = #{phone}
        </if>
        <if test="code != null and code != ''">
            AND mc.CODE = #{code}
        </if>
        <if test="state != null and state != ''">
            AND mc.state = #{state}
        </if>
        <![CDATA[ AND NOW() >= mc.create_date ]]>
        <if test="time != null">
            <![CDATA[ AND NOW() <= ADDDATE( mc.create_date, INTERVAL #{time} MINUTE) ]]>
        </if>
        <if test="create != null and create != ''">
            AND mc.create_date like CONCAT(#{create}, '%')
        </if>
        order by create_date desc limit 1
    </select>

    <select id="queryMessageCount" resultType="java.lang.Integer" parameterType="map">
        SELECT count(1)
        FROM t_send_message_log
        WHERE 1 = 1
        <if test="messageTypeId != null">
            AND message_type_id = #{messageTypeId}
        </if>
        <if test="phone != null and phone != ''">
            AND phone = #{phone}
        </if>
        <if test="create != null and create != ''">
            AND create_date LIKE CONCAT(#{create}, '%')
        </if>
    </select>

    <!-- 修改短信验证码状态为失效 -->
    <update id="updateMessageCodeToInvalid" parameterType="map">
        UPDATE t_message_code
        SET update_date = NOW()
        <if test="loginId != null and loginId != ''">
            ,update_uid = #{loginId}
        </if>
        ,state = #{state}
        WHERE
        phone = #{phone}
        AND `code` = #{code}
    </update>

    <!-- 保存短信发送记录 -->
    <insert id="addSendMessageLog" parameterType="com.xyb.order.common.message.model.SendMessageLogDTO">
        INSERT INTO t_send_message_log (phone, return_value, return_code, return_time, message_channel, message_type_id, message_template_id, business_id, value_count, create_date, create_uid, update_date, update_uid)
        VALUES (#{phone}, #{returnValue}, #{returnCode}, now(), #{messageChannel}, #{messageTypeId}, #{messageTemplateId},#{businessId}, #{valueCount}, now(), #{operationUser}, now(), #{operationUser});
    </insert>


    <!--查询APP消息推送明细表信息-->
    <select id="queryAppNoticeDetailsList" resultType="com.xyb.order.common.message.model.AppNoticeDetailsDO">
        select
        id as id,
        main_id as mainId,
        user_id as userId,
        name as name,
        phone as phone,
        title as title,
        content as content,
        url as url,
        device_token as deviceToken,
        state as state,
        create_user as createUser,
        create_time as createTime,
        modify_user as modifyUser,
        modify_time as modifyTime
        from t_app_notice_details
        where 1 = 1
        <if test="id != null">
            and id = #{id}
        </if>
        <if test="mainId != null">
            and main_id = #{mainId}
        </if>
        <if test="userId != null">
            and user_id = #{userId}
        </if>
        <if test="name != null">
            and name = #{name}
        </if>
        <if test="phone != null">
            and phone = #{phone}
        </if>
        <if test="state != null">
            and state = #{state}
        </if>
        order by create_time desc
    </select>

    <!--添加APP消息推送明细表信息-->
    <insert id="insertAppNoticeDetails">
        insert into t_app_notice_details (main_id, user_id, name, phone, device_token, state, create_time, create_user, modify_time, modify_user,title,content,url)
        values
        <foreach collection="list" item="item" index="index" separator=",">
            (#{item.mainId},#{item.userId},#{item.name},#{item.phone},#{item.deviceToken},#{item.state},now(),#{item.createUser},now(),#{item.modifyUser},#{item.title},#{item.content},#{item.url})
        </foreach>
    </insert>

    <!--修改APP消息推送明细表信息-->
    <update id="updateAppNoticeDetails">
        update t_app_notice_details
        <trim prefix="set" suffixOverrides=",">
            modify_time = now(),
            <if test="mainId != null">
                main_id = #{mainId},
            </if>
            <if test="userId != null">
                user_id = #{userId},
            </if>
            <if test="name != null">
                name = #{name},
            </if>
            <if test="phone != null">
                phone = #{phone},
            </if>
            <if test="deviceToken != null">
                device_token = #{deviceToken},
            </if>
            <if test="state != null">
                state = #{state},
            </if>
            <if test="modifyUser != null">
                modify_user = #{modifyUser},
            </if>
            <if test="title != null">
                title = #{title},
            </if>
            <if test="content != null">
                content = #{content},
            </if>
            <if test="url != null">
                url = #{url},
            </if>
        </trim>
        where id = #{id}
    </update>

    <!--查询APP消息模板信息-->
    <select id="getAppNoticeTemplateDO" resultType="com.xyb.order.common.message.model.AppNoticeTemplateDO">
        select
            id                as id,
            type              as type,
            title             as title,
            content           as content,
            url               as url,
            app_type          as appType,
            equipment_type    as equipmentType,
            release_time      as releaseTime,
            is_timing         as isTiming,
            create_time       as createTime,
            create_user       as createUser,
            modify_time       as modifyTime,
            modify_user       as modifyUser,
            state             as state,
            ios_task_id       as iosTaskId,
            android_task_id   as androidTaskId,
            message_file_path as messageFilePath,
            message_file_name as messageFileName
        from t_app_notice_template
        where 1 = 1
        <if test="id != null">
            and id = #{id}
        </if>
        <if test="type != null">
            and type = #{type}
        </if>
        <if test="appType != null">
            and app_type = #{appType}
        </if>
        <if test="equipmentType != null">
            and equipment_type = #{equipmentType}
        </if>
        <if test="isTiming != null">
            and is_timing = #{isTiming}
        </if>
        <if test="releaseTime != null">
            and release_time like concat(#{releaseTime},'%')
        </if>
    </select>

    <!--添加APP消息模板信息-->
    <insert id="insertAppNoticeTemplate" useGeneratedKeys="true" keyProperty="id">
        insert into t_app_notice_template
        <trim prefix="(" suffix=")" suffixOverrides=",">
            create_time,modify_time,
            <if test="type != null">
                type,
            </if>
            <if test="title != null">
                title,
            </if>
            <if test="content != null">
                content,
            </if>
            <if test="url != null">
                url,
            </if>
            <if test="appType != null">
                app_type,
            </if>
            <if test="equipmentType != null">
                equipment_type,
            </if>
            <if test="releaseTime != null">
                release_time,
            </if>
            <if test="isTiming != null">
                is_timing,
            </if>
            <if test="createUser != null">
                create_user,
            </if>
            <if test="modifyUser != null">
                modify_user,
            </if>
            <if test="state != null">
                state,
            </if>
            <if test="iosTaskId != null">
                ios_task_id,
            </if>
            <if test="androidTaskId != null">
                android_task_id,
            </if>
            <if test="messageFilePath != null">
                message_file_path,
            </if>
            <if test="messageFileName != null">
                message_file_name,
            </if>
        </trim>
        <trim prefix="values (" suffix=")" suffixOverrides=",">
            now(),now(),
            <if test="type != null">
                #{type},
            </if>
            <if test="title != null">
                #{title},
            </if>
            <if test="content != null">
                #{content},
            </if>
            <if test="url != null">
                #{url},
            </if>
            <if test="appType != null">
                #{appType},
            </if>
            <if test="equipmentType != null">
                #{equipmentType},
            </if>
            <if test="releaseTime != null">
                #{releaseTime},
            </if>
            <if test="isTiming != null">
                #{isTiming},
            </if>
            <if test="createUser != null">
                #{createUser},
            </if>
            <if test="modifyUser != null">
                #{modifyUser},
            </if>
            <if test="state != null">
                #{state},
            </if>
            <if test="iosTaskId != null">
                #{iosTaskId},
            </if>
            <if test="androidTaskId != null">
                #{androidTaskId},
            </if>
            <if test="messageFilePath != null">
                #{messageFilePath},
            </if>
            <if test="messageFileName != null">
                #{messageFileName},
            </if>
        </trim>
    </insert>

    <!--测试发送验证码-->
    <insert id="test">
      insert into t_message_code(phone, code, type, state, create_uid, create_date, update_uid, update_date) values (#{phone},#{code},1,0,0,now(),0,now());
    </insert>

    <!--修改APP消息模板信息-->
    <update id="updateAppNoticeTemplate">
        update t_app_notice_template
        <trim prefix="set" suffixOverrides=",">
            modify_time = now(),
            <if test="type != null">
                type = #{type},
            </if>
            <if test="title != null">
                title = #{title},
            </if>
            <if test="content != null">
                content = #{content},
            </if>
            <if test="url != null">
                url = #{url},
            </if>
            <if test="appType != null">
                app_type = #{appType},
            </if>
            <if test="equipmentType != null">
                equipment_type = #{equipmentType},
            </if>
            <if test="releaseTime != null">
                release_time = #{releaseTime},
            </if>
            <if test="isTiming != null">
                is_timing = #{isTiming},
            </if>
            <if test="modifyUser != null">
                modify_user = #{modifyUser},
            </if>
            <if test="state != null">
                state = #{state},
            </if>
            <if test="iosTaskId != null">
                ios_task_id = #{iosTaskId},
            </if>
            <if test="androidTaskId != null">
                android_task_id = #{androidTaskId},
            </if>
            <if test="messageFilePath != null">
                message_file_path = #{messageFilePath},
            </if>
            <if test="messageFileName != null">
                message_file_name = #{messageFileName},
            </if>
        </trim>
        where id = #{id}
    </update>

    <!--查询pc消息列表-->
    <select id="queryNoticeListPage" resultType="com.xyb.order.common.message.model.NoticeListVO">
        select
        template.release_time   as releaseTime,
        title                   as title,
        content                 as content,
        url                     as url,
        typeDict.label          as type,
        equipmentTypeDict.label as equipmentType,
        template.create_time    as createTime,
        u.name                  as createName,
        stateDict.label         as state,
        timingDict.label        as isTiming,
        template.id             as templateId
        from t_app_notice_template template
        left join t_sys_dict typeDict on template.type = typeDict.id
        left join t_sys_dict equipmentTypeDict on template.equipment_type = equipmentTypeDict.id
        left join t_user u on u.id = template.create_user
        left join t_sys_dict stateDict on stateDict.id = template.state
        left join t_sys_dict timingDict on timingDict.id = template.is_timing
        where 1 = 1
        and template.state is not null
        <if test="title != null">
            and template.title like concat('%', #{title}, '%')
        </if>
        <if test="type != null">
            and template.type = #{type}
        </if>
        <if test="createDateStr != null">
            and template.create_time &gt;= #{createDateStr}
        </if>
        <if test="createDateEnd != null">
            and template.create_time &lt;= #{createDateEnd}
        </if>
        <if test="isTiming != null">
            and template.is_timing = #{isTiming}
        </if>
        <if test="appType != null">
            and template.app_type = #{appType}
        </if>
        order by template.create_time desc
    </select>

    <!--获取B端用户信息-->
    <select id="getUser" resultType="com.xyb.order.common.message.model.UserDTO">
        select
          id           as id,
          name         as name,
          mobile       as phone,
          device_token as deviceToken
        from t_user
        where state = 2484 and mobile = #{phone}
    </select>

    <!--获取C端用户信息-->
    <select id="getClientUser" resultType="com.xyb.order.common.message.model.UserDTO">
        select
          id           as id,
          name         as name,
          login_name   as phone,
          device_token as deviceToken
        from t_client_user
        where state = 2486 and login_name = #{phone}
    </select>

    <!--获取B端用户信息-->
    <select id="getUserList" resultType="com.xyb.order.common.message.model.UserDTO">
        select
        id           as id,
        name         as name,
        mobile       as phone,
        device_token as deviceToken
        from t_user
        where state = 2484 and mobile IN
        <foreach collection="list" index="index" item="item" open="(" separator="," close=")">
            #{list[${index}]}
        </foreach>
    </select>

    <!--获取C端用户信息-->
    <select id="getClientUserList" resultType="com.xyb.order.common.message.model.UserDTO">
        select
        id           as id,
        name         as name,
        login_name   as phone,
        device_token as deviceToken
        from t_client_user
        where state = 2486 and login_name IN
        <foreach collection="list" index="index" item="item" open="(" separator="," close=")">
            #{list[${index}]}
        </foreach>
    </select>


    <!--查询最新一条公告-->
    <select id="getLastAppNoticeVO" resultType="com.xyb.order.common.message.model.AppMessageVO">
        select
          title                             as title,
          DATE_FORMAT(create_time,'%Y-%m-%d %T') as createDate
        from t_app_notice_template
        where type = 3082
              and state = 2484
              and app_type = #{appType}
        order by create_time desc
        limit 1
    </select>

    <!--查询公告总条数-->
    <select id="getAppNoticeCount" resultType="java.lang.Integer">
        select count(1)
        from t_app_notice_template
        where type = 3082
              and state = 2484
              and app_type = #{appType}
    </select>

    <!--查询公告列表-->
    <select id="getAppNoticeList" resultType="com.xyb.order.common.message.model.AppMessageListVO">
        select
          title                             as title,
          content                           as content,
          url                               as url,
          DATE_FORMAT(create_time,'%Y-%m-%d %T') as createDate
        from t_app_notice_template
        where type = 3082
              and state = 2484
              and app_type = #{appType}
        order by create_time desc
        limit #{pageNum},10
    </select>

    <!--查询最新一条消息-->
    <select id="getLastAppMessageVO" resultType="com.xyb.order.common.message.model.AppMessageVO">
        select
          title       as title,
           DATE_FORMAT(create_time,'%Y-%m-%d %T') as createDate
        from t_app_notice_details
        where user_id = #{userId}
        order by create_time desc
        limit 1
    </select>

    <!--查询消息总条数-->
    <select id="getAppMessageCount" resultType="java.lang.Integer">
        select count(1)
        from t_app_notice_details
        where user_id = #{userId}
    </select>

    <!--查询消息列表-->
    <select id="getAppMessageList" resultType="com.xyb.order.common.message.model.AppMessageListVO">
        select
          title       as title,
          content     as content,
          url         as url,
          DATE_FORMAT(create_time,'%Y-%m-%d %T') as createDate
        from t_app_notice_details
        where user_id = #{userId}
        order by create_time desc
        limit #{pageNum},10
    </select>

    <!--获取B端用户信息数量-->
    <select id="getUserCount" resultType="java.lang.Integer">
        select count(1)
        from t_user
        where state = 2484 and mobile IN
        <foreach collection="list" index="index" item="item" open="(" separator="," close=")">
            #{list[${index}]}
        </foreach>
    </select>

    <!--获取C端用户信息数量-->
    <select id="getClientUserCount" resultType="java.lang.Integer">
        select count(1)
        from t_client_user
        where state = 2486 and login_name IN
        <foreach collection="list" index="index" item="item" open="(" separator="," close=")">
            #{list[${index}]}
        </foreach>
    </select>
</mapper>