<?xml version="1.0" encoding="UTF-8"?>
<!DOCTYPE mapper PUBLIC "-//mybatis.org//DTD Mapper 3.0//EN" "http://mybatis.org/dtd/mybatis-3-mapper.dtd">
<mapper namespace="com.xyb.order.pc.consultation.dao.ConsultationDao">

    <select id="listConsultationPage" resultType="com.xyb.order.pc.consultation.model.ConsultationDO" parameterType="com.xyb.order.pc.consultation.model.ConsultationDTO">
        SELECT
            main.id                                        AS mainId,
            main.apply_id                                  AS applyId,
            main.apply_num                                 AS applyNum,
            main.client_real_name                          AS clientName,
            main.client_idcard                             AS clientIdCard,
            per.phone1                                     AS clientTell,
            main.expect_product_name                       AS productName,
            org.org_name                                   AS orgTeam,
            main.manager_uname                             AS managerName,
            main.service_uname                             AS serviceName,
            main.service_uid                               AS serviceUid,
            if(main.service_uid IS NOT NULL, '已分配', '未分配') AS isAllot,
            dict.label                                     AS isApprovalPassed,
            clientUser.name                                as recommender
        FROM t_apply_main_info main LEFT JOIN t_apply_bill_info bill ON main.apply_id = bill.id
        LEFT JOIN t_apply_personal_info per ON per.apply_id = main.apply_id
        LEFT JOIN t_org org ON org.org_id = main.team_org_id
        LEFT JOIN t_sys_dict dict ON main.is_approval_passed = dict.id
        left join t_apply_client_info client on main.client_id = client.id
        left join t_client_user clientUser on clientUser.id = client.referee
        WHERE 1 = 1
        <if test="clientName != null and clientName != ''">
            AND main.client_real_name = #{clientName}
        </if>
        <if test="clientTell != null and clientTell != ''">
            AND per.phone1  = #{clientTell}
        </if>
        <if test="clientIdCard != null and clientIdCard != ''">
            AND main.client_idcard = #{clientIdCard}
        </if>
        <if test="isAllot != null and isAllot == 1886">
            AND main.service_uid IS NOT NULL
        </if>
        <if test="isAllot != null and isAllot == 1885">
            AND main.service_uid IS NULL
        </if>
        <if test="orgId != null">
            AND (main.store_org_id LIKE CONCAT(#{orgId}, '%') OR main.store_org_id = #{orgId})
        </if>
        <if test="serviceUid != null">
            AND main.service_uid = #{serviceUid}
        </if>
        <if test="list != null">
            AND main.state IN
            <foreach collection="list" index="index" item="item" open="(" separator="," close=")">
                #{list[${index}]}
            </foreach>
        </if>
        ORDER BY submit_consult_time DESC
    </select>

    <select id="consultationInFo" resultType="com.xyb.order.pc.consultation.model.ConsultationInFoDO" parameterType="map">
        SELECT
          main.expect_product_name                        AS product,
          main.expect_money                               AS expectMoney,
          main.client_real_name                           AS name,
          main.client_idcard                              AS idCard,
          per.phone1                                      AS tell,
          per.now_all_address                             AS hometownAddress,
          job.comp_name                                   AS workName,
          job.comp_tell                                   AS workPhone,
          job.comp_tell_area                              AS workPhoneAreaCode,
          job.comp_all_address                                 AS workAddress,
          family.name                                     AS familyContactName,
          family.phone1                                   AS familyContactPhone,
          (SELECT d.label
           FROM t_sys_dict d
           WHERE d.id = family.relation)              AS familyContactRelationship,
          w.name                                       AS workCertificateName,
          w.phone1                                     AS workCertificatePhone,
          (SELECT d.label
           FROM t_sys_dict d
           WHERE d.id = w.relation)                AS workCertificateRelationship,
          qulik.name                                      AS emergencyContactName,
          qulik.phone1                                    AS emergencyContactPhone,
          (SELECT d.label
           FROM t_sys_dict d
           WHERE d.id = qulik.relation)               AS emergencyContactRelationship,
          (SELECT o.org_name
           FROM t_org o
           WHERE o.org_id = main.store_org_id)            AS area,
          (SELECT o.org_name
           FROM t_org o
           WHERE o.org_id = main.team_org_id)             AS dept,
          main.team_manager_uname                         AS teamManager,
          main.manager_uname                              AS manager
        FROM t_apply_main_info main
          LEFT JOIN t_apply_bill_info bill ON main.apply_id = bill.id
          LEFT JOIN t_apply_client_info client ON main.client_id = client.id
          LEFT JOIN t_apply_personal_info per ON main.apply_id = per.apply_id
          LEFT JOIN t_apply_job_info job ON main.apply_id = job.apply_id,
          (SELECT *
           FROM t_apply_linkman_info
           WHERE contact_type = #{familyCode} and apply_id = #{applyId}
           ORDER BY create_time ASC
           LIMIT 1) family,
          (SELECT *
           FROM t_apply_linkman_info
           WHERE contact_type = #{workCode} and apply_id = #{applyId}
           ORDER BY create_time ASC
           LIMIT 1) w,
          (SELECT *
           FROM t_apply_linkman_info
           WHERE contact_type = #{quickCode} and apply_id = #{applyId}
           ORDER BY create_time ASC
           LIMIT 1) qulik
        WHERE main.apply_num = #{applyNum}
    </select>

    <select id="getOrgLevel" parameterType="java.lang.Long" resultType="java.lang.Long">
        SELECT org_type AS orgType from t_org WHERE org_id = #{orgId}
    </select>

    <select id="queryOrgSwitchCount" resultType="java.lang.Integer">
        SELECT count(1) FROM t_org_config WHERE config_item = #{configItem} AND org_id = #{orgId};
    </select>
    <select id="getOrgSwitch" resultType="java.lang.Long">
        select switch_state as state
        from t_org_config
        where org_id = #{orgId}
              and config_item = #{configItem}
    </select>
    <select id="getService" resultType="java.util.Map">
        select
          count(1)  as count,
          user.name as name,
          user.id   as id
        from t_user user left join t_user_post userPost on user.id = userPost.user_id
          left join t_post post on post.id = userPost.post_id
          left join t_apply_main_info main on main.service_uid = user.id and main.state = 105
        where user.state = 2484 and del_flag = 2484 and post.post_code = 2720 and user.org_id = #{orgId}
        group by user.id
        order by count asc
        limit 1
    </select>
    <select id="getServiceManager" resultType="java.util.Map">
        select
          user.id   as id,
          user.name as name
        from t_user user left join t_user_post up on user.id = up.user_id
          left join t_post post on up.post_id = post.id
        where post.post_code = 2723 and user.org_id = (select ser.org_id from t_user ser where ser.id = #{serviceUid})
              and user.state = 2484
    </select>

    <insert id="insertOrgSortingSwitch" parameterType="map">
        INSERT INTO t_org_config (org_id, org_name, config_item, switch_state, create_user, create_time, modify_user, modify_time)
        VALUES (#{orgId}, (SELECT o.org_name FROM t_org o WHERE o.org_id = #{orgId}), #{configItem}, #{state}, #{userId}, now(), #{userId}, now());
    </insert>

    <update id="updateOrgSortingSwitch" parameterType="map">
        UPDATE t_org_config
        SET switch_state = #{state}, modify_user = #{userId}, modify_time = now()
        WHERE config_item = #{configItem} AND org_id = #{orgId};
    </update>

    <update id="updateConsultService" parameterType="com.xyb.order.pc.consultation.model.ServiceUpdateDTO">
        UPDATE t_apply_main_info main LEFT JOIN t_apply_bill_info bill ON main.apply_id = bill.id
        SET main.service_uid = #{serviceUid}, main.service_uname = #{serviceName}, bill.service_uid = #{serviceUid}, main.modify_time = now(),
          main.modify_user   = #{userId}, bill.modify_user = #{userId}, bill.modify_time = now(),
        main.servive_manager_name = #{serviceManagerName},
        main.servive_manager_uid = #{serviceManagerUid},
        bill.service_manager_uid = #{serviceManagerUid}
        WHERE main.apply_num IN
        <foreach collection="applyInFo" item="item" index="index" open="(" separator="," close=")">
            #{item.applyNum}
        </foreach>
    </update>
</mapper>