<?xml version="1.0" encoding="UTF-8"?>
<!DOCTYPE mapper PUBLIC "-//mybatis.org//DTD Mapper 3.0//EN" "http://mybatis.org/dtd/mybatis-3-mapper.dtd">
<mapper namespace="com.xyb.order.common.bank.dao.BankDao">

    <!-- 捷安调用接口日志新增 -->
    <insert id="addJieAnPortLog" useGeneratedKeys="true" keyProperty="id">
        INSERT INTO t_jiean_log(order_id,req_pmt,create_time,create_user)
        values (#{orderId},#{reqPmt},now(),#{createUser})
    </insert>

    <!--捷安解析数据存库-->
    <insert id="insertJieAnResult">
        insert into t_jiean_result(client_id, version_id, cust_id, order_id, trans_type, mer_priv, card_id, cert_id, cert_name, mp, prod_id, resp_code, resp_desc, res_txn_id, mac_str, create_time, create_user)
        VALUES(#{clientId},#{versionId},#{custId},#{orderId},#{transType},#{merPriv},#{cardId},#{certId},#{certName},#{mP},#{prodId},#{respCode},#{respDesc},#{resTxnId},#{macStr},now(),#{createUser})
    </insert>

    <!--添加银行卡申请-->
    <insert id="addChangeBankApply">
        insert into t_change_bank_apply(client_id, bank_info_id, bank_num, phone, bank_id, state,create_time,modify_user)
        values (#{clientId},#{bankInfoId},#{bankNum},#{phone},#{bankId},#{state},now(),#{createUser})
    </insert>

    <!--添加用户银行卡信息-->
    <insert id="addClientBankInfoNo" useGeneratedKeys="true" keyProperty="id" parameterType="com.xyb.order.common.bank.model.ClientBankInfoNoDO">
        insert into t_client_bank_info_no(client_id, bank_real_name, bank_idcard, bank_num, bank_name, bank_deposit, bankcard_bankname, phone, bank_id,is_default,state ,create_time, create_user)
        values (#{clientId},#{bankRealName},#{bankIdcard},#{bankNum},#{bankName},#{bankDeposit},#{bankcardBankname},#{phone},#{bankId},#{isDefault},#{state},now(),#{createUser})
    </insert>

    <!--添加银行卡修改日志-->
    <insert id="addClinetBankLog">
        insert into t_client_bank_log(client_id, business_type, before_content, after_content, create_time, create_user)
        values (#{clientId},#{businessType},#{beforeContent},#{afterContent},now(),#{createUser});
    </insert>

    <!-- 捷安调用接口日志更新 -->
    <update id="updateJieAnPortLog">
        update t_jiean_log
        set resp_pmt = #{respPmt},modify_time = now(),modify_user = #{modifyUser}
        where id = #{id}
    </update>

    <!--修改银行卡申请状态-->
    <update id="updateChangeBankApply">
        update t_change_bank_apply
        set state = #{state},
        modify_time = now(),
        modify_user = #{modifyUser}
        where 1 = 1
        <if test="id != null">
            and id = #{id}
        </if>
        <if test="clientId != null">
            and client_id = #{clientId}
        </if>
    </update>

    <!--修改用户银行卡信息-->
    <update id="updateClientBankInFoNo">
        update t_client_bank_info_no
        <trim prefix="set" suffixOverrides=",">
            modify_time = now(),
            <if test="bankRealName != null">
                bank_real_name = #{bankRealName},
            </if>
            <if test="modifyUser != null">
                modify_user = #{modifyUser},
            </if>
            <if test="state != null">
                state = #{state},
            </if>
            <if test="isDefault != null">
                is_default = #{isDefault},
            </if>
            <if test="bankId != null">
                bank_id = #{bankId},
            </if>
            <if test="phone != null">
                phone = #{phone},
            </if>
            <if test="bankcardBankname != null">
                bankcard_bankname = #{bankcardBankname},
            </if>
            <if test="bankDeposit != null">
                bank_deposit = #{bankDeposit},
            </if>
            <if test="bankName != null">
                bank_name = #{bankName},
            </if>
            <if test="bankNum != null">
                bank_num = #{bankNum},
            </if>
            <if test="bankIdcard != null">
                bank_idcard = #{bankIdcard},
            </if>
        </trim>
        where 1 = 1
        <if test="id != null">
            and id = #{id}
        </if>
        <if test="clientId != null">
            and client_id = #{clientId}
        </if>
        <if test="isDefault != null">
            and is_default = #{isDefault}
        </if>
        <if test="state != null and isState != 1">
            and state = #{state}
        </if>
    </update>

    <!--查询符合规则的捷安数据-->
    <select id="getJieAnResult" resultType="com.xyb.order.common.bank.model.JieAnResultDO">
        select
        id as id,
        client_id as clientId,
        version_id as versionId,
        cust_id as custId,
        order_id as orderId,
        trans_type as transType,
        mer_priv as merPriv,
        card_id as cardId,
        cert_id as certId,
        cert_name as certName,
        mp as mP,
        prod_id as prodId,
        resp_code as respCode,
        resp_desc as respDesc,
        res_txn_id as resTxnId,
        mac_str as macStr,
        create_time as createTime,
        create_user as createUser
        from t_jiean_result
        where 1 = 1
        <if test="clientId != null">
            and client_id = #{clientId}
        </if>
        <if test="cardId != null">
            and card_id = #{cardId}
        </if>
        <if test="certId != null">
            and cert_id = #{certId}
        </if>
        <if test="certName != null">
            and cert_name = #{certName}
        </if>
        <if test="mP != null">
            and mp = #{mP}
        </if>
        <if test="time != null">
            and NOW() &lt;= ADDDATE(create_time, INTERVAL #{time} MINUTE)
        </if>
    </select>
    <select id="getBankID" resultType="java.lang.Long">
        SELECT bl.BANK_ID
        FROM
          t_banklist bl
        WHERE
          bl.CARD_BIN = #{bankCard}
          AND bl.CARD_TYPE = 'D'
          AND bl.BIN_STAT = '1'
    </select>
    <select id="getBankIconByBankID" resultType="com.xyb.order.common.bank.model.XybBankCodeDO">
        SELECT
        bk.id as id,
        bk.bank_type as bankType,
        bk.bank_code as bankCode,
        bk.bank_des as bankDes,
        bk.third_code as thirdCode,
        bk.bank_id as bankId
        FROM
        t_xyb_bank_code bk
        WHERE
        1 = 1
        <if test="bankId != null">
            and bk.bank_id = #{bankId}
        </if>
        <if test="bankType != null">
            and bk.bank_type = #{bankType}
        </if>
        <if test="bankCode != null">
            and bk.bank_code = #{bankCode}
        </if>
    </select>
    <select id="queryBankIcon" resultType="com.xyb.order.common.bank.model.XybBankCodeDO">
        SELECT
          bk.id         as id,
          bk.bank_type  as bankType,
          bk.bank_code  as bankCode,
          bk.bank_des   as bankDes,
          bk.third_code as thirdCode,
          bk.bank_id    as bankId
        FROM
          t_xyb_bank_code bk
        WHERE bank_id is not null
    </select>
    <select id="queryChangeBankApply" resultType="com.xyb.order.common.bank.model.ChangeBankApplyDO">
        select
        id as id,
        client_id as clientId,
        bank_info_id as bankInfoId,
        bank_num as bankNum,
        phone as phone,
        bank_id as bankId,
        state as state,
        create_time as createTime,
        create_user as createUser,
        modify_user as modifyUser,
        modify_time as modifyTime
        from t_change_bank_apply
        where 1 = 1
        <if test="clientId != null">
            and client_id = #{clientId}
        </if>
        <if test="state != null">
            and state = #{state}
        </if>
        <if test="id != null">
            and id = #{id}
        </if>
        <if test="bankInfoId != null">
            and bank_info_id = #{bankInfoId}
        </if>
    </select>

    <!--查询银行卡信息-->
    <select id="queryClientBankInFoNo" resultType="com.xyb.order.common.bank.model.ClientBankInfoNoDO">
        select
        id as id,
        client_id as clientId,
        bank_real_name as bankRealName,
        bank_idcard as bankIdcard,
        bank_num as bankNum,
        bank_name as bankName,
        bank_deposit as bankDeposit,
        bankcard_bankname as bankcardBankname,
        phone as phone,
        bank_id as bankId,
        is_default as isDefault,
        state as state,
        create_time as createTime,
        create_user as createUser,
        modify_time as modifyTime,
        modify_user as modifyUser
        from t_client_bank_info_no
        where 1 = 1
        <if test="clientId != null">
            and client_id = #{clientId}
        </if>
        <if test="id != null">
            and id = #{id}
        </if>
        <if test="state != null">
            and state = #{state}
        </if>
        <if test="isDefault != null">
            and is_default = #{isDefault}
        </if>
        <if test="bankId != null and bankId != ''">
            and bank_id = #{bankId}
        </if>
        <if test="bankNum != null and bankNum != ''">
            and bank_num = #{bankNum}
        </if>
    </select>
    <!--查询银行卡信息-->
    <select id="queryClientBankInFoNoById" resultType="com.xyb.order.common.bank.model.ClientBankInfoNoDO" parameterType="java.lang.Long">
        select
        id as id,
        client_id as clientId,
        bank_real_name as bankRealName,
        bank_idcard as bankIdcard,
        bank_num as bankNum,
        bank_name as bankName,
        bank_deposit as bankDeposit,
        bankcard_bankname as bankcardBankname,
        phone as phone,
        bank_id as bankId,
        is_default as isDefault,
        state as state,
        create_time as createTime,
        create_user as createUser,
        modify_time as modifyTime,
        modify_user as modifyUser
        from t_client_bank_info_no
        where  id = #{id}
    </select>
</mapper>