<?xml version="1.0" encoding="UTF-8"?>
<!DOCTYPE mapper PUBLIC "-//mybatis.org//DTD Mapper 3.0//EN" "http://mybatis.org/dtd/mybatis-3-mapper.dtd">
<mapper namespace="com.xyb.order.app.business.buser.service.dao.ClinetBuserModifyDao">
   <select id="getClientBuserByMobile" parameterType="Object" resultType="com.xyb.order.app.business.buser.model.ClientBuserDO">
        select 
	       user.id              as id,
	       user.login_id        as loginId,
	       user.name            as name,
	       user.password        as password,
	       user.idcard          as idcard,
	       user.mobile          as mobile,
	       user.org_id          as orgId,
	       user.data_org_id     as dataOrgId,
	       user.state           as state,
	       user.recommend_code  as recommendCode,
	       user.is_first_land   as isFirstLand,
	       user.create_time     as createTime,
	       user.create_user     as createUser,
	       user.modify_time     as modifyTime,
	       user.modify_user     as modifyUser
	    from t_user user 
	    where 1=1
	    and user.mobile=#{mobile}
	    and user.state = 2484
   </select>
   
   <update id="updateClientBuser" parameterType="com.xyb.order.app.business.buser.model.ClientBuserDO">
       update t_user
        <trim prefix="set" suffixOverrides=",">
            <if test="name != null">
               name = #{name},
            </if>
            <if test="password != null">
               password = #{password},
            </if>
            <if test="newMobile != null">
               mobile = #{newMobile},
            </if>
            <if test="idcard != null">
               idcard = #{idcard},
            </if>
            <if test="recommendCode != null">
               recommend_code = #{recommendCode},
            </if>
            <if test="isFirstLand != null">
               is_first_land = #{isFirstLand},
            </if>
            <if test="modifyUser != null">
               modify_user = #{modifyUser},
            </if>
            <if test="deviceToken != null">
              device_token = #{deviceToken},
            </if>
             modify_time = now()
        </trim>
        where login_id = #{loginId} 
   </update>
   

</mapper>