<?xml version="1.0" encoding="UTF-8"?>
<!DOCTYPE mapper PUBLIC "-//mybatis.org//DTD Mapper 3.0//EN" "http://mybatis.org/dtd/mybatis-3-mapper.dtd">
<mapper namespace="com.xyb.order.app.client.quickloan.dao.QuickLoanDao">
	<resultMap type="com.xyb.order.app.client.quickloan.model.QuickLoanApplyInfoDTO" id="ApplyInfoMap">
			<association property="jobInfo" javaType="com.xyb.order.app.client.quickloan.model.QuickLoanApplyJobDTO">
				<result column="salary"  property="salary"  />
				<result column="comp_name"  property="compName"  />
				<result column="comp_addres_province"  property="compAddresProvince"  />
				<result column="comp_addres_city"  property="compAddresCity"  />
				<result column="comp_addres_area"  property="compAddresArea"  />
				<result column="comp_addres"  property="compAddres"  />
				<result column="compAddresProvinceMsg"  property="compAddresProvinceMsg"  />
				<result column="compAddresCityMsg"  property="compAddresCityMsg"  />
				<result column="compAddresAreaMsg"  property="compAddresAreaMsg"  />
				<result column="salary"  property="salary"  />
				<result column="working_time"  property="workingTime"  />
			</association>
			<association property="personInfo" javaType="com.xyb.order.app.client.quickloan.model.QuickLoanApplyPersonInfoDTO">
				<id  column="per_id" property="id"/>
				<result column="now_address_province"  property="nowAddressProvince"  />
				<result column="now_address_city"  property="nowAddressCity"  />
				<result column="now_address_area"  property="nowAddressArea"  />
				<result column="now_address"  property="nowAddress"  />
				<result column="nowAddresProvinceMsg"  property="nowAddresProvinceMsg"  />
				<result column="nowAddresCityMsg"  property="nowAddresCityMsg"  />
				<result column="nowAddresAreaMsg"  property="nowAddresAreaMsg"  />
				<result column="marriage"  property="marriage"  />
				<result column="linkmanNum"  property="linkmanNum"  />
				<result column="marriageMsg"  property="marriageMsg"  />
				<result column="credit_card"  property="creditCard"  />
			</association>
			<association property="contactInfo" javaType="com.xyb.order.app.client.quickloan.model.QuickLoanContactInfoDO">
				<result column="webchat"  property="webchat"  />
				<result column="phone2"  property="phone"  />
			</association>
	</resultMap>

	<select id="getQuickApplyInfo" parameterType="java.lang.Long" resultMap="ApplyInfoMap">
			SELECT
			job.salary,
			job.comp_name,
			job.comp_addres_province,
			job.comp_addres_city,
			job.comp_addres_area,
			job.comp_addres,
			(SELECT t1.province FROM t_cn_province t1 WHERE t1.provinceid=job.comp_addres_province ) compAddresProvinceMsg,
			(SELECT t1.city FROM t_cn_city t1 WHERE t1.cityid=job.comp_addres_city ) compAddresCityMsg,
			(SELECT t1.area FROM t_cn_area t1 WHERE t1.areaid=job.comp_addres_area ) compAddresAreaMsg,
			job.working_time,
			per.id per_id,
			per.now_address_province,
			per.now_address_city,
			per.now_address_area,
			per.now_address,
			(SELECT t1.province FROM t_cn_province t1 WHERE t1.provinceid=per.now_address_province )nowAddresProvinceMsg,
			(SELECT t1.city FROM t_cn_city t1 WHERE t1.cityid=per.now_address_city ) nowAddresCityMsg,
			(SELECT t1.area FROM t_cn_area t1 WHERE t1.areaid=per.now_address_area ) nowAddresAreaMsg,
			per.marriage,
			(SELECT dict.label FROM t_sys_dict dict WHERE dict.type_id = 2650 AND per.marriage = dict.id ) marriageMsg,
			per.credit_card,
			per.webchat,
			per.phone2,
			(SELECT count(l.id)FROM t_apply_linkman_info l WHERE l.apply_id =bill.id AND l.contact_type = 1734 AND l.del_flag = 2484  ) linkmanNum
		FROM
			t_apply_bill_info bill
			LEFT JOIN t_apply_job_info job on bill.id=job.apply_id
			LEFT JOIN t_apply_personal_info per ON	bill.id = per.apply_id
		WHERE
		 bill.id=#{applyId}
	</select>
	<select id="queryQuickLoanRedisBean" resultType="com.xyb.order.app.client.quickloan.model.QuickLoanPersonalInformationBean">
		SELECT
			txp.day_limit dayLimit,
			tami.expect_money expectMoney,
			txp.rule_switch ruleSwitch
		FROM
			t_apply_main_info tami
			LEFT JOIN t_xyb_product txp ON tami.expect_product_id = txp.id
		WHERE
			tami.id = #{applyMainId}
	</select>
	
	<select id="queryQuickLoanReportParameterBean" resultType="com.xyb.order.app.client.quickloan.model.QuickLoanReportParameterBean">
		SELECT
			tami.client_id clientId,
			tami.client_real_name clientName,
			tami.client_idcard clientIdcard,
			taci.phone clientPhone,
			tami.store_org_id orgId,
			tami.expect_product_id productId,
			3205 businessType,
			tami.expect_money businessMoney
		FROM
			t_apply_main_info tami
			LEFT JOIN t_apply_client_info taci ON tami.client_id = taci.id
		WHERE
			tami.id = #{applyMainId}
	</select>
	
	<select id="getProductIdByClientId" resultType="java.lang.Long">
		select m.expect_product_id from t_client_user u
		inner join t_apply_client_info c on c.client_user_id = u.id
		inner join t_apply_main_info m on m.client_id = c.id
		where u.id = #{clientUserId} and m.state = 100
	</select>

</mapper>