<?xml version="1.0" encoding="UTF-8"?>
<!DOCTYPE mapper PUBLIC "-//mybatis.org//DTD Mapper 3.0//EN" "http://mybatis.org/dtd/mybatis-3-mapper.dtd">
<mapper namespace="com.xyb.order.app.client.quickloan.dao.QuickLoanRefuseFullClientDao">
  <resultMap id="BaseResultMap" type="com.xyb.order.app.client.quickloan.model.QuickLoanRefuseFullClientDO">
    <id column="id" jdbcType="BIGINT" property="id" />
    <result column="client_id" jdbcType="BIGINT" property="clientId" />
    <result column="client_name" jdbcType="VARCHAR" property="clientName" />
    <result column="client_idcard" jdbcType="VARCHAR" property="clientIdcard" />
    <result column="client_phone" jdbcType="VARCHAR" property="clientPhone" />
    <result column="product_id" jdbcType="BIGINT" property="productId" />
    <result column="total_qty" jdbcType="INTEGER" property="totalQty" />
    <result column="apply_qty" jdbcType="INTEGER" property="applyQty" />
    <result column="create_time" jdbcType="TIMESTAMP" property="createTime" />
    <result column="create_user" jdbcType="BIGINT" property="createUser" />
    <result column="modify_time" jdbcType="TIMESTAMP" property="modifyTime" />
    <result column="modify_user" jdbcType="BIGINT" property="modifyUser" />
  </resultMap>
  <delete id="deleteByPrimaryKey" parameterType="java.lang.Long">
    delete from t_quick_loan_refuse_full_client
    where id = #{id,jdbcType=BIGINT}
  </delete>
  <insert id="insert" parameterType="com.xyb.order.app.client.quickloan.model.QuickLoanRefuseFullClientDO">
    insert into t_quick_loan_refuse_full_client (id, client_id, client_name, 
      client_idcard, client_phone, product_id, total_qty, 
      apply_qty, create_time, create_user, 
      modify_time, modify_user)
    values (#{id,jdbcType=BIGINT}, #{clientId,jdbcType=BIGINT}, #{clientName,jdbcType=VARCHAR}, 
      #{clientIdcard,jdbcType=VARCHAR}, #{clientPhone,jdbcType=VARCHAR}, #{productId,jdbcType=BIGINT},#{totalQty,jdbcType=INTEGER}, 
      #{applyQty,jdbcType=INTEGER}, #{createTime,jdbcType=TIMESTAMP}, #{createUser,jdbcType=BIGINT}, 
      #{modifyTime,jdbcType=TIMESTAMP}, #{modifyUser,jdbcType=BIGINT})
  </insert>
  <update id="updateByPrimaryKey" parameterType="com.xyb.order.app.client.quickloan.model.QuickLoanRefuseFullClientDO">
    update t_quick_loan_refuse_full_client
    set client_id = #{clientId,jdbcType=BIGINT},
      client_name = #{clientName,jdbcType=VARCHAR},
      client_idcard = #{clientIdcard,jdbcType=VARCHAR},
      client_phone = #{clientPhone,jdbcType=VARCHAR},
      product_id = #{productId,jdbcType=BIGINT},
      total_qty = #{totalQty,jdbcType=INTEGER},
      apply_qty = #{applyQty,jdbcType=INTEGER},
      create_time = #{createTime,jdbcType=TIMESTAMP},
      create_user = #{createUser,jdbcType=BIGINT},
      modify_time = #{modifyTime,jdbcType=TIMESTAMP},
      modify_user = #{modifyUser,jdbcType=BIGINT}
    where id = #{id,jdbcType=BIGINT}
  </update>
  <select id="selectByPrimaryKey" parameterType="java.lang.Long" resultMap="BaseResultMap">
    select id, client_id, client_name, client_idcard, client_phone, product_id, total_qty, apply_qty, 
    create_time, create_user, modify_time, modify_user
    from t_quick_loan_refuse_full_client
    where id = #{id,jdbcType=BIGINT}
  </select>
  <select id="selectAll" resultMap="BaseResultMap" parameterType="map">
    select id, client_id, client_name, client_idcard, client_phone, product_id, total_qty, apply_qty, 
    create_time, create_user, modify_time, modify_user
    from t_quick_loan_refuse_full_client
    where 1=1
    <if test="clientId != null">
    	and client_id = #{clientId}
    </if>
    <if test="productId != null">
    	and product_id = #{productId}
    </if>
  </select>
</mapper>