<?xml version="1.0" encoding="UTF-8"?>
<!DOCTYPE mapper PUBLIC "-//mybatis.org//DTD Mapper 3.0//EN" "http://mybatis.org/dtd/mybatis-3-mapper.dtd">
<mapper namespace="com.xyb.order.app.client.quickloan.dao.QuickLoanBusinessDao">
  <resultMap id="BaseResultMap" type="com.xyb.order.app.client.quickloan.model.QuickLoanBusinessDO">
    <id column="id" jdbcType="BIGINT" property="id" />
    <result column="product_id" jdbcType="BIGINT" property="productId" />
    <result column="business_date" jdbcType="DATE" property="businessDate" />
    <result column="apply_money" jdbcType="DECIMAL" property="applyMoney" />
    <result column="approval_money" jdbcType="DECIMAL" property="approvalMoney" />
    <result column="loan_money" jdbcType="DECIMAL" property="loanMoney" />
    <result column="create_time" jdbcType="TIMESTAMP" property="createTime" />
    <result column="create_user" jdbcType="BIGINT" property="createUser" />
    <result column="modify_time" jdbcType="TIMESTAMP" property="modifyTime" />
    <result column="modify_user" jdbcType="BIGINT" property="modifyUser" />
  </resultMap>
  <delete id="deleteByPrimaryKey" parameterType="java.lang.Long">
    delete from t_quick_loan_business
    where id = #{id,jdbcType=BIGINT}
  </delete>
  <insert id="insert" parameterType="com.xyb.order.app.client.quickloan.model.QuickLoanBusinessDO">
    insert into t_quick_loan_business (id, product_id, business_date, 
      apply_money, approval_money, loan_money, 
      create_time, create_user, modify_time, 
      modify_user)
    values (#{id,jdbcType=BIGINT}, #{productId,jdbcType=BIGINT}, #{businessDate,jdbcType=DATE}, 
      #{applyMoney,jdbcType=DECIMAL}, #{approvalMoney,jdbcType=DECIMAL}, #{loanMoney,jdbcType=DECIMAL}, 
      #{createTime,jdbcType=TIMESTAMP}, #{createUser,jdbcType=BIGINT}, #{modifyTime,jdbcType=TIMESTAMP}, 
      #{modifyUser,jdbcType=BIGINT})
  </insert>
  <update id="updateByPrimaryKey" parameterType="com.xyb.order.app.client.quickloan.model.QuickLoanBusinessDO">
    update t_quick_loan_business
    set product_id = #{productId,jdbcType=BIGINT},
      business_date = #{businessDate,jdbcType=DATE},
      apply_money = #{applyMoney,jdbcType=DECIMAL},
      approval_money = #{approvalMoney,jdbcType=DECIMAL},
      loan_money = #{loanMoney,jdbcType=DECIMAL},
      create_time = #{createTime,jdbcType=TIMESTAMP},
      create_user = #{createUser,jdbcType=BIGINT},
      modify_time = #{modifyTime,jdbcType=TIMESTAMP},
      modify_user = #{modifyUser,jdbcType=BIGINT}
    where id = #{id,jdbcType=BIGINT}
  </update>
  <select id="selectByPrimaryKey" parameterType="java.lang.Long" resultMap="BaseResultMap">
    select id, product_id, business_date, apply_money, approval_money, loan_money, create_time, 
    create_user, modify_time, modify_user
    from t_quick_loan_business
    where id = #{id,jdbcType=BIGINT}
  </select>
  <select id="selectAll" resultMap="BaseResultMap">
    select id, product_id, business_date, apply_money, approval_money, loan_money, create_time, 
    create_user, modify_time, modify_user
    from t_quick_loan_business
  </select>
</mapper>