<?xml version="1.0" encoding="UTF-8"?>
<!DOCTYPE mapper PUBLIC "-//mybatis.org//DTD Mapper 3.0//EN" "http://mybatis.org/dtd/mybatis-3-mapper.dtd">
<mapper namespace="com.xyb.order.app.client.quickloan.dao.QuickLoanRefuseFullDao">
  <resultMap id="BaseResultMap" type="com.xyb.order.app.client.quickloan.model.QuickLoanRefuseFullDO">
    <id column="id" jdbcType="BIGINT" property="id" />
    <result column="product_id" jdbcType="BIGINT" property="productId" />
    <result column="total_one" jdbcType="INTEGER" property="totalOne" />
    <result column="total_two" jdbcType="INTEGER" property="totalTwo" />
    <result column="total_three" jdbcType="INTEGER" property="totalThree" />
    <result column="create_time" jdbcType="TIMESTAMP" property="createTime" />
    <result column="create_user" jdbcType="BIGINT" property="createUser" />
    <result column="modify_time" jdbcType="TIMESTAMP" property="modifyTime" />
    <result column="modify_user" jdbcType="BIGINT" property="modifyUser" />
  </resultMap>
  <delete id="deleteByPrimaryKey" parameterType="java.lang.Long">
    delete from t_quick_loan_refuse_full
    where id = #{id,jdbcType=BIGINT}
  </delete>
  <insert id="insert" parameterType="com.xyb.order.app.client.quickloan.model.QuickLoanRefuseFullDO">
    insert into t_quick_loan_refuse_full (id, product_id, total_one, 
      total_two, total_three, create_time, 
      create_user, modify_time, modify_user
      )
    values (#{id,jdbcType=BIGINT}, #{productId,jdbcType=BIGINT}, #{totalOne,jdbcType=INTEGER}, 
      #{totalTwo,jdbcType=INTEGER}, #{totalThree,jdbcType=INTEGER}, #{createTime,jdbcType=TIMESTAMP}, 
      #{createUser,jdbcType=BIGINT}, #{modifyTime,jdbcType=TIMESTAMP}, #{modifyUser,jdbcType=BIGINT}
      )
  </insert>
  <update id="updateByPrimaryKey" parameterType="com.xyb.order.app.client.quickloan.model.QuickLoanRefuseFullDO">
    update t_quick_loan_refuse_full
    set product_id = #{productId,jdbcType=BIGINT},
      total_one = #{totalOne,jdbcType=INTEGER},
      total_two = #{totalTwo,jdbcType=INTEGER},
      total_three = #{totalThree,jdbcType=INTEGER},
      create_time = #{createTime,jdbcType=TIMESTAMP},
      create_user = #{createUser,jdbcType=BIGINT},
      modify_time = #{modifyTime,jdbcType=TIMESTAMP},
      modify_user = #{modifyUser,jdbcType=BIGINT}
    where id = #{id,jdbcType=BIGINT}
  </update>
  <select id="selectByPrimaryKey" parameterType="java.lang.Long" resultMap="BaseResultMap">
    select id, product_id, total_one, total_two, total_three, create_time, create_user, 
    modify_time, modify_user
    from t_quick_loan_refuse_full
    where id = #{id,jdbcType=BIGINT}
  </select>
  <select id="selectAll" resultMap="BaseResultMap" parameterType="map">
    select id, product_id, total_one, total_two, total_three, create_time, create_user, 
    modify_time, modify_user
    from t_quick_loan_refuse_full
    where 1=1
    <if test="productId != null">
    	and product_id = #{productId}
    </if>
  </select>
</mapper>