<?xml version="1.0" encoding="UTF-8"?>
<!DOCTYPE mapper PUBLIC "-//mybatis.org//DTD Mapper 3.0//EN" "http://mybatis.org/dtd/mybatis-3-mapper.dtd">
<mapper namespace="com.xyb.order.app.client.quickloan.dao.QuickLoanRefuseFullDetailDao">
  <resultMap id="BaseResultMap" type="com.xyb.order.app.client.quickloan.model.QuickLoanRefuseFullDetailDO">
    <id column="id" jdbcType="BIGINT" property="id" />
    <result column="client_id" jdbcType="BIGINT" property="clientId" />
    <result column="client_name" jdbcType="VARCHAR" property="clientName" />
    <result column="client_idcard" jdbcType="VARCHAR" property="clientIdcard" />
    <result column="client_phone" jdbcType="VARCHAR" property="clientPhone" />
    <result column="apply_date" jdbcType="DATE" property="applyDate" />
    <result column="create_time" jdbcType="TIMESTAMP" property="createTime" />
    <result column="create_user" jdbcType="BIGINT" property="createUser" />
    <result column="org_id" jdbcType="BIGINT" property="orgId" />
    <result column="product_id" jdbcType="BIGINT" property="productId" />
    <result column="apply_amount" jdbcType="DECIMAL" property="applyAmount" />
  </resultMap>
  <delete id="deleteByPrimaryKey" parameterType="java.lang.Long">
    delete from t_quick_loan_refuse_full_detail
    where id = #{id,jdbcType=BIGINT}
  </delete>
  <insert id="insert" parameterType="com.xyb.order.app.client.quickloan.model.QuickLoanRefuseFullDetailDO">
    insert into t_quick_loan_refuse_full_detail (id, client_id, client_name, 
      client_idcard, client_phone, apply_date, 
      create_time, create_user, org_id, 
      product_id, apply_amount)
    values (#{id,jdbcType=BIGINT}, #{clientId,jdbcType=BIGINT}, #{clientName,jdbcType=VARCHAR}, 
      #{clientIdcard,jdbcType=VARCHAR}, #{clientPhone,jdbcType=VARCHAR}, #{applyDate,jdbcType=DATE}, 
      #{createTime,jdbcType=TIMESTAMP}, #{createUser,jdbcType=BIGINT}, #{orgId,jdbcType=BIGINT}, 
      #{productId,jdbcType=BIGINT}, #{applyAmount,jdbcType=DECIMAL})
  </insert>
  <update id="updateByPrimaryKey" parameterType="com.xyb.order.app.client.quickloan.model.QuickLoanRefuseFullDetailDO">
    update t_quick_loan_refuse_full_detail
    set client_id = #{clientId,jdbcType=BIGINT},
      client_name = #{clientName,jdbcType=VARCHAR},
      client_idcard = #{clientIdcard,jdbcType=VARCHAR},
      client_phone = #{clientPhone,jdbcType=VARCHAR},
      apply_date = #{applyDate,jdbcType=DATE},
      create_time = #{createTime,jdbcType=TIMESTAMP},
      create_user = #{createUser,jdbcType=BIGINT},
      org_id = #{orgId,jdbcType=BIGINT},
      product_id = #{productId,jdbcType=BIGINT},
      apply_amount = #{applyAmount,jdbcType=DECIMAL}
    where id = #{id,jdbcType=BIGINT}
  </update>
  <select id="selectByPrimaryKey" parameterType="java.lang.Long" resultMap="BaseResultMap">
    select id, client_id, client_name, client_idcard, client_phone, apply_date, create_time, 
    create_user, org_id, product_id, apply_amount
    from t_quick_loan_refuse_full_detail
    where id = #{id,jdbcType=BIGINT}
  </select>
  <select id="selectAll" resultMap="BaseResultMap">
    select id, client_id, client_name, client_idcard, client_phone, apply_date, create_time, 
    create_user, org_id, product_id, apply_amount
    from t_quick_loan_refuse_full_detail
  </select>
</mapper>