<?xml version="1.0" encoding="UTF-8"?>
<!DOCTYPE mapper PUBLIC "-//mybatis.org//DTD Mapper 3.0//EN" "http://mybatis.org/dtd/mybatis-3-mapper.dtd">
<mapper namespace="com.xyb.order.app.client.quickloan.dao.QuickLoanDetailDao">
  <resultMap id="BaseResultMap" type="com.xyb.order.app.client.quickloan.model.QuickLoanDetailDO">
    <id column="id" jdbcType="BIGINT" property="id" />
    <result column="client_id" jdbcType="BIGINT" property="clientId" />
    <result column="client_name" jdbcType="VARCHAR" property="clientName" />
    <result column="org_id" jdbcType="BIGINT" property="orgId" />
    <result column="product_id" jdbcType="BIGINT" property="productId" />
    <result column="business_type" jdbcType="BIGINT" property="businessType" />
    <result column="business_money" jdbcType="DECIMAL" property="businessMoney" />
    <result column="create_time" jdbcType="TIMESTAMP" property="createTime" />
    <result column="create_user" jdbcType="BIGINT" property="createUser" />
  </resultMap>
  <delete id="deleteByPrimaryKey" parameterType="java.lang.Long">
    delete from t_quick_loan_detail
    where id = #{id,jdbcType=BIGINT}
  </delete>
  <insert id="insert" parameterType="com.xyb.order.app.client.quickloan.model.QuickLoanDetailDO">
    insert into t_quick_loan_detail (id, client_id, client_name, 
      org_id, product_id, business_type, 
      business_money, create_time, create_user
      )
    values (#{id,jdbcType=BIGINT}, #{clientId,jdbcType=BIGINT}, #{clientName,jdbcType=VARCHAR}, 
      #{orgId,jdbcType=BIGINT}, #{productId,jdbcType=BIGINT}, #{businessType,jdbcType=BIGINT}, 
      #{businessMoney,jdbcType=DECIMAL}, #{createTime,jdbcType=TIMESTAMP}, #{createUser,jdbcType=BIGINT}
      )
  </insert>
  <update id="updateByPrimaryKey" parameterType="com.xyb.order.app.client.quickloan.model.QuickLoanDetailDO">
    update t_quick_loan_detail
    set client_id = #{clientId,jdbcType=BIGINT},
      client_name = #{clientName,jdbcType=VARCHAR},
      org_id = #{orgId,jdbcType=BIGINT},
      product_id = #{productId,jdbcType=BIGINT},
      business_type = #{businessType,jdbcType=BIGINT},
      business_money = #{businessMoney,jdbcType=DECIMAL},
      create_time = #{createTime,jdbcType=TIMESTAMP},
      create_user = #{createUser,jdbcType=BIGINT}
    where id = #{id,jdbcType=BIGINT}
  </update>
  <select id="selectByPrimaryKey" parameterType="java.lang.Long" resultMap="BaseResultMap">
    select id, client_id, client_name, org_id, product_id, business_type, business_money, 
    create_time, create_user
    from t_quick_loan_detail
    where id = #{id,jdbcType=BIGINT}
  </select>
  <select id="selectAll" resultMap="BaseResultMap">
    select id, client_id, client_name, org_id, product_id, business_type, business_money, 
    create_time, create_user
    from t_quick_loan_detail
  </select>
</mapper>