<?xml version="1.0" encoding="UTF-8"?>
<!DOCTYPE mapper PUBLIC "-//mybatis.org//DTD Mapper 3.0//EN" "http://mybatis.org/dtd/mybatis-3-mapper.dtd">
<mapper namespace="com.xyb.order.pc.shanghaicredit.dao.ShanghaiCreditDao">
    <!--插入上传文件信息-->
    <insert id="insertShanghaiCreditUploadInfo">
        insert into t_shanghai_credit_upload_info(file_name, return_code, is_sucuess, errors, sign_code, file_path, create_time, create_user)
        values (#{fileName},#{returnCode},#{isSucuess},#{errors},#{signCode},#{filePath},now(),#{createUser});
    </insert>

    <!--插入上传结果信息-->
    <insert id="insertShanghaiCreditFileInfo">
        insert into t_shanghai_credit_file_info(upload_id, state, error_info, total_count, fail_count, feedback_filepath, file_path, create_time, create_user)
        values (#{uploadId},#{state},#{errorInfo},#{totalCount},#{failCount},#{feedbackFilepath},#{filePath},now(),#{createUser})
    </insert>

    <!--修改上传结果信息-->
    <update id="updateShanghaiCreditFileInfo">
        update t_shanghai_credit_file_info
        <trim prefix="set" suffixOverrides=",">
            modify_time = now(),
            <if test="modifyUser != null">
                modify_user = #{modifyUser},
            </if>
            <if test="state != null">
                state = #{state},
            </if>
            <if test="errorInfo != null">
                error_info = #{errorInfo},
            </if>
            <if test="totalCount != null">
                total_count = #{totalCount},
            </if>
            <if test="failCount != null">
                fail_count = #{failCount},
            </if>
            <if test="feedbackFilepath != null">
                feedback_filepath = #{feedbackFilepath},
            </if>
            <if test="filePath != null">
                file_path = #{filePath},
            </if>
        </trim>
        where upload_id = #{uploadId}
    </update>

    <!--查询上传文件信息-->
    <select id="queryShanghaiCreditUploadInfo" resultType="com.xyb.order.pc.shanghaicredit.model.ShanghaiCreditUploadInfoDO">
        select
          id as id,
          file_name as fileName,
          return_code as returnCode,
          is_sucuess as isSucuess,
          errors as errors,
          sign_code as signCode,
          file_path as filePath,
          create_time as createTime,
          create_user as createUser,
          modify_time as modifyTime,
          modify_user as modifyUser
        from t_shanghai_credit_upload_info
        where 1 = 1
        <if test="isSucuess != null">
          and is_sucuess = #{isSucuess}
        </if>
        <if test="fileName != null">
          and file_name = #{fileName}
        </if>
        <if test="returnCode != null">
          and return_code = #{returnCode}
        </if>
        <if test="id != null">
            and id = #{id}
        </if>
        order by create_time desc
        <if test="row != null">
          limit 1
        </if>
    </select>

    <!--查询上传结果信息-->
    <select id="getShanghaiCreditFileInfo"
            resultType="com.xyb.order.pc.shanghaicredit.model.ShanghaiCreditFileInfoDO">
        select
          id as id,
          upload_id as uploadId,
          state as state,
          error_info as errorInfo,
          total_count as totalCount,
          fail_count as failCount,
          feedback_filepath as feedbackFilepath,
          file_path as filePath,
          create_time as createTime,
          create_user as createUser,
          modify_time as modifyTime,
          modify_user as modifyUser
        from t_shanghai_credit_file_info
        where 1 = 1
        <if test="uploadId != null">
            and upload_id = #{uploadId}
        </if>
        <if test="state != null">
            and state = #{state}
        </if>
    </select>

    <!--查询上海资信推送数据-->
    <select id="queryShanghaiCreditInFo"
            resultType="com.xyb.order.pc.shanghaicredit.model.ShanghaiCreditInFoVO">
        select
        client.name                                                                         as clientName,
        '0'                                                                                 as cardType,
        client.idcard                                                                       as idCard,
        case personal.marriage
        when 2169
        then 30
        when 2238
        then 10
        when 2239
        then 20
        when 2240
        then 40
        else 90 end                                                                         as marriage,
        case personal.education
        when 1593
        then 10
        when 1594
        then 10
        when 1595
        then 20
        when 1596
        then 30
        else 99 end                                                                         as education,
        case personal.education
        when 1593
        then 2
        when 1594
        then 3
        when 1595
        then 4
        when 1596
        then 0
        else 9 end                                                                          as degree,
        ifnull(personal.all_tell, '')                                                       as homePhone,
        personal.phone1                                                                     as phone,
        ifnull(job.comp_all_tell, '')                                                       as compPhone,
        ifnull(personal.email, '')                                                          as email,
        personal.now_all_address                                                            as nowAllAddress,
        personal.now_address                                                                as nowAddress,
        '999999'                                                                            as nowPostalcode,
        personal.home_all_address                                                           as homeAllAddress,
        personal.home_town                                                                  as homeAddress,
        (select ifnull(spouse.name, '')
        from t_apply_linkman_info spouse
        where spouse.apply_id = main.apply_id and spouse.relation = 3092
        order by spouse.create_time
        limit 1)                                                                           as spouseName,
        '0'                                                                                 as spouseCardType,
        (select ifnull(spouse.idcard, '')
        from t_apply_linkman_info spouse
        where spouse.apply_id = main.apply_id and spouse.relation = 3092
        order by spouse.create_time
        limit 1)                                                                           as spouseIdcard,
        (select ifnull(spouse.comp_name, '')
        from t_apply_linkman_info spouse
        where spouse.apply_id = main.apply_id and spouse.relation = 3092
        order by spouse.create_time
        limit 1)                                                                           as spouseCompName,
        (select ifnull(spouse.phone1, '')
        from t_apply_linkman_info spouse
        where spouse.apply_id = main.apply_id and spouse.relation = 3092
        order by spouse.create_time
        limit 1)                                                                           as spousePhone,
        (select linkman.name
        from t_apply_linkman_info linkman
        where linkman.contact_type = 2092 and linkman.apply_id = main.apply_id
        order by linkman.create_time
        limit 1)                                                                           as firstLinkmanName,
        (select case linkman.relation
        when 2003
        then 4
        when 2004
        then 5
        when 2005
        then 6
        when 2009
        then 3
        when 2010
        then 7
        when 2011
        then 7
        when 3092
        then 2
        else 8 end as secondLinkmanRelation
        from t_apply_linkman_info linkman
        where linkman.contact_type = 2092 and linkman.apply_id = main.apply_id
        order by linkman.create_time
        limit 1)                                                                           as firstLinkmanRelation,
        (select linkman.phone1
        from t_apply_linkman_info linkman
        where linkman.contact_type = 2092 and linkman.apply_id = main.apply_id
        order by linkman.create_time
        limit 1)                                                                           as firstLinkmanPhone,
        (select linkman.name
        from t_apply_linkman_info linkman
        where linkman.contact_type = 1897 and linkman.apply_id = main.apply_id
        order by linkman.create_time
        limit 1)                                                                           as secondLinkmanName,
        '5'                                                                                 as secondLinkmanRelation,
        (select linkman.phone1
        from t_apply_linkman_info linkman
        where linkman.contact_type = 1897 and linkman.apply_id = main.apply_id
        order by linkman.create_time
        limit 1)                                                                           as secondLinkmanPhone,

        'Z'                                                                                 as occupation,
        job.comp_name                                                                       as compName,
        case job.industry_code
        when 3110
        then 'A'
        when 3111
        then 'B'
        when 3112
        then 'C'
        when 3113
        then 'D'
        when 3114
        then 'E'
        when 3115
        then 'H'
        when 3116
        then 'F'
        when 3117
        then 'I'
        when 3118
        then 'G'
        when 3119
        then 'J'
        when 3120
        then 'K'
        when 3121
        then 'L'
        when 3122
        then 'M'
        when 3123
        then 'N'
        when 3124
        then 'O'
        when 3125
        then 'P'
        when 3126
        then 'Q'
        when 3127
        then 'T'
        when 3128
        then 'S'
        when 3129
        then 'R'
        else 'Z' end                                                                        as compIndustry,
        job.comp_all_address                                                                as compAllAddress,
        job.comp_addres                                                                     as compAddress,
        '999999'                                                                            as compPostalcode,
        date_format(job.comp_join_date, '%Y')                                               as joinYear,
        '3'                                                                                 as duty,
        '9'                                                                                 as jobTitle,
        ((job.salary + ifnull(job.other_income, 0)) * 12)                                   as yearlyIncome,

        case personal.live_case
        when 3039
        then 2
        when 3041
        then 2
        when 3040
        then 1
        when 3042
        then 1
        when 3043
        then 3
        when 3044
        then 4
        when 3045
        then 5
        else 9 end                                                                          as liveStatus,

        '99'                                                                                as loanType,
        contract.contract_num                                                               as contractNum,
        main.apply_num                                                                      as businessNum,
        '110101'                                                                            as dealPlace,
        contract.agree_effect                                                               as acountOpenDate,
        contract.agree_failure                                                              as expireDate,
        'CNY'                                                                               as currency,
        main.contract_money                                                                 as creditAmount,
        main.contract_money                                                                 as creditShareAmount,
        main.contract_money                                                                 as liabilityMaxAmount,
        '4'                                                                                 as guaranteeWay,
        '03'                                                                                as repaymentFrequency,
        contract.product_limit                                                              as returnMonth,
        (base.total_period - base.paid_period)                                              as remainingMonth,
        contract.product_limit                                                              as agreementReturnLimit,
        main.month_repayment_money                                                          as agreementReturnAmount,
        (SELECT plan.plan_date
        FROM t_xyb_contract_repayment_plan plan
        WHERE plan.contract_id = contract.id AND deal_datetime IS NOT NULL AND state in (2321,2323,2324)
        ORDER BY plan_date DESC
        LIMIT 1)                                                                           as latestReturnDate,
        ifnull((SELECT plan.month_return
        FROM t_xyb_contract_repayment_plan plan
        WHERE DATE_FORMAT(date_sub(now(), interval 1 month), '%Y-%M') = DATE_FORMAT(plan_date, '%Y-%M') AND
        plan.contract_id = contract.id),0)                                                 as returnCurrentAmount,
        ifnull((SELECT tf.total_amount
        FROM t_finance_payment tf, t_xyb_contract_repayment_plan tp
        WHERE tf.repayment_plan_id = tp.id AND
        DATE_FORMAT(DATE_SUB(NOW(), INTERVAL 1 MONTH), '%Y-%M') = DATE_FORMAT(tp.plan_date, '%Y-%M') AND
        tp.contract_id = contract.id AND tp.deal_datetime IS NOT NULL AND
        (tp.state = 2321 OR tp.state = 2323 OR tp.state = 2324) AND tf.state = 2713),0)    AS returnCurrentPracticalAmount,
        ROUND(main.contract_money - (SELECT IFNULL(SUM(capital), 0)
        FROM t_xyb_contract_repayment_plan
        WHERE contract_id = contract.id AND deal_datetime IS NOT NULL and
        (state = 2321 OR state = 2323 OR state = 2324)))                                    as remainAmount,
        '0'                                                                                 as overdueCurrentLimit,
        '0'                                                                                 as overdueCurrentAmount,
        '0'                                                                                 as overdueCapital3160,
        '0'                                                                                 as overdueCapital6190,
        '0'                                                                                 as overdueCapital91100,
        '0'                                                                                 as overdueCapital180,
        '0'                                                                                 as overdueSumLimit,
        '0'                                                                                 as overdueMaxLimit,
        '1'                                                                                 as typeStatus,
        IF(base.total_late_period > 0, '2', IF(base.state in (2683, 2684, 2685), '3', '1')) as accountStatus,
        '2'                                                                                 as accountPrompt,
        '0'                                                                                 as contractStatus,

        #判断字段
        base.contract_finish_date                                                          as finishDate,
        contract.rep_date                                                                  as repDateNew
        from t_apply_main_info main
        inner join t_xyb_contract contract on contract.id = main.contract_id
        inner join t_apply_client_info client on main.client_id = client.id
        left join t_apply_job_info job on job.apply_id = main.apply_id
        left join t_apply_personal_info personal on personal.apply_id = main.apply_id
        left join t_collection_contract_base base on base.contract_id = contract.id
        left join t_xyb_product product on main.agree_product_id = product.id
        where main.state = 144
        and date_format(contract.agree_effect, '%Y-%m-%d') &gt;= #{beginDate}
        and date_format(contract.agree_effect, '%Y-%m-%d') &lt;= #{endDate}
        and ifnull(base.total_late_period, 0) &lt;= 0
    </select>

    <!--查询标识符是否使用-->
    <select id="querySgincount" resultType="java.lang.Integer">
        select
          count(1)
        from t_shanghai_credit_upload_info
        where sign_code = #{signCode}
	    <![CDATA[ AND DATE_FORMAT(create_time,'%Y%m')>=#{dateStr} ]]>
    </select>

    <!--查询页面展示数据-->
    <select id="getShanghaiCreditInformationVO"
            resultType="com.xyb.order.pc.shanghaicredit.model.ShanghaiCreditInformationVO">
        select
          upload.id as id,
          upload.create_time as uploadDate,
          upload.file_name as fileName,
          upload.file_path as filePath,
          fileinfo.state as state,
          fileinfo.feedback_filepath as feedbackFile,
          fileinfo.error_info as errors
        from t_shanghai_credit_upload_info upload left join t_shanghai_credit_file_info fileinfo on upload.id = fileinfo.upload_id
        order by upload.create_time desc
        limit 1
    </select>
</mapper>