<?xml version="1.0" encoding="UTF-8"?>
<!DOCTYPE mapper PUBLIC "-//mybatis.org//DTD Mapper 3.0//EN" "http://mybatis.org/dtd/mybatis-3-mapper.dtd">
<mapper namespace="com.xyb.order.common.material.dao.FileDataInfoDao">

      <insert id="addFileDataInfo"  parameterType="Object" useGeneratedKeys="true" keyProperty="id">
         insert into t_file_data_info(apply_id,name,file_classification_id,pic_path,pic_group,sort,file_name,compress_path,
                   operator_id,create_time,create_user,modify_time,modify_user)
         values(#{applyId},#{name},#{fileClassificationId},#{picPath},#{picGroup},#{sort},#{fileName},
           #{compressPath},#{operatorId},#{createTime},#{createUser},now(),#{modifyUser})
      </insert>

    <update id="updateFileState">
        update t_file_data_info
        set is_del = 2487, modify_time = now(), modify_user = #{user}
        where apply_id = #{applyId}
              and del_flag = 2487
              and is_del = 2486
              and file_classification_id in
              (select c.id from t_file_classification c where c.file_code in
              <foreach collection="list" item="item" open="(" close=")" separator="," index="index">
                  #{item}
              </foreach>
              )
    </update>

    <select id="fileIsExit" parameterType="map" resultType="java.lang.Integer">
         select
           count(1)
         from
         t_file_data_info t1
         where 1=1
         <if test="fileName != null">
            and t1.file_name = #{fileName}
         </if>
         and t1.file_classification_id=#{fileClassificationId}
         and t1.apply_id=#{applyId}
         and t1.del_flag = 2487
    </select>

    <select id="findFileDataInfoMaxSort" parameterType="map" resultType="java.lang.Integer">
          select
          case
            when max(c.sort) is null then 0
            when max(c.sort) is not null then max(c.sort)
            end as sort
          from
            t_file_data_info c
          left join t_file_classification t ON t.id = c.file_classification_id
          where 1=1
        <if test="applyId != null and applyId != '' ">
             and c.apply_id = #{applyId}
        </if>
        <if test="fileCode != null and fileCode != '' ">
             and t.file_code = #{fileCode}
         </if>
    </select>

    <!--根据图片类型查询图片集合-->
    <select id="queryFileDateInfoList" resultType="com.xyb.order.common.material.model.FileDataInfo">
        select
          data.id                     as id,
          data.apply_id               as applyId,
          data.name                   as name,
          data.`desc`,
          data.file_classification_id as fileClassifcationId,
          data.pic_path               as picPath,
          data.pic_group              as picGroup,
          data.sort                   as sort,
          data.file_name              as fileName,
          data.compress_path          as compressPath,
          data.operator_id            as operatorId,
          data.create_time            as createTime,
          data.create_user            as createUser,
          data.modify_user            as modifyUser,
          data.modify_time            as modifyTime,
          data.is_del                 as isDel
        from t_file_data_info data left join t_file_classification classification
            on data.file_classification_id = classification.id
        where data.del_flag=2487 and data.apply_id = #{applyId}
              and classification.file_code = #{fileCode}
        order by sort
    </select>
    <select id="canNotDelCount" resultType="java.lang.Integer">
        select count(1)
        from t_file_data_info
        where is_del = 2487 and apply_id = #{applyId}
              and id in
        <foreach collection="list" index="index" item="item" open="(" close=")" separator=",">
            #{list[${index}]}
        </foreach>
    </select>

    <update id="updateFileDelState">
        update t_file_data_info
        set del_flag = 2486, modify_time = now(), modify_user = #{userId}
        where del_flag = 2487 and id in
        <foreach collection="list" index="index" item="item" open="(" close=")" separator=",">
            #{list[${index}]}
        </foreach>
    </update>
    
    <select id="getListFileDataInfoByIdArray" resultType="com.xyb.order.common.material.model.FileDataInfo">
      select 
          data.id                     as id,
          data.apply_id               as applyId,
          data.name                   as name,
          data.`desc`,
          data.file_classification_id as fileClassifcationId,
          data.pic_path               as picPath,
          data.pic_group              as picGroup,
          data.sort                   as sort,
          data.file_name              as fileName,
          data.compress_path          as compressPath,
          data.operator_id            as operatorId,
          data.create_time            as createTime,
          data.create_user            as createUser,
          data.modify_user            as modifyUser,
          data.modify_time            as modifyTime,
          data.is_del                 as isDel
        from t_file_data_info data
        where data.id in
        <foreach collection="list" index="index" item="item" open="(" close=")" separator=",">
            #{list[${index}]}
        </foreach>
    </select>
    <select id="getApplyClientFileInfo" resultType="com.xyb.order.app.client.cuser.model.ApplyClientInfoDO">
        select
          cli.idcard_front_side as frontFileKey,
          cli.idcard_back_side  as backFileKey,
          cli.create_time       as modifyTime
        from t_apply_main_info main left join t_apply_client_info cli on main.client_id = cli.id
        where main.apply_id = #{applyId}
    </select>
</mapper>