<?xml version="1.0" encoding="UTF-8"?>
<!DOCTYPE mapper PUBLIC "-//mybatis.org//DTD Mapper 3.0//EN" "http://mybatis.org/dtd/mybatis-3-mapper.dtd">
<mapper namespace="com.xyb.order.common.currency.dao.CurrencyDao">
    <insert id="insertMainLog" parameterType="map">
        INSERT INTO t_apply_main_info_log (main_id, business_state, business_statename, create_time, create_user, create_username)
        VALUES (#{mainId}, #{businessState}, #{businessStateName}, now(), #{modifyUser}, #{modifyUserName})
    </insert>

    <insert id="insertMainLogList" parameterType="map">
        INSERT INTO t_apply_main_info_log (main_id, business_state, business_statename, create_time, create_user, create_username) VALUES
        <foreach collection="mainId" item="item" separator=",">
            (#{item}, #{businessState}, #{businessStateName}, now(), #{modifyUser}, #{modifyUserName})
        </foreach>
    </insert>
    <insert id="addMainLog" parameterType="com.xyb.order.common.currency.model.MainLogDTO">
        INSERT INTO t_apply_main_info_log (main_id, business_state, business_statename, create_time, create_user, create_username)
        VALUES (#{mainId}, #{businessState}, #{businessStateName}, now(), #{modifyUser}, #{modifyUserName})
    </insert>
    <update id="updateMainInfo" parameterType="map">
        UPDATE t_apply_main_info
        SET previous = #{previous}, state = #{state}, modify_time = now(), modify_user = #{modifyUser}
        WHERE id IN
        <foreach collection="mainId" item="item" index="" open="(" separator="," close=")">
          #{item}
        </foreach>
    </update>

    <update id="updateContractUidOrContractReviewId" parameterType="map">
        UPDATE t_apply_main_info
        SET 
          <choose>
          	<when test="type != null and type == 'A'.toString()">
          		contract_uid = #{contractUid},
          	</when>
          	<otherwise>
          		contract_review_uid = #{contractReviewUid},
          	</otherwise>
          </choose>
             modify_time = now(), modify_user = #{modifyUser}
        WHERE apply_id IN
        <foreach collection="applyIds" item="item" index="" open="(" separator="," close=")">
          #{item}
        </foreach>
    </update>
    
    <update id="updateMainInFo" parameterType="com.xyb.order.pc.applybill.model.ApplyBillMainInfoDO">
        UPDATE t_apply_main_info
        <trim prefix="set" suffixOverrides=",">
            <if test="applySouce != null">
                apply_source                       = #{applySouce},
            </if>
            <if test="expectProductId != null">
                expect_product_id                  = #{expectProductId},
            </if>
            <if test="expectProductName != null">
                expect_product_name                = #{expectProductName},
            </if>
            <if test="expectProductType != null">
                expect_product_type                = #{expectProductType},
            </if>
            <if test="expectMoney != null">
                expect_money                       = #{expectMoney},
            </if>
            <if test="expectTerm != null">
                expect_term                        = #{expectTerm},
            </if>
            <if test="applyTime != null">
                apply_time                         = #{applyTime},
            </if>
            <if test="clientId != null">
                client_id                          = #{clientId},
            </if>
            <if test="clientGrade != null">
                client_grade                       = #{clientGrade},
            </if>
            <if test="clientIdcard != null">
                client_idcard                      = #{clientIdcard},
            </if>
            <if test="clientRealName != null">
                client_real_name                   = #{clientRealName},
            </if>
            <if test="clientRealFlag != null">
                client_real_flag                   = #{clientRealFlag},
            </if>
            <if test="overdueFlag != null">
                overdue_flag                       = #{overdueFlag},
            </if>
            <if test="overdueFlag != null">
                overdue_leven                      = #{overdueLeven},
            </if>
            <if test="cousultId != null">
                consult_id                         = #{cousultId},
            </if>
            <if test="applyId != null">
                apply_id                           = #{applyId},
            </if>
            <if test="contractId != null">
                contract_id                        = #{contractId},
            </if>
             district_org_id=(select tr.org_id from t_org tr  where 1=1 and tr.org_id = substring(#{storeOrgId},1,6)  and tr.org_type ='2472'),
             branch_district_org_id=(select tr.org_id from t_org tr  where 1=1 and tr.org_id = substring(#{storeOrgId},1,8)  and tr.org_type ='2473'),
            <if test="storeOrgId != null">
                store_org_id                       = #{storeOrgId},
            </if>
            <if test="teamOrgId != null">
                team_org_id                        = #{teamOrgId},
            </if>
            <if test="managerUid != null">
                manager_uid                        = #{managerUid},
            </if>
            <if test="managerUname != null">
                manager_uname                      = #{managerUname},
            </if>
            <if test="teamManagerId != null">
                team_manager_id                    = #{teamManagerId},
            </if>
            <if test="teamManagerUname != null">
                team_manager_uname                 = #{teamManagerUname},
            </if>
            <if test="serviveManagerUid != null">
                servive_manager_uid                = #{serviveManagerUid},
            </if>
            <if test="serviveManagerName != null">
                servive_manager_name               = #{serviveManagerName},
            </if>
            <if test="serviceUid != null">
                service_uid                        = #{serviceUid},
            </if>
            <if test="serviceName != null">
                service_uname                      = #{serviceName},
            </if>
            <if test="contractUid != null">
                contract_uid                       = #{contractUid},
            </if>
            <if test="contractReviewUid != null">
                contract_review_uid                = #{contractReviewUid},
            </if>
            <if test="auditPrimaryUid !=null">
                audit_primary_uid                  = #{auditPrimaryUid},
            </if>
            <if test="auditPrimaryUname !=null">
                audit_primary_uname                = #{auditPrimaryUname},
            </if>
            <if test="auditEndUid != null">
                audit_end_uid                      = #{auditEndUid},
            </if>
            <if test="auditEndUname != null">
                audit_end_uname                    = #{auditEndUname},
            </if>
            <if test="visitCount != null">
                visit_count                        = #{visitCount},
            </if>
            <if test="isResuse != null">
                is_refuse                          = #{isResuse},
            </if>
            <if test="refuseCode != null">
                refuse_code                        = #{refuseCode},
            </if>
            <if test="refuseValue != null">
                refuse_value                       = #{refuseValue},
            </if>
            <if test="agreeProductId != null">
                agree_product_id                   = #{agreeProductId},
            </if>
            <if test="agreeProductLimit != null">
                agree_product_limit                = #{agreeProductLimit},
            </if>
            <if test="agreeAmount != null">
                agree_amount                       = #{agreeAmount},
            </if>
            <if test="loanChannelId != null">
                loan_channel_id                    = #{loanChannelId},
            </if>
            <if test="loanMoney != null">
                loan_money                         = #{loanMoney},
            </if>
            <if test="overFlag != null">
                over_flag                          = #{overFlag},
            </if>
            <if test="overTime != null">
                over_time                          = #{overTime},
            </if>
            <if test="submitConsultTime != null">
                submit_consult_time                = #{submitConsultTime},
            </if>
            <if test="submitApplyToAuditTime != null">
                submit_apply_to_audit_time         = #{submitApplyToAuditTime},
            </if>
            <if test="endauditOverTime != null">
                endaudit_over_time                 = #{endauditOverTime},
            </if>
            <if test="contractNum != null">
                contract_num                       = #{contractNum},
            </if>
            <if test="contractMoney != null">
                contract_money                     = #{contractMoney},
            </if>
            <if test="contractAuditAdoptTime != null">
                contract_audit_adopt_time          = #{contractAuditAdoptTime},
            </if>
            <if test="financeGiveLoanTime != null">
                finance_give_loan_time             = #{financeGiveLoanTime},
            </if>
            <if test="accountingDateTime != null">
                accounting_date_time               = #{accountingDateTime},
            </if>
            <if test="state != null">
                state                              = #{state},
            </if>
            <if test="previous != null">
                previous                           = #{previous},
            </if>
            <if test="clientAbandon != null">
                client_abandon                     = #{clientAbandon},
            </if>
            <if test="abandonReason != null">
                abandon_reason                     = #{abandonReason},
            </if>
            <if test="createTime != null">
                create_time                        = #{createTime},
            </if>
            <if test="createUser != null">
                create_user                        = #{createUser},
            </if>
            modify_time                            = now(),
            <if test="modifyUser != null">
                modify_user                        = #{modifyUser},
            </if>
            <if test="submitReconsiderTime != null">
                submit_reconsider_time             = #{submitReconsiderTime},
            </if>
            <if test="submitSignatoryVerificationTime != null">
                submit_signatory_verification_time = #{submitSignatoryVerificationTime},
            </if>
            <if test="applyNum != null">
                apply_num                          = #{applyNum},
            </if>
            <if test="isLoop != null">
                is_loop                            = #{isLoop},
            </if>
            <if test="isSignCheck != null">
                is_sign_check                      = #{isSignCheck},
            </if>
            <if test="signCheckContent != null">
                sign_check_content                 = #{signCheckContent},
            </if>
            <if test="teamOrgName != null">
                team_org_name                      = #{teamOrgName},
            </if>
            <if test="agreeProductName != null ">
                agree_product_name                 = #{agreeProductName},
            </if>
            <if test="monthRepaymentMoney != null">
                month_repayment_money              = #{monthRepaymentMoney},
            </if>
            <if test="serviceProportionType != null">
                service_proportion_type            = #{serviceProportionType},
            </if>
            <if test="unauthorized != null">
                unauthorized                       = #{unauthorized},
            </if>
            <if test="projectCode != null">
                project_code                       = #{projectCode},
            </if>
            <if test="isRiskHand != null">
                is_risk_hand                       = #{isRiskHand},
            </if>
            <if test="applyStatus != null">
                apply_status                       = #{applyStatus},
            </if>
            <if test="policyCode != null">
                policy_code                        = #{policyCode},
            </if>
            <if test="isApprovalPassed != null">
                is_approval_passed                 = #{isApprovalPassed},
            </if>
            <if test="reconsiderationQty != null">
                reconsideration_qty                = #{reconsiderationQty},
            </if>
            <if test="consultFlag != null">
                consult_flag                       = #{consultFlag},
            </if>
            <if test="consultContext != null ">
                consult_context                    = #{consultContext},
            </if>
            <if test="isIndeedCredit != null">
                is_indeed_credit                   = #{isIndeedCredit},
            </if>
            <if test="indeedCreditContext != null">
                indeed_credit_context              = #{indeedCreditContext},
            </if>
            <if test="productProportion != null">
                product_proportion                 = #{productProportion},
            </if>
            <if test="serviceProportion != null">
                service_proportion                 = #{serviceProportion},
            </if>
            <if test="visitSubmitAuditTime != null">
                visit_submit_audit_time            = #{visitSubmitAuditTime},
            </if>
            <if test="isSysAuditPass != null">
                is_sys_audit_pass                  = #{isSysAuditPass},
            </if>
        </trim>
        WHERE id = #{id}
    </update>

    <select id="queryProcessLog" resultType="com.xyb.order.common.currency.model.ProcessLogDO" parameterType="java.lang.Long">
        SELECT
          state.des       AS businessState,
          case log.business_state
          when 201
            then '信审'
          when 202
            then '信审'
          when 203
            then '信审'
          when 204
            then '信审'
          when 210
            then '信审'
          when 220
            then '信审'
          when 230
            then '信审'
          when 250
            then '信审'
          when 260
            then '信审'
          when 297
            then '信审'
          when 298
            then '信审'
          when 299
            then '信审'
          else u.name end AS operationUser,
          log.create_time AS operationTime
        FROM t_apply_main_info_log log left join t_user u on log.create_user = u.id
          left join t_credit_business_state state on log.business_state = state.id
        where log.main_id = #{mainId}
        ORDER BY log.create_time
    </select>

    <select id="findAllOrgServiceMangerForUserId" resultType="java.util.HashMap" parameterType="map">
        SELECT
        u.id AS id,u.name AS label
        FROM t_user u LEFT JOIN t_user_post up ON u.id = up.user_id
        LEFT JOIN t_post p ON p.id = up.post_id
        WHERE 1=1
        <if test="postCode != null">
            AND p.post_code = #{postCode}
        </if>
        <if test="orgId != null">
            AND (u.org_id LIKE CONCAT(#{orgId}, '%') OR u.org_id = #{orgId})
        </if>
        <if test="isValid != null">
            AND u.state = #{isValid}
        </if>
    </select>

    <select id="findAllTeamOrg" resultType="java.util.HashMap" parameterType="map">
        SELECT
        o.org_id AS id,o.org_name AS label
        FROM t_org o left join t_org_config config on config.org_id = o.org_id and config.config_item = 2483 left join t_org porg on o.pid = porg.id left join t_org_config pconfig on pconfig.org_id = porg.org_id and pconfig.config_item = 2483
        WHERE 1 = 1
        <if test="orgCode != null">
            AND o.org_type = #{orgCode}
        </if>
        <!--<if test="orgCode != null and orgCode == 2474">-->
            <!--AND config.switch_state = 2478-->
        <!--</if>-->
        <!--<if test="orgCode != null and orgCode == 2475">-->
            <!--AND pconfig.switch_state = 2478-->
        <!--</if>-->
        <if test="orgId != null">
            AND (o.org_id LIKE CONCAT(#{orgId}, '%') OR o.org_id = #{orgId})
        </if>
        <if test="isValid != null">
            AND o.del_flag = #{isValid}
        </if>
    </select>

    <select id="findAllProvince" resultType="java.util.HashMap">
        SELECT t.provinceid AS id,t.province AS label FROM t_cn_province t
    </select>

    <select id="findCityByParent" resultType="java.util.HashMap" parameterType="java.lang.Long">
        SELECT t.cityid AS id,t.city AS label FROM t_cn_city t WHERE t.fatherid = #{fatherId}
    </select>

    <select id="findAreaByParent" resultType="java.util.HashMap" parameterType="java.lang.Long">
        SELECT t.areaid AS id,t.area AS label FROM t_cn_area t WHERE t.fatherid = #{fatherId}
    </select>

    <select id="findAllProductByOrg" resultType="java.util.HashMap" parameterType="java.lang.Long">
        SELECT p.product_id AS id,product.product_name AS label FROM t_org_product p left join t_xyb_product product on product.id = p.product_id WHERE p.org_id =#{orgId} OR p.org_id LIKE CONCAT(#{orgId}, '%') group by p.product_id
    </select>

    <select id="findAllProduct" resultType="java.util.HashMap">
        select id as id,product_name as label from t_xyb_product where is_valid = 2484 and data_type = 2
    </select>

    <select id="findAllNation" resultType="java.util.HashMap">
        SELECT id AS id,native_name AS label FROM t_nation ORDER BY native_code ASC
    </select>

    <select id="findSysDict" resultType="java.util.HashMap" parameterType="map">
        SELECT id,label from t_sys_dict WHERE type_id = #{typeId} AND del_flag = #{state} order by sort asc
    </select>

    <select id="findProductLimit" resultType="java.util.HashMap" parameterType="map">
        SELECT ext.product_limit AS id,ext.product_limit AS label
        from t_xyb_product pro LEFT JOIN t_xyb_product_ext ext ON ext.product_id = pro.id
        WHERE pro.is_valid = #{isValid} AND ext.is_valid = #{isValid} and pro.data_type = 2 and ext.data_type = 2
        <if test="productId != null">
            AND pro.id = #{productId}
        </if>
        GROUP BY ext.product_limit
    </select>

    <select id="findRefuseCode" resultType="java.util.HashMap" parameterType="map">
        SELECT codes AS id,refuse_reason AS label
        FROM t_audit_code_info
        WHERE 1 =1
        <if test="isValid != null">
            AND is_valid = #{isValid}
        </if>
        <if test="isPrimary != null">
            AND is_primary = #{isPrimary}
        </if>
        <if test="refuseNode != null">
            AND refuse_node = #{refuseNode}
        </if>
    </select>

    <select id="getParameter" resultType="com.xyb.order.pc.task.model.ParameterConfigDO" parameterType="java.lang.String">
        SELECT
          id              AS id,
          parameter_code  AS parameterCode,
          parameter_value AS parameterValue,
          parameter_desc  AS parameterDesc,
          create_time     AS createTime,
          create_user     AS createUser,
          modify_time     AS modifyTime,
          modify_user     AS modifyUser,
          parameter_type  AS parameterType
        FROM t_parameter_config
        WHERE parameter_code = #{parameterCode}
              AND parameter_type = 2757
        LIMIT 1
    </select>
    <select id="findState" resultType="java.util.HashMap">
        select
          id  as id,
          des as label
        from t_credit_business_state
        where state = #{isValid}
        <if test="state != null">
            id IN
            <foreach collection="state" item="item" index="" open="(" separator="," close=")">
                #{item}
            </foreach>
        </if>
    </select>
    
    <select id="queryProductLimitByOrg" resultType="java.util.HashMap">
      select product_limit as id,product_limit as label from t_org_product where product_id = #{productId} and org_id = #{orgId} group by product_limit
    </select>
    <select id="getAppVersion" resultType="com.xyb.order.common.currency.model.AppVersionDO">
        select
          id           as id,
          app_type     as appType,
          device_type  as deviceType,
          version_code as versionCode,
          version_name as versionName,
          remark       as remark,
          update_url   as updateUrl,
          need         as need,
          is_show      as isShow,
          create_date  as createDate,
          modify_time  as modifyTime,
          create_user  as createUser,
          modify_user  as modifyUser
        from t_app_version
        where app_type = #{appType} and device_type = #{deviceType}
        order by modify_time desc
        limit 1
    </select>
    <select id="findBankCategory" resultType="java.util.HashMap">
        select id as id,bank_des as label
        from t_xyb_bank_code
    </select>

    <!-- 获取申请单信息 -->
    <select id="getApplyInfo" parameterType="java.lang.Long" resultType="com.xyb.credit.common.model.IndatainfoBeanDTO">
        SELECT
            t2.id apply_id,
            t2.apply_num apply_num,
            t1.consult_id consult_id,
            t1.client_id cus_id,
            t2.unauthorized,
            t2.unauthorized_remark unauthorizedRemark,
            date_format(t1.create_time,'%Y-%m-%d %T') incomeTime,
            t1.client_grade  isGoodClient,
            t2.max_return_money maxReturnMoney,
            t1.store_org_id org_id,
            t3.overdue_condition overdueCondition,
            t3.org_name org_value,
            t1.expect_product_id product_id,
            t1.expect_product_name product_name,
            t1.agree_product_limit refundLimit,
            t2.cus_source cus_source,
            t1.expect_money amount,
            t1.is_loop is_loop,
            t1.month_repayment_money month_return_amount,
            t1.team_org_id dept_id,
            t1.team_org_name dept_value,
            t1.team_manager_id saleManagerId,
            t1.team_manager_uname saleManagerName,
            t1.manager_uid saleId,
            t1.manager_uname saleName,
            t1.servive_manager_uid uidServiceId,
            t1.servive_manager_name uidServiceName,
            t2.borrow_desc_detail_code borrowDesc,
            date_format(t1.apply_time ,'%Y-%m-%d %T') applyDate
        FROM t_apply_main_info t1
        INNER JOIN t_apply_bill_info t2 ON t1.apply_id = t2.id
        LEFT JOIN t_org t3 ON t1.store_org_id = t3.org_id
        WHERE t1.id = #{applyMainId}
    </select>
    <!-- 获取审批产品期限信息 -->
    <select id="getProductExt" parameterType="java.lang.Long" resultType="com.xyb.credit.common.model.XybProductExtDTO">
        SELECT
          t1.id productExtId,
          t1.product_limit productLimit,
          t1.service_proportion serviceProportion,
          t1.product_proportion productProportion,
          t1.account_proportion accountProportion,
          t1.type type
        FROM t_apply_main_info main left join t_apply_bill_info bill on main.apply_id = bill.id left join t_xyb_product_ext t1 on bill.product_ext_id = t1.id
        WHERE main.id = #{applyMainId}
    </select>
    <!-- 客户基本信息 -->
    <select id="getClientInfo" parameterType="java.lang.Long"
            resultType="com.xyb.credit.common.model.ClientInfoBeanDTO">
        SELECT
            t1.name name,
            t1.gender  gender,
            date_format(t1.birthday,'%Y-%m-%d %T') birthday,
            t1.idcard idcard,
            t1.nation,
            t1.phone phone
        FROM t_apply_client_info t1
        WHERE t1.id = #{clientId}
    </select>
    <!-- 获取工作信息 -->
    <select id="getJobInfo" parameterType="java.lang.Long" resultType="com.xyb.credit.common.model.JobInfoBeanDTO">
        SELECT
            t1.comp_all_address compAllAddress,
            t1.comp_addres compAddress,
            t1.comp_addres_area compAddressArea,
            t1.comp_addres_area compAddressAreaValue,
            t1.comp_addres_city compAddressCity,
            t1.comp_addres_city compAddressCityValue,
            t1.comp_addres_province compAddressProvince,
            t1.comp_addres_province compAddressProvinceValue,
            t1.comp_dept compDept,
            t1.comp_duty compDuty,
            t1.comp_join_date compJoinDate,
            t1.comp_name compName,
            t1.comp_tell compTell,
            t1.comp_tell_area compTellArea,
            t1.comp_type compType,
            t1.staff_amount staffAmount,
            t1.salary salary,
            t1.comp_all_tell compAllTell
        FROM t_apply_job_info t1
        WHERE t1.apply_id = #{applyId}
    </select>
    <!-- 获取联系人信息 -->
    <select id="getLinkManInfoList" parameterType="java.lang.Long"
            resultType="com.xyb.credit.common.model.LinkmanInfoBeanDTO">
        SELECT
          t1.id linkmanId,
          t1.address address,
          t1.all_address allAddress,
          t1.area area,
          t1.city city,
          t1.province province,
          t1.comp_name compName,
          t1.contact_type as contactType,
          t1.name name,
          t1.relation,
          t1.phone1 tell,
          t1.phone1 phone1,
          t1.phone2 phone2,
          t1.phone3 phone3
        FROM t_apply_linkman_info t1
        WHERE t1.apply_id = #{applyId}
        and t1.phone1 is not null
        and t1.name is not null
        and t1.phone1 != ''
        and t1.name != ''
    </select>
    <!-- 获取客户详细信息 -->
    <select id="getPersonalInfo" parameterType="java.lang.Long"
            resultType="com.xyb.credit.common.model.PersonalInfoBeanDTO">
        SELECT
            t1.all_tell all_tell,
            t1.bank_card bank_card,
            t1.bank_deposit bank_deposit,
            t1.bank_username bank_username,
            t1.change_times change_times,
            t1.children,
            t1.children_age_end children_age_end,
            t1.children_age_start children_age_start,
            t1.children_num children_num,
            t1.credit_limit credit_limit,
            t1.dependents_case dependents_case,
            t1.education education,
            t1.email email,
            t1.family_zip family_zip,
            t1.home_all_address home_all_address,
            t1.home_town home_town,
            t1.home_town_area home_town_area,
            t1.home_town_city home_town_city,
            t1.home_town_province home_town_province,
            t1.is_open is_open,
            t1.live_case live_case,
            t1.live_join live_join,
            t1.marriage marriage,
            t1.month_money month_money,
            t1.now_address now_address,
            t1.now_address_area now_address_area,
            t1.now_address_city now_address_city,
            t1.now_address_province now_address_province,
            t1.now_all_address now_all_address,
            t1.payrool_day payrool_day,
            t1.phone1 phone1,
            t1.phone1_useyears phone1_useyears,
            t1.phone2 phone2,
            t1.phone2_useyears phone2_useyears,
            t1.provider_condition provider_condition,
            t1.provider_num provider_num,
            t1.qq qq,
            t1.tell tell,
            t1.tell_area tell_area,
            t1.valid_assets valid_assets,
            t1.valid_assets_other valid_assets_other,
            t1.valid_time valid_time,
            t1.webchat webchat,
            t1.year_income year_income
        FROM t_apply_personal_info t1
        WHERE t1.apply_id = #{applyId}
    </select>
    <!-- 字典转换 -->
    <select id="getThirdParam" parameterType="java.lang.Long" resultType="com.xyb.credit.common.model.ThirdParam">
        SELECT
          CASE t1.live_case
            WHEN 1240 THEN '1'
            WHEN 1245 THEN '2'
            WHEN 1241 THEN '3'
            WHEN 1246 THEN '4'
            WHEN 1249 THEN '5'
          END liveCase,
          CASE t1.education
            WHEN 1597 THEN '1'
            WHEN 1598 THEN '1'
            WHEN 1596 THEN '2'
            WHEN 1595 THEN '3'
            ELSE '4'
          END education,
          CASE t1.marriage
            WHEN 2239 THEN '1'
            WHEN 2238 THEN '2'
            WHEN 2240 THEN '3'
            WHEN 2169 THEN '4'
          END marriage,
          CASE t1.live_join
            WHEN 2099 THEN '1'
            WHEN 2098 THEN '2'
            WHEN 2100 THEN '2'
            WHEN 2101 THEN '3'
            ELSE '4'
          END liveJoin
        FROM t_apply_personal_info t1
        WHERE t1.apply_id = #{applyId}
    </select>

    <!-- 获取mq消息消费 -->
    <select id="getMessageConsumeLog" resultType="java.lang.Integer" parameterType="java.util.Map">
        SELECT
        count(*)
        FROM t_message_consume_log
        WHERE message_id = #{messageId}
    </select>

    <!--获得风险提报数据-->
    <select id="getFxtbJson" resultType="map">
        select
          ifnull(main.apply_id, '')            as applyId,
          ifnull(main.apply_num, '')           as applyNum,
          ifnull(main.client_idcard, '')       as idCard,
          ifnull(per.phone1, '')               as phone
        from t_apply_main_info main
          left join t_apply_personal_info per on per.apply_id = main.apply_id
        where main.id = #{mainId}
    </select>

    <!--获得风险提报数据-->
    <select id="getFXTBDTO" resultType="map">
        select
          ifnull(main.apply_id, '')            as applyId,
          ifnull(main.client_id, '')           as clientId,
          ifnull(main.apply_num, '')           as applyNum,
          ifnull(main.submit_consult_time, '') as applyDate,
          ifnull(main.client_idcard, '')       as idcard,
          ifnull(main.client_real_name, '')    as cusName,
          ifnull(per.phone1, '')               as phone1,
          ifnull(per.home_town_province, '')   as nowAddressProvince,
          ifnull(per.home_town_city, '')       as nowAaddressCity,
          ifnull(per.home_town_area, '')       as nowAddressArea,
          ifnull(per.home_town, '')            as homeAllAddress,
          ifnull(per.home_all_address, '')     as nowAllAddress
        from t_apply_main_info main left join t_apply_bill_info bill on main.apply_id = bill.id
          left join t_apply_personal_info per on per.apply_id = main.apply_id
        where main.id = #{mainId}
    </select>

    <select id="findRefuseCodeFull" resultType="java.util.Map">
        select
          code.id    as id,
          code.codes as label
        from t_audit_code_info code
        where code.is_valid = 2486 and code.is_primary = 2487
    </select>

    <select id="findRefuseCodeComprehensive" resultType="java.util.Map">
--         select a.*
--         from (select
--                 case left(code.codes, 2)
--                 when 'D3'
--                   then 'D3'
--                 when 'D4'
--                   then 'D4'
--                 else code.codes end         as id,
--                 case left(code.codes, 2)
--                 when 'D3'
--                   then parent.refuse_reason
--                 when 'D4'
--                   then parent.refuse_reason
--                 else code.refuse_reason end as label
--               from t_audit_code_info code left join t_audit_code_info parent on code.parent_id = parent.id
--               where code.is_valid = 2486 and code.is_primary = 2487) a
--         group by a.id
        select a.*
        from (select
                code.id             as id,
                case left(code.codes, 2)
                when 'D3'
                  then 'D3'
                when 'D4'
                  then 'D4'
                else code.codes end as label
              from t_audit_code_info code
              where code.is_valid = 2486 and code.is_primary = 2487) a
        group by a.label
    </select>


    <!-- 添加mq消息消费 -->
    <insert id="addMessageConsumeLog" parameterType="java.util.Map">
        INSERT INTO t_message_consume_log (message_id,order_id,create_time) VALUES (#{messageId},#{orderId},NOW())
    </insert>

    <!-- 接口日志添加 -->
    <insert id="addCheatInterfaceLog" parameterType="com.xyb.credit.common.model.CheatInterfaceLogDO">
        INSERT INTO t_cheat_interface_log
        (apply_main_id,interface_flag,request_url,request_json,submit_node,submit_user,create_time,create_user)
        VALUES
        (#{applyMainId},#{interfaceFlag},#{requestUrl},#{requestJson},#{submitNode},#{submitUser},NOW(),#{createUser})
    </insert>

    <!--根据省份名称查询ID-->
    <select id="getProvinceCodeByName" resultType="java.lang.Long">
        select provinceid
        from t_cn_province
        where province = #{province}
    </select>

    <!--根据市名称查询ID-->
    <select id="getCityCodeByName" resultType="java.lang.Long">
        select cityid
        from t_cn_city
        where city = #{city}
        <if test="fatherid != null">
            and fatherid = #{fatherid}
        </if>
    </select>

    <!--根据区县名称查询ID-->
    <select id="getAreaCodeByName" resultType="java.lang.Long">
        select areaid
        from t_cn_area
        where area = #{area}
        <if test="fatherid != null">
            and fatherid = #{fatherid}
        </if>
    </select>
    <select id="findSubordinates" resultType="java.util.Map">
        select
          org.org_id   AS id,
          org.org_name AS label
        from t_org porg left join t_org org on porg.id = org.pid
          left join t_org_config orgconfig on org.org_id = orgconfig.org_id and orgconfig.config_item = 2483
          left join t_org_config pconfig on porg.org_id = pconfig.org_id and pconfig.config_item = 2483
        where
          if(porg.org_type = 2473, orgconfig.switch_state = 2478, 1 = 1)
          and if(porg.org_type = 2474, pconfig.switch_state = 2478, 1 = 1)
          and porg.org_id = #{orgId}
          and org.org_type = (porg.org_type + 1)
          and org.del_flag = 2484
          and porg.del_flag = 2484
    </select>

    <!--查询上级机构-->
    <select id="findSuperior" resultType="java.util.Map">
        select
          parent.org_id   AS id,
          parent.org_name AS label
        from t_org parent left join t_org son on parent.id = son.pid
        where son.org_id = #{orgId}
    </select>

    <select id="findTeamManagerByOrgId" resultType="java.util.Map">
        select
          u.id   as id,
          u.name as label
        from t_user u left join t_user_post up on u.id = up.user_id
          left join t_post p on up.post_id = p.id
        where p.post_code = 2721
        <if test="teamOrgId != null">
            and u.org_id = #{teamOrgId}
        </if>
        <if test="storeOrgId != null">
            and u.org_id like concat(#{storeOrgId},'%')
        </if>
    </select>
</mapper>