<?xml version="1.0" encoding="UTF-8"?>
<!DOCTYPE mapper PUBLIC "-//mybatis.org//DTD Mapper 3.0//EN" "http://mybatis.org/dtd/mybatis-3-mapper.dtd">
<mapper namespace="com.xyb.order.pc.contract.dao.XybContractAuditDao">

 <resultMap id="resultXybContratAuditDOMap" type="com.xyb.order.pc.contract.model.XybContractAuditDO">
 		  <result column="id" property="id"/>
	      <result column="contract_id" property="contractId"/>
	      <result column="apply_id" property="applyId"/>
	      <result column="contract_audit_result" property="contractAuditResult"/>
	      <result column="contract_audit_remark" property="contractAuditRemark"/>
	      <result column="refuse_reason" property="refuseReason"/>
	      <result column="create_user" property="createUser"/>
	      <result column="create_name" property="createName"/>
	      <result column="create_time" property="createTime"/>
	      <result column="modify_time" property="modifyTime"/>
	      <result column="modify_user" property="modifyUser"/>
	      <result column="modify_name" property="modifyName"/>
	      <result column="is_line" property="isLine"/>
	      <result column="is_temp_save" property="isTempSave"/>
	      <result column="back_reason" property="backReason"/>
	      <result column="back_reason_name" property="backReasonName"/>
 </resultMap>
 
 <insert id="insertContractAudit" keyProperty="id" useGeneratedKeys="true">
 	INSERT INTO `t_xyb_contract_audit` (
		`contract_id`,
		`apply_id`,
		`contract_audit_result`,
		`contract_audit_remark`,
		`refuse_reason`,
		`create_user`,
		`create_name`,
		`create_time`,
		`modify_time`,
		`modify_user`,
		`modify_name`,
		`is_line`,
		`is_temp_save`,
		`back_reason`,
		back_reason_name
	)
	VALUES
	(
		#{contractId,jdbcType=BIGINT},
		#{applyId,jdbcType=BIGINT},
		#{contractAuditResult,jdbcType=BIGINT},
		#{contractAuditRemark,jdbcType=VARCHAR},
		#{refuseReason,jdbcType=VARCHAR},
		#{createUser,jdbcType=BIGINT},
		#{createName,jdbcType=VARCHAR},
		NOW(),
		NOW(),
		#{modifyUser,jdbcType=BIGINT},
		#{modifyName,jdbcType=DATE},
		#{isLine,jdbcType=BIGINT},
		#{isTempSave,jdbcType=BIGINT},
		#{backReason,jdbcType=VARCHAR},
		#{backReasonName,jdbcType=VARCHAR}
	);
 </insert>
 
 <insert id="insertXybContractAuditRecord">
 	INSERT INTO `t_xyb_contract_audit_record` (
	   `apply_id`,
	   `contract_id`,
	   `contract_audit_id`,
	   `dispose_result`,
	   `record_info`,
	   `record_name`,
	   `create_user`,
	   `create_time`,
	   `modify_user`,
	   `modify_time`,
	   `back_reason`,
	   `back_reason_name`,
	   `refuse_reason`
	)
	VALUES
	(
		#{applyId,jdbcType=BIGINT},
		#{contractId,jdbcType=BIGINT},
		#{contractAuditId,jdbcType=BIGINT},
		#{disposeResult,jdbcType=VARCHAR},
		#{recordInfo,jdbcType=VARCHAR},
		#{recordName,jdbcType=VARCHAR},
		#{createUser,jdbcType=BIGINT},
		NOW(),
		#{modifyUser,jdbcType=BIGINT},
		NOW(),
		#{backReason,jdbcType=VARCHAR},
		#{backReasonName,jdbcType=VARCHAR},
		#{refuseReason,jdbcType=VARCHAR}
	);
 </insert>
 
 <update id="updateContractAuditNotNull">
 		UPDATE `t_xyb_contract_audit`
			<trim prefix="set" suffixOverrides=",">
				<if test="contractId != null">
 					`contract_id` = #{contractId},
 				</if>
 				<if test="applyId != null">
 					`apply_id` = #{applyId},
 				</if>
 				<if test="contractAuditResult != null">
 					`contract_audit_result` = #{contractAuditResult},
 				</if>
 				<if test="contractAuditRemark != null ">
 					`contract_audit_remark` = #{contractAuditRemark},
 				</if>
 				<if test="refuseReason != null">
 					`refuse_reason` = #{refuseReason},
 				</if>
 				<if test="createUser != null">
 					`create_user` = #{createUser},
 				</if>
 				<if test="createName != null ">
 					`create_name` = #{createName},
 				</if>
 				<if test="createTime != null">
 					`create_time` = #{createTime},
 				</if>
 				<if test="modifyTime != null">
 					`modify_time` = #{modifyTime},
 				</if>
 				<if test="modifyUser != null">
 					`modify_user` = #{modifyUser},
 				</if>
 				<if test="modifyName != null ">
 					`modify_name` = #{modifyName},
 				</if>
 				<if test="isLine != null">
 					`is_line` = #{isLine},
 				</if>
 				<if test="isTempSave != null">
 					`is_temp_save` = #{isTempSave},
 				</if>
 				<if test="backReason != null">
 					`back_reason` = #{backReason},
 				</if>
 				<if test="backReasonName != null">
 					`back_reason_name` = #{backReasonName},
 				</if>
 			</trim>	
		WHERE
			1=1
			<if test="id != null" >
	    		and id =  #{id}
			</if>
			<if test="applyId != null" >
	    		and apply_id =  #{applyId}
			</if>
 </update>
 <!-- 查询T_XYB_CONTRACT_AUDIT列表 --> 
 <select id="listContractAuditPage" resultType="com.xyb.order.pc.contract.model.XybContractAuditListVO" parameterType="com.xyb.order.pc.contract.model.XybContractAuditQueryDTO">
	SELECT
		t0.apply_id applyId,
		t0.apply_num applyNum,
		t2.contract_num contractNum,
		t0.agree_product_name agreeProductName,
    	t0.modify_time submitTime,
		t3.name custName,
		t3.idcard idCard,
		t0.agree_amount agreeAmount,
		t0.contract_money contractAmount,
		t0.agree_product_limit agreeProductLimit,
   		t5.ORG_NAME ORGNAME,
		(SELECT d.label from t_sys_dict d where d.id=t0.is_sign_check) as signCheck,
		t4.is_temp_save isTempSave,
		CASE  WHEN t4.is_temp_save is null THEN '未处理' WHEN t4.is_temp_save=2486 THEN '已暂存' ELSE '未处理' END AS isTempSaveName,
		(SELECT u.name from t_user u where u.id=t0.contract_review_uid) as processer,
	 	t0.loan_money as confirmAmout
	FROM
    	t_apply_main_info t0 
    	    LEFT JOIN t_apply_bill_info t1 on t0.apply_id=t1.id
    	   	LEFT JOIN t_apply_client_info t3 on t3.id=t0.client_id
			LEFT JOIN t_xyb_contract t2 ON t0.apply_id=t2.apply_id
			LEFT JOIN t_xyb_contract_audit t4 on t4.apply_id=t0.apply_id
			LEFT JOIN t_org t5 ON t0.store_org_id = t5.ORG_ID
	WHERE
		1 = 1
		and t0.STATE = 142
		<if test="userId != null and userId > 0">
			and t0.contract_review_uid = #{userId}
		</if>
		<if test="applyNum != null and applyNum !=''" >
	    	and t0.apply_num =  #{applyNum}
		</if>
		<if test="custName != null and custName !=''" >
	    	and t0.client_real_name =  #{custName}
		</if>
		<if test="idCard != null and idCard != ''" >
	   		and t0.client_idcard =  #{idCard}
		</if>
		<if test="signCheck != null and signCheck > 0">
			and t0.is_sign_check = #{signCheck}
		</if>
		<if test="agreeProductLimit != null and agreeProductLimit > 0">
			and t0.agree_product_limit = #{agreeProductLimit}
		</if>
		<if test="isTempSave != null and isTempSave > 0 and isTempSave == 2486">
			and t4.is_temp_save = #{isTempSave}
		</if>
		<if test="isTempSave != null and isTempSave > 0 and isTempSave == 2487">
			AND (t4.is_temp_save = 2487 or t4.is_temp_save is null) 
		</if>
		order by t0.modify_time asc
	</select>

 <!-- 查询合同详情信息 -->
	<select id="getXybContractAuditDetailVO" parameterType="com.xyb.order.pc.contract.model.XybContractAuditDetailDTO" resultType="com.xyb.order.pc.contract.model.XybContractAuditDetailVO">
		SELECT
			m.apply_num as applyNum,
 		    a.borrow_desc_code as borrowDesc,
			d.label as borrowDescName,
  			m.agree_amount as agreeAmount,
  			m.loan_money as loanMoney,
  			m.agree_product_limit as agreeTimeLimit,
  		    (SELECT u.`name` from t_user u where u.id=a.manager_id) as saleName,
 			a.store_org_id as orgId,
        	o.org_name as orgName,
  			a.agree_product_id as productId,
			m.agree_product_name as productName,
  			(SELECT n.`name` from t_user n where n.id=a.service_uid) as serviceName,
  			(select b.`name` from t_apply_client_info b where b.id=a.cus_Id) AS clientName,
			(select b.idcard from t_apply_client_info b where b.id=a.cus_Id) AS idCard,
			(select b.phone from t_apply_client_info b where b.id=a.cus_Id) AS phone,
  			c.now_address_province as proviceId,
  			(select p.province from t_cn_province p where p.provinceid=c.now_address_province) as provinceName,
 			c.now_address_city as cityId,
        	(select y.city from t_cn_city y where y.cityid=c.now_address_city ) as cityName,
  			c.now_address_area as areaId,
       		(select e.area from t_cn_area e where e.areaid=c.now_address_area) as areaName,
  			c.now_address as nowAddress,
  			m.contract_money as contractAmount,
  			m.service_proportion as serviceRate,
 		 	m.product_proportion as productRate,
  			a.service_amount as serviceAmount,
  			m.month_repayment_money as monthReturnAmount,
  			(SELECT s.label from t_sys_dict s where 1=1 and s.id=m.is_loop) as isLoopName,
			clientUser.name as recommender,
			m.loan_money as confirmAmout
		FROM
			t_apply_main_info m
			LEFT JOIN t_apply_bill_info a ON m.apply_id = a.id
			LEFT JOIN t_apply_client_info client on m.client_id=client.id
			left join t_client_user clientUser on client.referee = clientUser.id
			LEFT JOIN t_apply_personal_info c on c.apply_id=a.id
      		LEFT JOIN t_org o on o.org_id=m.store_org_id
      		LEFT JOIN t_sys_dict d on d.id=a.borrow_desc_code
			where a.id=#{applyId}
	</select>
	
		<!-- 根据applyId查询合同审核信息 -->
	<select id="listContractAuditRecordDO" resultType="com.xyb.order.pc.contract.model.XybContractAuditRecordDO" parameterType="java.lang.Long">
  		SELECT
  			t1.id as id,
  			t1.contract_id  as contractId,
  			t1.apply_id as applyId,
  			t1.contract_audit_id as contractAuditId,
  			t1.dispose_result as disposeResult,
  			t1.record_info as recordInfo,
  			t1.record_name as recordName,
  			t1.create_user as createUser,
  			t1.create_time as createTime,
  			t1.modify_user as modifyUser,
  			t1.modify_time as modifyTime,
  			t1.back_reason as backReason,
  			t1.refuse_reason as refuseReason
  		FROM
  			t_xyb_contract_audit_record t1
  			where 1=1
  			and t1.apply_id =  #{applyId}
			order by t1.create_time desc
	</select>
	
	<select id="getXybContractAuditDO" resultMap="resultXybContratAuditDOMap" parameterType="map">
		select b.* from t_xyb_contract_audit b 
		where 1=1
			<if test="applyId != null">
				and b.apply_id = #{applyId}
			</if>
	</select>
	
	<select id="getXybContractTbDO" resultType="com.xyb.order.pc.contract.contracttb.model.XybContractTbDO" parameterType="Object">
		SELECT
		t.id applyId,
		a.agree_product_name productName,
		a.agree_product_limit productLimit,
		a.contract_money contractAmount,
		s.label borrowDesc,
		t.service_amount serviceFee,
		c.gender,
		c.birthday,
		p.home_all_address householdRegister,
		p.education,
		p.marriage,
		p.children,
		(
			SELECT
				label
			FROM
				t_sys_dict d
			WHERE
				d.`value` = j.job_nature
			AND d.type = 'xyb_job_nature'
			AND d.del_flag = 'N'
		) jobType,
		(
		SELECT
			t1.ORG_NAME
		FROM
			t_org t1
		WHERE
			t1.ORG_ID = t.store_org_id
		) incomeCity,
		(
			SELECT
				t2. NAME
			FROM
				t_user t2
			WHERE
				t2.LOGIN_ID = t.manager_id
		) saleManager,
			DATE_FORMAT(a.submit_apply_to_audit_time, '%Y%m%d') applyDate
		FROM
			t_apply_bill_info t
		LEFT JOIN t_apply_main_info a on a.apply_id=t.id
		LEFT JOIN t_apply_client_info c ON t.cus_Id = c.id
		LEFT JOIN t_apply_job_info j ON t.id = j.apply_id
		LEFT JOIN t_apply_personal_info p ON t.id = p.apply_id
		LEFT JOIN t_sys_dict s on s.id = t.borrow_desc_code
		WHERE
			1 = 1
			AND t.id = #{applyId}
	</select>
	
	<select id="getAuditOtherHouseCount" resultType="java.lang.Integer" parameterType="Object">
		select count(apply_id) 
	 	from t_audit_other_house  where apply_id = #{applyId} 
	</select>
	
	<!-- 根据applyId 查询附件 -->
	<select id="getPicsByApplyId" resultType="map"  parameterType="Object">
		SELECT
			t1.file_code fileCode,
			t2.pic_path picPath,
			t2.file_name  fileName
		FROM
			t_file_classification t1,
			t_file_data_info t2
		WHERE
			t1.id = t2.file_classification_id
			AND t2.apply_id = #{applyId}
			AND t2.del_flag = 2487
			ORDER BY
			t2.file_classification_id,
			t2.create_time
	</select>
	
		<!-- 根据applyId 查询披露信息附件 -->
	<select id="getAnnouncePicsByApplyId" resultType="map"  parameterType="Object">
		SELECT
			t1.file_code fileCode,
			t2.pic_path picPath,
			t2.file_name  fileName
		FROM
			t_file_classification t1,
			t_file_data_info t2
		WHERE
			t1.id = t2.file_classification_id
			AND t2.apply_id = #{applyId}
			AND t1.file_code = "PLYX1"
			AND t2.del_flag = 2487
			AND t2.create_time like CONCAT(CONCAT(
				left ((
					SELECT
						t2.create_time
					FROM
						t_file_classification t1,
						t_file_data_info t2
					WHERE
						t1.id = t2.file_classification_id
						AND t2.apply_id = #{applyId}
						AND t1.file_code = "PLYX1"
						AND t2.del_flag = 2487
						ORDER BY t2.create_time desc LIMIT 1),10)),'%'
				)
				
		 UNION
		 
		 SELECT
			t1.file_code fileCode,
			t2.pic_path picPath,
			t2.file_name  fileName
		 FROM
			t_file_classification t1,
			t_file_data_info t2
		 WHERE
			t1.id = t2.file_classification_id
			AND t2.apply_id = #{applyId}
			AND t1.file_code = "PLYX2"
			AND t2.del_flag = 2487
			AND t2.create_time like CONCAT(CONCAT(
				left ((
					SELECT
						t2.create_time
					FROM
						t_file_classification t1,
						t_file_data_info t2
					WHERE
						t1.id = t2.file_classification_id
						AND t2.apply_id = #{applyId}
						AND t1.file_code = "PLYX2"
						AND t2.del_flag = 2487
						ORDER BY t2.create_time desc LIMIT 1),10)),'%'
				)		
		
	</select>
	
	 <select id="getContractTbItem" parameterType="java.lang.Long" resultType="com.xyb.order.pc.contract.contracttb.model.ContractTbItem">
  	SELECT
<!-- 		c.`name` realName,
  		c.idcard idCard,
  		'0' idType,
  		(SELECT CASE when cli.gender=2205 THEN '0' ELSE '1' END from t_apply_client_info cli where cli.id=t.client_id ) sex,
  		p.phone1 mobile,
  		DATE_FORMAT(c.birthday, '%Y-%m-%d') birthday,
  		p.email email,
  		p.webchat wx,
  		t.apply_num loanNo, -->
  		s.acc_id acctId,
		t.apply_id applyId,
		(SELECT sys.label from t_sys_dict sys where sys.id = b.borrow_desc_code) title,
  		'0' type,
  		'0' subType,
		(SELECT sys.label from t_sys_dict sys where sys.id = b.borrow_desc_code) purpose,
		t.contract_money amount,
  		t.product_proportion rate,
  		'0' repayType,
  		t.agree_product_limit months,
		'0' days,
  		(SELECT sys.label from t_sys_dict sys where sys.id = b.borrow_desc_detail_code) description,
		t.back_service_charge serviceFee,
  		'0' repayFeeRate
	FROM
		t_apply_main_info t
		LEFT JOIN t_apply_bill_info b ON b.id = t.apply_id
		LEFT JOIN t_apply_personal_info p ON t.apply_id = p.apply_id
		LEFT JOIN t_apply_client_info c ON t.client_id = c.id
		LEFT JOIN t_deposit_account_statement_info s on s.client_id=t.client_id
	WHERE
		1 = 1
		AND t.apply_id = #{applyId}
  </select>
  
    <select id="getContractTbItemDetail" parameterType="java.lang.Long" resultType="com.xyb.order.pc.contract.contracttb.model.ContractTbItemDetail">
  	SELECT
		t.apply_id applyId,
		t.agree_product_name productId,
		t.contract_money contractAmount,
  		(SELECT sys.label from t_sys_dict sys where sys.id = b.borrow_desc_code) borrowDesc,
		t.product_proportion interestRate,
		t.back_service_charge serviceFee,
		0.00 managerFee,
		0 returnType,
		DATE_FORMAT(c.birthday, '%Y-%m-%d') birthday,
		p.home_all_address householdRegister,
 		(SELECT sys.id from t_sys_dict sys where p.education=sys.id) education,
 		(SELECT sys.id from t_sys_dict sys where p.marriage=sys.id) marriage,
 		CASE WHEN P.children_num=2813 THEN 'N' ELSE 'Y' END children,
		(SELECT IF(COUNT(1) > 0,'Y','N') FROM t_audit_other_house aoh WHERE aoh.apply_id = t.apply_id )houseInfo,
		'N' carInfo,
		c.idcard idCard,
		p.phone1 phone1,
		t.agree_amount agreeAmount,
		t.agree_product_limit productLimit,
		c.`name` name,
		(SELECT	t1.org_name FROM t_org t1 WHERE t1.ORG_ID = t.store_org_id) incomeCity,
		(SELECT t2.`name` FROM t_user t2 WHERE t2.id = t.team_manager_id) saleManager,
  		0.00 repayFeeRate,
		(SELECT sys.label from t_sys_dict sys where j.job_nature=sys.id ) jobType,
		DATE_FORMAT(t.create_time, '%Y-%m-%d') applyDate,
		p.year_income yearIncome,	
		IFNULL(temp2.overDueNum,0) overDueNum,
 		IFNULL(temp2.overDueAmt,0) overDueAmt,
  		'自然人' borrowerSubject,
		'身份证' certificateType,
  		x.client_label borrowerLabel
	FROM
		t_apply_main_info t
		LEFT JOIN t_apply_bill_info b ON b.id = t.apply_id
		LEFT JOIN t_apply_job_info j ON t.apply_id = j.apply_id
		LEFT JOIN t_apply_personal_info p ON t.apply_id = p.apply_id
		LEFT JOIN t_apply_client_info c ON t.client_id = c.id
		LEFT JOIN 
			(SELECT temp.id, COUNT(1) overDueNum, SUM(xcrp.month_return) overDueAmt FROM t_xyb_contract_repayment_plan xcrp,
		  		(SELECT ccb.contract_id, abi.id FROM t_apply_bill_info abi, t_collection_contract_base ccb
					WHERE
						ccb.cus_id = abi.cus_Id
						AND abi.is_loop = 2486
						AND ccb.state IN (2683, 2684, 2685)
						GROUP BY abi.id 
						ORDER BY ccb.create_time ASC
				) temp
			 WHERE
				xcrp.state = 2324
				AND xcrp.contract_id = temp.contract_id
				GROUP BY temp.id
			) temp2 ON temp2.id = t.id
	    LEFT JOIN t_xyb_contract x ON x.apply_id=t.apply_id
		WHERE
			1 = 1
		AND t.apply_id = #{applyId};
  </select>
</mapper>   