<?xml version="1.0" encoding="UTF-8"?>
<!DOCTYPE mapper PUBLIC "-//mybatis.org//DTD Mapper 3.0//EN" "http://mybatis.org/dtd/mybatis-3-mapper.dtd">
<mapper namespace="com.xyb.order.pc.contract.dao.XybContractDao">
 
 <resultMap id="resultXybContratDOMap" type="com.xyb.order.pc.contract.model.XybContractDO">
 		  <result column="id" property="id"/>
	      <result column="apply_id" property="applyId"/>
	      <result column="cus_number" property="cusNumber"/>
	      <result column="agree_effect" property="agreeEffect"/>
	      <result column="agree_failure" property="agreeFailure"/>
	      <result column="is_temp_save" property="isTempSave"/>
	      <result column="repayment_date_start" property="repaymentDateStart"/>
	      <result column="rep_date" property="repDate"/>
	      <result column="rep_date_new" property="repDateNew"/>
	      <result column="bank_type" property="bankType"/>
	      <result column="bank_account" property="bankAccount"/>
	      <result column="contract_province" property="contractProvince"/>
	      <result column="contract_city" property="contractCity"/>
	      <result column="contract_area" property="contractArea"/>
	      <result column="bank_account_open" property="bankAccountOpen"/>
	      <result column="contract_num" property="contractNum"/>
	      <result column="help_uid" property="helpUid"/>
	      <result column="help_name" property="helpName"/>
	      <result column="refund_card_num" property="refundCardNum"/>
	      <result column="is_credit_check" property="isCreditCheck"/>
	      <result column="is_attention" property="isAttention"/>
	      <result column="protocol_uid" property="protocolUid"/>
	      <result column="protocol_name" property="protocolName"/>
	      <result column="bank_check" property="bankCheck"/>
	      <result column="bank_check_uid" property="bankCheckUid"/>
	      <result column="bank_check_uname" property="bankCheckUname"/>
	      <result column="house_check" property="houseCheck"/>
	      <result column="house_check_uid" property="houseCheckUid"/>
	      <result column="house_check_name" property="houseCheckName"/>
	      <result column="contract_remark" property="contractRemark"/>
	      <result column="contract_view_path" property="contractViewPath"/>
	      <result column="contract_downloan_path" property="contractDownLoadPath"/>
	      <result column="contract_state" property="contractState"/>
	      <result column="create_user" property="createUser"/>
	      <result column="create_name" property="createName"/>
	      <result column="create_time" property="createTime"/>
	      <result column="modify_user" property="modifyUser"/>
	      <result column="modify_name" property="modifyName"/>
	      <result column="modify_time" property="modifyTime"/>
	      <result column="contract_abolition_time" property="contractAbolitionTime"/>
	      <result column="contract_abolition" property="contractAbolition"/>
	      <result column="contract_abolition_name" property="contractAbolitionName"/>
	      <result column="remarks" property="remarks"/>
	      <result column="is_repayment_plan" property="isRepaymentPlan"/>
	      <result column="loan_channel" property="loanChannel"/>
	      <result column="income_acount_num" property="incomeAcountNum"/>
	      <result column="is_NY_acount" property="isNyAcount"/>
	      <result column="loan_money_time" property="loanMoneyTime"/>
	      <result column="push_time" property="pushTime"/>
	      <result column="mp" property="mp"/>
	      <result column="type" property="type"/>
	      <result column="tb_state" property="tbState"/>
	      <result column="store_org_id" property="storeOrgId"/>
	      <result column="product_id" property="productId"/>
	      <result column="product_name" property="productName"/>
	      <result column="product_proportion" property="productProportion"/>
	      <result column="service_proportion" property="serviceProportion"/>
	      <result column="breach_proportion" property="breachProportion"/>
	      <result column="fine_proportion" property="fineProportion"/>
	      <result column="cust_name" property="custName"/>
	      <result column="cust_id" property="custId"/>
	      <result column="is_loop" property="isLoop"/>
	      <result column="month_repayment_money" property="monthRepaymentMoney"/>
	      <result column="product_limit" property="productLimit"/>
	      <result column="store_org_name" property="storeOrgName"/>
	      <result column="client_idcard" property="clientIdcard"/>
	      <result column="client_label_ids" property="clientLabelIds"/>
	      <result column="client_label" property="clientLabel"/>
	      <result column="dc_recommend_text" property="dcRecommendText"/>
 </resultMap>
 
 <insert id="insertContract" parameterType="com.xyb.order.pc.contract.model.XybContractDO" keyProperty="id" useGeneratedKeys="true">
 	 INSERT INTO `t_xyb_contract` (
		`apply_id`,
		`cus_number`,
		`agree_effect`,
		`agree_failure`,
		`is_temp_save`,
		`repayment_date_start`,
		`rep_date`,
		`rep_date_new`,
		`bank_type`,
		`bank_account`,
		`contract_province`,
		`contract_city`,
		`contract_area`,
		`bank_account_open`,
		`contract_num`,
		`help_uid`,
		`help_name`,
		`refund_card_num`,
		`is_credit_check`,
		`is_attention`,
		`protocol_uid`,
		`protocol_name`,
		`bank_check`,
		`bank_check_uid`,
		`house_check`,
		`house_check_uid`,
		`house_check_name`,
		`contract_remark`,
		`contract_view_path`,
		`contract_downloan_path`,
		`contract_state`,
		`create_user`,
		`create_name`,
		`create_time`,
		`modify_user`,
		`modify_name`,
		`modify_time`,
		`contract_abolition_time`,
		`contract_abolition`,
		`contract_abolition_name`,
		`remarks`,
		`is_repayment_plan`,
		`loan_channel`,
		`income_acount_num`,
		`is_NY_acount`,
		`loan_money_time`,
		`push_time`,
		`mp`,
		`type`,
		`tb_state`,
		`store_org_id`,
		`product_id`,
		`product_name`,
		`product_proportion`,
		`service_proportion`,
		`breach_proportion`,
		`fine_proportion`,
		`cust_name`,
		`cust_id`,
		`is_loop`,
		`month_repayment_money`,
		`product_limit`,
		`store_org_name`,
		`client_idcard`,
		`client_label_ids`,
		`client_label`,
		dc_recommend_text
	)
	VALUES
	(
		#{applyId,jdbcType=BIGINT},
		#{cusNumber,jdbcType=VARCHAR},
		#{agreeEffect,jdbcType=DATE},
		#{agreeFailure,jdbcType=DATE},
		#{isTempSave,jdbcType=VARCHAR},
		#{repaymentDateStart,jdbcType=DATE},
		#{repDate,jdbcType=INTEGER},
		#{repDateNew,jdbcType=INTEGER},
		#{bankType,jdbcType=BIGINT},
		#{bankAccount,jdbcType=VARCHAR},
		#{contractProvince,jdbcType=BIGINT},
		#{contractCity,jdbcType=BIGINT},
		#{contractArea,jdbcType=BIGINT},
		#{bankAccountOpen,jdbcType=VARCHAR},
		#{contractNum,jdbcType=VARCHAR},
		#{helpUid,jdbcType=INTEGER},
		#{helpName,jdbcType=VARCHAR},
		#{refundCardNum,jdbcType=VARCHAR},
		#{isCreditCheck,jdbcType=BIGINT},
		#{isAttention,jdbcType=BIGINT},
		#{protocolUid,jdbcType=BIGINT},
		#{protocolName,jdbcType=VARCHAR},
		#{bankCheck,jdbcType=BIGINT},
		#{bankCheckUid,jdbcType=VARCHAR},
		#{houseCheck,jdbcType=BIGINT},
		#{houseCheckUid,jdbcType=BIGINT},
		#{houseCheckName,jdbcType=VARCHAR},
		#{contractRemark,jdbcType=VARCHAR},
		#{contractViewPath,jdbcType=VARCHAR},
		#{contractDownLoadPath,jdbcType=VARCHAR},
		#{contractState,jdbcType=BIGINT},
		#{createUser,jdbcType=BIGINT},
		#{createName,jdbcType=VARCHAR},
		now(),
		#{modifyUser,jdbcType=BIGINT},
		#{modifyName,jdbcType=VARCHAR},
		now(),
		#{contractAbolitionTime,jdbcType=DATE},
		#{contractAbolition,jdbcType=BIGINT},
		#{contractAbolitionName,jdbcType=VARCHAR},
		#{remarks,jdbcType=VARCHAR},
		#{isRepaymentPlan,jdbcType=BIGINT},
		#{loanChannel,jdbcType=BIGINT},
		#{incomeAcountNum,jdbcType=VARCHAR},
		#{isNyAcount,jdbcType=BIGINT},
		#{loanMoneyTime,jdbcType=DATE},
		#{pushTime,jdbcType=DATE},
		#{mp,jdbcType=VARCHAR},
		#{type,jdbcType=BIGINT},
		#{tbState,jdbcType=BIGINT},
		#{storeOrgId,jdbcType=BIGINT},
		#{productId,jdbcType=BIGINT},
		#{productName,jdbcType=VARCHAR},
		#{productProportion,jdbcType=DECIMAL},
		#{serviceProportion,jdbcType=DECIMAL},
		#{breachProportion,jdbcType=DECIMAL},
		#{fineProportion,jdbcType=DECIMAL},
		#{custName,jdbcType=VARCHAR},
		#{custId,jdbcType=BIGINT},
		#{isLoop,jdbcType=BIGINT},
		#{monthRepaymentMoney,jdbcType=DECIMAL},
		#{productLimit,jdbcType=INTEGER},
		#{storeOrgName,jdbcType=VARCHAR},
		#{clientIdcard,jdbcType=VARCHAR},
		#{clientLabelIds,jdbcType=VARCHAR},
		#{clientLabel,jdbcType=VARCHAR},
		#{dcRecommendText,jdbcType=VARCHAR}
	);
 </insert>


<update id="updateContractNotNull" parameterType="Object">
	UPDATE `t_xyb_contract`
		 <trim prefix="set" suffixOverrides=",">
		    <if test="applyId != null">
		        `apply_id` = #{applyId},
		    </if>
		    <if test="cusNumber != null">
 				`cus_number` = #{cusNumber},
		    </if>
		    <if test="agreeEffect != null">
		    	 `agree_effect` = #{agreeEffect},
		    </if>
		    <if test="agreeFailure != null">
		    	 `agree_failure` = #{agreeFailure},
		    </if>
		    <if test="isTempSave !=null">
		    	`is_temp_save` = #{isTempSave},
		    </if>
 			<if test="repaymentDateStart != null ">
 				 `repayment_date_start` = #{repaymentDateStart},
 			</if>
 			<if test="repDate != null">
 				 `rep_date` = #{repDate},
 			</if>
 			<if test="repDateNew != null ">
 				 `rep_date_new` = #{repDateNew},
 			</if>
 			<if test="bankType != null">
 				 `bank_type` = #{bankType},
 			</if>
 			<if test="bankAccount != null">
 			      `bank_account` = #{bankAccount},
 			</if>
 			<if test="contractProvince != null">
 				  `contract_province` = #{contractProvince},
 			</if>
 			<if test="contractCity != null">
 				  `contract_city` = #{contractCity},
 			</if>
 			<if test="contractArea != null">
 				  `contract_area` = #{contractArea},
 			</if>
 			<if test="bankAccountOpen">
 				  `bank_account_open` = #{bankAccountOpen},
 			</if>
 			<if test="contractNum != null ">
 				  `contract_num` = #{contractNum},
 			</if>
 			<if test="helpUid != null">
 				 `help_uid` = #{helpUid},
 			</if>
 			<if test="helpName != null ">
 				 `help_name` = #{helpName},
 			</if>
 			<if test="refundCardNum != null ">
 				 `refund_card_num` = #{refundCardNum},
 			</if>
 			<if test="isCreditCheck != null">
 				 `is_credit_check` = #{isCreditCheck},
 			</if>
 			<if test="isAttention != null">
 				 `is_attention` = #{isAttention},
 			</if>
 			<if test="protocolUid != null">
 				 `protocol_uid` = #{protocolUid},
 			</if>
 			<if test="protocolName != null">
 				 `protocol_name` = #{protocolName},
 			</if>
 			<if test="bankCheck != null">
 				 `bank_check` = #{bankCheck},
 			</if>
 			<if test="bankCheckUid != null">
 				 `bank_check_uid` = #{bankCheckUid},
 			</if>
 			<if test="bankCheckUname != null">
 				 `bank_check_uname` = #{bankCheckUname},
 			</if>
 			<if test="houseCheck != null">
 				  `house_check` = #{houseCheck},
 			</if>
 			<if test="houseCheckUid != null">
 				  `house_check_uid` = #{houseCheckUid},
 			</if>
 			<if test="houseCheckName != null">
 				  `house_check_name` = #{houseCheckName},
 			</if>
 			<if test="contractRemark != null ">
 				  `contract_remark` = #{contractRemark},
 			</if>
 			<if test="contractViewPath != null ">
 				  `contract_view_path` = #{contractViewPath},
 			</if>
 			<if test="contractDownLoadPath != null ">
 				  `contract_download_path` = #{contractDownLoadPath},
 			</if>
 			<if test="contractState != null">
 				  `contract_state` = #{contractState},
 			</if>
 			<if test="createUser != null">
 				  `create_user` = #{createUser},
 			</if>
 			<if test="createName != null ">
 				`create_name` = #{createName},
 			</if>
 			<if test="createTime != null ">
 				`create_time` = #{createTime},
 			</if>
 			<if test="modifyUser != null">
 				`modify_user` = #{modifyUser},
 			</if>
 			<if test="modifyName != null ">
 				`modify_name` = #{modifyName},
 			</if>
 			`modify_time` = NOW(),
 			<if test="contractAbolitionTime != null">
 				`contract_abolition_time` = #{contractAbolitionTime},
 			</if>
 			<if test="contractAbolitionName != null">
 				`contract_abolition_name` = #{contractAbolitionName},
 			</if>
 			<if test="contractAbolition != null">
 				`contract_abolition` = #{contractAbolition},
 			</if>
 			<if test="remarks != null and remarks !=''">
 				`remarks` = #{remarks},
 			</if>
 			<if test="isRepaymentPlan != null">
 				`is_repayment_plan` = #{isRepaymentPlan},
 			</if>
 			<if test="loanChannel != null">
 				 `loan_channel` = #{loanChannel},
 			</if>
 			<if test="incomeAcountNum != null ">
 				`income_acount_num` = #{incomeAcountNum},
 			</if>
 			<if test="isNyAcount != null">
 				`is_NY_acount` = #{isNyAcount},
 			</if>
 			<if test="loanMoneyTime != null">
 				`loan_money_time` = #{loanMoneyTime},
 			</if>
 			<if test="pushTime != null">
 				`push_time` = #{pushTime},
 			</if>
 			<if test="mp != null ">
 				`mp` = #{mp},
 			</if>
 			<if test="type != null">
 				`type` = #{type},
 			</if>
 			<if test="tbState != null">
 				`tb_state` = #{tbState},
 			</if>
 			<if test="storeOrgId != null">
 				`store_org_id` = #{storeOrgId},
 			</if>
 			<if test="productId != null">
 				`product_id` = #{productId},
 			</if>
 			<if test="productName != null ">
 				`product_name` = #{productName},
 			</if>
 			<if test="productProportion != null">
 				`product_proportion` = #{productProportion},
 			</if>
 			<if test="serviceProportion != null">
 				`service_proportion` = #{serviceProportion},
 			</if>
 			<if test="breachProportion != null">
 				`breach_proportion` = #{breachProportion},
 			</if>
 			<if test="fineProportion != null">
 				`fine_proportion` = #{fineProportion},
 			</if>
 			<if test="custName != null ">
 				`cust_name` = #{custName},
 			</if>
 			<if test="custId != null">
 				`cust_id` = #{custId},
 			</if>
 			<if test="isLoop != null">
 				`is_loop` = #{isLoop},
 			</if>
 			<if test="monthRepaymentMoney != null">
 				`month_repayment_money` = #{monthRepaymentMoney},
 			</if>
 			<if test="productLimit != null">
 				`product_limit` = #{productLimit},
 			</if>
 			<if test="storeOrgName != null ">
 				`store_org_name` = #{storeOrgName},
 			</if>
 			<if test="clientIdcard != null">
 				`client_idcard` = #{clientIdcard},
 			</if>
 			<if test="clientLabelIds != null">
 				`client_label_ids` = #{clientLabelIds},
 			</if>
 			<if test="clientLabel != null">
 				`client_label` = #{clientLabel},
 			</if>
 			<if test="dcRecommendText != null">
 				`dc_recommend_text` = #{dcRecommendText}
 			</if>
 		</trim>	
	WHERE
		1=1
		<if test="id != null" >
	    	and id =  #{id}
		</if>
		<if test="applyId != null" >
	    	and apply_id =  #{applyId}
		</if>
</update>

	<!--修改用户合同表的银行卡信息-->
    <update id="updateContractBankInfo">
		update t_xyb_contract contract
		set contract.bank_type = #{bankType},
		contract.bank_account = #{bankAccount},
		contract.bank_account_open = #{bankAccountOpen},
		contract.refund_card_num = #{refundCardNum},
		contract.mp = #{mp},
		contract.cust_name = #{custName}
		where contract.id in (select main.contract_id
							  from t_apply_main_info main
							  where main.contract_settle_state = 2487 and main.contract_id is not null and
									main.client_id = #{clientId})
	</update>

    <!-- 根据id查询 t_xyb_contract -->
<select id="getXybContractDO"  resultMap="resultXybContratDOMap" parameterType="Object">
	select * 
	 from t_xyb_contract  where apply_id = #{applyId}
</select>


<!-- 查询T_XYB_CONTRACT列表 --> 
 <select id="listContractPage" resultType="com.xyb.order.pc.contract.model.XybContractListVO" parameterType="com.xyb.order.pc.contract.model.XybContractQueryDTO">
	SELECT
		t0.apply_id applyId,
		t0.id mainId,
		t0.apply_num applyNum,
		t0.is_sign_check signCheck,
		(select d.label from t_sys_dict d where   d.id=t0.is_sign_check) as signCheckName,
		t0.contract_num contractNum,
   		t5.ORG_NAME ORGNAME,
		t3.name custName,
		t0.agree_product_name agreeProductName,
		t0.agree_amount agreeAmount,
		t0.contract_money contractAmount,
		t2.is_temp_save isTempSave,
		case t2.is_temp_save when 2486 then '已暂存' else '未处理' end as isTempSaveName,
		t3.idcard idCard,
		t0.agree_product_limit agreeProductLimit,
		t0.endaudit_over_time updateDate,
		(select name from t_user where id = t0.contract_uid) processer,
	 	t0.contract_uid as processerUid,
		(select b.contract_audit_result from t_xyb_contract_audit b where 1=1 and b.contract_id=t2.id order by b.create_time desc limit 1) contractAuditResult,
		(select d.label from t_sys_dict d where 1=1 and  d.id=t7.contract_audit_result) as contractAuditResultName,
		case when t0.contract_uid is null then '未分配' else '已分配' end as isAllocation,
		t0.loan_money as confirmAmout,
		t0.back_service_charge as backServiceCharge
	FROM
    t_apply_main_info t0 
        LEFT JOIN t_apply_bill_info t1 on t0.apply_id=t1.id
        LEFT JOIN t_apply_client_info t3 on t3.id=t0.client_id
        LEFT JOIN t_org t5 ON t0.store_org_id = t5.ORG_ID
		LEFT JOIN t_xyb_contract t2 ON t0.apply_id=t2.apply_id
		LEFT JOIN (select b.* from t_xyb_contract_audit b where 1=1  order by b.create_time desc limit 1) t7 on  t7.contract_id=t2.id
	WHERE
		1 = 1
		and t0.STATE = 141 
		<if test="applyNum != null and applyNum !=''" >
	    	and t0.apply_num =  #{applyNum}
		</if>
		<if test="custName != null and custName !=''" >
	    	and t0.client_real_name =  #{custName}
		</if>
		<if test="idCard != null and idCard != ''" >
	   		and t0.client_idcard =  #{idCard}
		</if>
		<if test="orgId != null and orgId >0" >
			and t0.store_org_id like CONCAT(CONCAT('%', #{orgId}),'%')
		</if>
		<if test="signCheck != null and signCheck > 0">
			and t0.is_sign_check = #{signCheck}
		</if>
		<if test="isAllocation != null and isAllocation == 1886">
			and t0.contract_uid is not null
		</if>
		<if test="isAllocation != null and isAllocation == 1885">
			and t0.contract_uid is null
		</if>
		order by t0.modify_time asc
	</select>
	
	<!-- 查询T_XYB_CONTRACT_abolish列表 -->
 <select id="listContractAbolishPage" resultType="com.xyb.order.pc.contract.model.XybContractAbolishListVO" parameterType="com.xyb.order.pc.contract.model.XybContractAbolishQueryDTO">
	SELECT
		t0.apply_id applyId,
		t0.apply_num applyNum,
		t2.contract_num contractNum,
		t0.agree_amount agreeAmount,
		t0.endaudit_over_time submitTime,
		t3.name custName,
		t3.idcard idCard,
   		t5.ORG_NAME ORGNAME,
		t0.contract_money contractAmount,
		t4.des stateName,
		t2.contract_abolition_time abolishTime,
		t2.contract_abolition_name abolishReason,
		t2.remarks abolishRemark,
	 	t0.loan_money as confirmAmout
	FROM
    t_apply_main_info t0 
        LEFT JOIN t_apply_bill_info t1 on t0.apply_id=t1.id
        LEFT JOIN t_apply_client_info t3 on t3.id=t0.client_id
        LEFT JOIN t_org t5 ON t0.store_org_id = t5.ORG_ID
		LEFT JOIN t_xyb_contract t2 ON t0.apply_id=t2.apply_id
		LEFT JOIN t_credit_business_state t4 on t4.id=t0.state
	WHERE
		1 = 1
		<choose>
           <when test="state != null">
		       and t0.STATE=#{state}
           </when>
           <otherwise>
               and t0.STATE in (142)
           </otherwise>
        </choose>
		<if test="applyNum != null and applyNum !=''" >
	    	and t0.apply_num =  #{applyNum}
		</if>
		<if test="custName != null and custName !=''" >
	    	and t0.client_real_name =  #{custName}
		</if>
		<if test="idCard != null and idCard != ''" >
	   		and t0.client_idcard =  #{idCard}
		</if>
		<if test="orgId != null and orgId >0" >
			and t0.store_org_id like CONCAT(CONCAT('%', #{orgId}),'%')
		</if>
		order by t0.modify_time asc
	</select>
	
	
 <!-- 查询合同详情信息 -->
	<select id="getXybContractDetailVO" parameterType="com.xyb.order.pc.contract.model.XybContractDetailDTO" resultType="com.xyb.order.pc.contract.model.XybContractDetailVO">
		SELECT
		  m.apply_num as applyNum,
		  a.borrow_desc_code as borrowDesc,
		  d.label as borrowDescName,
		  m.agree_amount as agreeAmount,
		  m.loan_money as loanMoney,
		  m.agree_product_limit as agreeTimeLimit,
		  (SELECT u.`name` from t_user u where u.id=a.manager_id) as saleName,
		  a.store_org_id as orgId,
		  o.org_name as orgName,
		  a.agree_product_id as productId,
		  m.agree_product_name as productName,
		  (SELECT n.`name` from t_user n where n.id=a.service_uid) as serviceName,
		  (select b.`name` from t_apply_client_info b where b.id=a.cus_Id) AS clientName,
		  (select b.idcard from t_apply_client_info b where b.id=a.cus_Id) AS idCard,
		  (select b.phone from t_apply_client_info b where b.id=a.cus_Id) AS phone,
		  c.now_address_province as proviceId,
		  (select p.province from t_cn_province p where p.provinceid=c.now_address_province) as provinceName,
		  c.now_address_city as cityId,
		  (select y.city from t_cn_city y where y.cityid=c.now_address_city ) as cityName,
		  c.now_address_area as areaId,
		  (select e.area from t_cn_area e where e.areaid=c.now_address_area) as areaName,
		  c.now_address as nowAddress,
		  m.contract_money as contractAmount,
		  m.service_proportion as serviceRate,
		  m.product_proportion as productRate,
		  a.service_amount as serviceAmount,
		  m.month_repayment_money as monthReturnAmount,
		  (SELECT s.label from t_sys_dict s where 1=1 and s.id=m.is_loop) as isLoopName,
		  clientUser.name as recommender,
		  m.loan_money as confirmAmout,
		  m.back_service_charge as backServiceCharge
		FROM
		  t_apply_main_info m
		  LEFT JOIN t_apply_bill_info a ON m.apply_id = a.id
		  LEFT JOIN t_apply_client_info client on m.client_id=client.id
		  left join t_client_user clientUser on client.referee = clientUser.id
		  LEFT JOIN t_apply_personal_info c on c.apply_id=a.id
		  LEFT JOIN t_org o on o.org_id=m.store_org_id
		  LEFT JOIN t_sys_dict d on d.id=a.borrow_desc_code
		where a.id=#{applyId}
	</select>
	
	<!-- 根据applyId查询合同审核信息 -->
	<select id="getContractAuditDO" resultType="com.xyb.order.pc.contract.model.XybContractAuditDO" parameterType="object">
  		SELECT
  			t1.id as id,
  			t1.contract_id  as contractId,
  			t1.apply_id as applyId,
  			t1.contract_audit_result as contractAuditResult,
  			t1.contract_audit_remark as contractAuditRemark,
  			t1.create_user as createUser,
  			t1.create_name as createName,
  			t1.create_time as createTime,
  			t1.modify_name as modifyName,
  			t1.modify_user as modifyUser,
  			t1.modify_time as modifyTime,
  			t1.is_line as isLine,
  			t1.is_temp_save as isTempSave,
  			t1.back_reason_name as backReasonName,
  			t1.back_reason as backReason,
  			t1.refuse_reason refuseReason
  		FROM
  			t_xyb_contract_audit t1
  			where 1=1
  			and t1.apply_id =  #{applyId}
	</select>
	
	<select id="getContractUserId" parameterType="java.util.Map"  resultType="java.util.Map">
		select
		  count(1)  as counts,
		  user.id   as contractUid
		from t_user user left join t_user_post userPost on user.id = userPost.user_id
		  left join t_post post on post.id = userPost.post_id
		  left join t_apply_main_info main on main.contract_review_uid = user.id and main.state = 142
		where user.state = 2484 and del_flag = 2484 and post.post_code = #{postCode}
		group by user.id
		order by counts asc
	</select>
	
	<select id="listApplyIds" resultType="java.lang.Long" parameterType="java.util.Map">
	      SELECT a.apply_id from t_apply_main_info a 
	      <if test="state != null and state == 121">
	      	 INNER JOIN t_apply_visit_main_info b on a.apply_id=b.apply_id
	      </if>
	      <if test="state != null and state == 141">
	      	 INNER JOIN t_xyb_contract b on a.apply_id=b.apply_id
	      </if>
				where a.STATE = #{state}
			    AND TIMESTAMPDIFF(DAY, b.modify_time,NOW()) &gt; #{dayNum};
	</select>
	
	<delete id="deleteRepaymentPlan" parameterType="java.lang.Long">
		  delete from t_xyb_contract_repayment_plan  where apply_id = #{applyId}
	</delete>
	
	<insert id="addPlans" parameterType="java.util.List" >
    insert into t_xyb_contract_repayment_plan ( contract_id, 
      apply_id, 
      product_limit, plan_date, account_manage, 
      capital, interest, month_return, 
      channel_month_return, return_all, create_user, 
      create_time, modify_time, modify_user, 
      account_service, service_interest, total_period, 
      account_type, day_interest_penalty, late_days, 
      total_interest_penalty, late_fee, plan_total_amount, 
      actual_capital, actual_late_fee, actual_interest_penalty, 
      reduce_amount, actual_total_amount, remain_capital, 
      remain_late_fee, remain_interest_penalty, remain_total_amount, 
      deal_datetime, deal_times, state, 
      is_create_payment, credit_amount_month, capital_contract, 
      verification_date, zhanqi, capital_transfer, 
      repay_no, is_penalty, is_overdue_distribution, 
      overdue_time, remark)
    values 
    <foreach  item="item" index="index" collection="list" separator=",">
     ( 
       #{item.contractId,jdbcType=BIGINT}, 
       #{item.applyId,jdbcType=BIGINT}, 
       #{item.productLimit,jdbcType=INTEGER}, #{item.planDate,jdbcType=DATE}, #{item.accountManage,jdbcType=DECIMAL}, 
       #{item.capital,jdbcType=DECIMAL}, #{item.interest,jdbcType=DECIMAL}, #{item.monthReturn,jdbcType=DECIMAL}, 
       #{item.channelMonthReturn,jdbcType=DECIMAL}, #{item.returnAll,jdbcType=DECIMAL}, #{item.createUser,jdbcType=BIGINT}, 
       #{item.createTime,jdbcType=TIMESTAMP}, #{item.modifyTime,jdbcType=TIMESTAMP}, #{item.modifyUser,jdbcType=BIGINT}, 
       #{item.accountService,jdbcType=DECIMAL}, #{item.serviceInterest,jdbcType=DECIMAL}, #{item.totalPeriod,jdbcType=INTEGER}, 
       #{item.accountType,jdbcType=BIGINT}, #{item.dayInterestPenalty,jdbcType=DECIMAL}, #{item.lateDays,jdbcType=INTEGER}, 
       #{item.totalInterestPenalty,jdbcType=DECIMAL}, #{item.lateFee,jdbcType=DECIMAL}, #{item.planTotalAmount,jdbcType=DECIMAL}, 
       #{item.actualCapital,jdbcType=DECIMAL}, #{item.actualLateFee,jdbcType=DECIMAL}, #{item.actualInterestPenalty,jdbcType=DECIMAL}, 
       #{item.reduceAmount,jdbcType=DECIMAL}, #{item.actualTotalAmount,jdbcType=DECIMAL}, #{item.remainCapital,jdbcType=DECIMAL}, 
       #{item.remainLateFee,jdbcType=DECIMAL}, #{item.remainInterestPenalty,jdbcType=DECIMAL}, #{item.remainTotalAmount,jdbcType=DECIMAL}, 
       #{item.dealDatetime,jdbcType=TIMESTAMP}, #{item.dealTimes,jdbcType=INTEGER}, #{item.state,jdbcType=BIGINT}, 
       #{item.isCreatePayment,jdbcType=BIGINT}, #{item.creditAmountMonth,jdbcType=DECIMAL}, #{item.capitalContract,jdbcType=DECIMAL}, 
       #{item.verificationDate,jdbcType=TIMESTAMP}, #{item.zhanqi,jdbcType=BIGINT}, #{item.capitalTransfer,jdbcType=BIGINT}, 
       #{item.repayNo,jdbcType=BIGINT}, #{item.isPenalty,jdbcType=BIGINT}, #{item.isOverdueDistribution,jdbcType=BIGINT}, 
       #{item.overdueTime,jdbcType=TIMESTAMP}, #{item.remark,jdbcType=LONGVARCHAR}
      )
     </foreach> 
  </insert>
  
  <select id="listRepaymentPlans" parameterType="java.lang.Long" resultType="com.xyb.order.pc.contract.model.repaymentplan.XybContractRepaymentPlanVO">
  	  SELECT
		p.product_limit productLimit,
		p.capital capital,
		p.interest interest,
		p.month_return monthReturn,
		p.return_all returnAll
	  FROM
		t_xyb_contract_repayment_plan p
	  WHERE
		p.apply_id = #{applyId}
  		ORDER BY product_limit 
  </select>
  
  <select id="getApplyAlreadyContractInfoVO" resultType="com.xyb.order.pc.apply.already.model.ApplyAlreadyContractInfoVO" parameterType="java.lang.Long">
  	SELECT
  		a.contract_num contractNum,
  		a.client_real_name custName,
  		a.contract_money agreeAmount,
  		a.agree_product_limit agreeLimit,
		a.agree_product_name agreeProductName,
  		c.month_repayment_money monthRepaymentMoney,
  		a.finance_give_loan_time loanTime,
  		(SELECT p.plan_date from t_xyb_contract_repayment_plan p where 1=1 and p.apply_id=a.apply_id ORDER BY p.create_time DESC LIMIT 1) lastPlanDate,
		c.rep_date repDate
	FROM
		t_apply_main_info a
		LEFT JOIN t_xyb_contract c ON a.apply_id = c.apply_id
	WHERE
		a.apply_id=#{applyId}
  </select>
  
  <select id="getOrgName" parameterType="java.lang.Long" resultType="java.lang.String">
  	select  o.org_name  from t_org o where o.org_id=#{orgId}
  </select>
  
  <select id="getProduct" parameterType="java.lang.Long" resultType="com.xyb.order.pc.product.model.ProductDO">
    select * from t_xyb_product where id=#{productId}
  </select>
  
  <select id="getRecommendedWordValuesByIds" parameterType="java.util.List" resultType="java.lang.String">
  	select recommended_word from t_recommended_word where 1=1
  	<if test="list != null">
  		and id in 
  		<foreach collection="list" item="item"  index="index" open="(" separator="," close=")">
  			#{list[${index}]}
  		</foreach>
  	</if>
  </select>
  
  <select id="getAcctId" parameterType="java.lang.Long" resultType="java.lang.Long">
  	SELECT acc_id from t_deposit_account_statement_info where client_id=#{clientId};
  </select>
  
      <!--获取产品扩展信息列表-->
    <select id="getProductExtList" parameterType="java.lang.Long"
            resultType="com.xyb.order.pc.product.model.ProductExtDO">
        SELECT
            id productExtId,
            product_limit productLimit,
            product_proportion productProportion,
            service_proportion serviceProportion,
            account_proportion accountProportion,
            type
        FROM t_xyb_product_ext
        WHERE product_id = #{productId}
        and is_valid = 2484
    </select>
</mapper>   