<?xml version="1.0" encoding="UTF-8"?>
<!DOCTYPE mapper PUBLIC "-//mybatis.org//DTD Mapper 3.0//EN" "http://mybatis.org/dtd/mybatis-3-mapper.dtd">
<mapper namespace="com.xyb.order.pc.finance.dao.FinanceBatchDetailsDao">
 <resultMap id="BaseResultMap" type="com.xyb.order.pc.finance.FinanceBatchDetailsDO">
    <id column="id" jdbcType="BIGINT" property="id" />
    <result column="repayment_id" jdbcType="BIGINT" property="repaymentId" />
    <result column="latepayment_application_id" jdbcType="BIGINT" property="latepaymentApplicationId" />
    <result column="contract_id" jdbcType="BIGINT" property="contractId" />
    <result column="bank_type" jdbcType="INTEGER" property="bankType" />
    <result column="bank_account_open" jdbcType="VARCHAR" property="bankAccountOpen" />
    <result column="bank_account" jdbcType="VARCHAR" property="bankAccount" />
    <result column="refund_card_num" jdbcType="VARCHAR" property="refundCardNum" />
    <result column="amount" jdbcType="DECIMAL" property="amount" />
    <result column="state" jdbcType="BIGINT" property="state" />
    <result column="create_user" jdbcType="BIGINT" property="createUser" />
    <result column="create_time" jdbcType="TIMESTAMP" property="createTime" />
    <result column="modify_user" jdbcType="VARCHAR" property="modifyUser" />
    <result column="modify_time" jdbcType="TIMESTAMP" property="modifyTime" />
    <result column="receipt" jdbcType="VARCHAR" property="receipt" />
    <result column="order_no" jdbcType="VARCHAR" property="orderNo" />
    <result column="deal_platform" jdbcType="BIGINT" property="dealPlatform" />
    <result column="org_id" jdbcType="BIGINT" property="orgId" />
    <result column="cust_id" jdbcType="BIGINT" property="custId" />
    <result column="client_idcard" jdbcType="VARCHAR" property="clientIdcard" />
    <result column="mp" jdbcType="VARCHAR" property="mp" />
    <result column="reasons" jdbcType="LONGVARCHAR" property="reasons" />
  </resultMap>
  
    <!-- 批次明细字段 -->
  <sql id="Details_Cloumn_List">
    id, repayment_id, latepayment_application_id, 
    contract_id, bank_type, 
    bank_account_open, bank_account, refund_card_num, amount, state, 
    create_user, create_time, modify_user, modify_time, receipt,
    order_no, deal_platform, org_id, cust_id, client_idcard, mp, reasons
  </sql>
  
  <!-- 新增批次明细 -->
  <insert id="addFinanceBatchDetails" parameterType="com.xyb.order.pc.finance.FinanceBatchDetailsDO">
    insert into t_finance_batch_details (id, repayment_id, 
      latepayment_application_id, 
      contract_id, bank_type, 
      bank_account_open, bank_account, refund_card_num, 
      amount, state, 
      create_user, create_time, 
      modify_user, modify_time, receipt, 
      order_no, deal_platform, 
      org_id, cust_id, 
      client_idcard, mp, reasons
      )
    values (#{id,jdbcType=BIGINT}, #{repaymentId,jdbcType=BIGINT}, 
      #{latepaymentApplicationId,jdbcType=BIGINT}, 
      #{contractId,jdbcType=BIGINT}, #{bankType,jdbcType=INTEGER}, 
      #{bankAccountOpen,jdbcType=VARCHAR}, #{bankAccount,jdbcType=VARCHAR}, #{refundCardNum,jdbcType=VARCHAR}, 
      #{amount,jdbcType=DECIMAL}, #{state,jdbcType=BIGINT}, 
      #{createUser,jdbcType=BIGINT}, #{createTime,jdbcType=TIMESTAMP}, 
      #{modifyUser,jdbcType=VARCHAR}, #{modifyTime,jdbcType=TIMESTAMP}, #{receipt,jdbcType=VARCHAR}, 
      #{orderNo,jdbcType=VARCHAR}, #{dealPlatform,jdbcType=BIGINT}, 
      #{orgId,jdbcType=BIGINT}, #{custId,jdbcType=BIGINT}, 
      #{clientIdcard,jdbcType=VARCHAR}, #{mp,jdbcType=VARCHAR}, #{reasons,jdbcType=LONGVARCHAR}
      )
  </insert>
      <!-- 根据待交易表Id查询批次明细(待处理和处理中) -->
  <select id="getFinanceBatchDetailsById" parameterType="java.util.Map" resultMap="BaseResultMap">
    SELECT <include refid="Details_Cloumn_List"/>
	FROM t_finance_batch_details
	WHERE state IN ('2711','2712') 
	AND repayment_id = #{repaymentId,jdbcType=BIGINT}
  </select>
  
    <!-- 批量更新未处理的批次明细（逾期批处理专用） -->
  <select id="updateFinanceBatchDetailsFail" parameterType="java.lang.Long">
  	UPDATE t_finance_batch_details
	 SET 
	     state = 2714,
	     modify_user = 0,
		 modify_time = NOW(),
		 reasons = '失败处理'
    WHERE
		state IN (2711,2712)
	AND repayment_id =#{repaymentId}
  </select>
</mapper>