<?xml version="1.0" encoding="UTF-8"?>
<!DOCTYPE mapper PUBLIC "-//mybatis.org//DTD Mapper 3.0//EN" "http://mybatis.org/dtd/mybatis-3-mapper.dtd">
<mapper namespace="com.xyb.order.pc.finance.dao.FinancePaymentDao">

 <!-- 新增待交易明细 single-->
  <insert id="addFinancePayment" parameterType="com.xyb.order.pc.finance.FinancePaymentDO"  keyProperty="id" useGeneratedKeys="true">
    insert into t_finance_payment (id, contract_id, cus_id,
      latepayment_application_id, repayment_plan_id, 
      onetime_payment_application_id, in_out_flag, 
      in_type, repayment_type,  
      account_type, total_amount, bank_type, 
      bank_account_open, bank_account, refund_card_num, 
      state, deal_datetime, org_id, 
      client_idcard, 
      mp,create_user, create_time, modify_user, 
      modify_time)
    values (#{id,jdbcType=BIGINT}, #{contractId,jdbcType=BIGINT}, #{cusId,jdbcType=BIGINT}, 
      #{latepaymentApplicationId,jdbcType=BIGINT}, #{repaymentPlanId,jdbcType=BIGINT}, 
      #{onetimePaymentApplicationId,jdbcType=BIGINT}, #{inOutFlag,jdbcType=BIGINT}, 
      #{inType,jdbcType=BIGINT}, #{repaymentType,jdbcType=BIGINT}, 
      #{accountType,jdbcType=BIGINT}, #{totalAmount,jdbcType=DECIMAL}, #{bankType,jdbcType=INTEGER}, 
      #{bankAccountOpen,jdbcType=VARCHAR}, #{bankAccount,jdbcType=VARCHAR}, #{refundCardNum,jdbcType=VARCHAR}, 
      #{state,jdbcType=BIGINT}, #{dealDatetime,jdbcType=TIMESTAMP}, #{orgId,jdbcType=BIGINT}, 
      #{clientIdcard,jdbcType=VARCHAR}, 
      #{mp,jdbcType=VARCHAR},#{createUser,jdbcType=BIGINT}, NOW(), #{modifyUser,jdbcType=BIGINT}, 
      #{modifyTime,jdbcType=TIMESTAMP})
  </insert>
   <!-- 待交易明细字段 -->
  <sql id="Payment_Column_List">
      id, contract_id, cus_id,
      latepayment_application_id, repayment_plan_id, 
      onetime_payment_application_id, in_out_flag, 
      in_type, repayment_type, 
      account_type, total_amount, bank_type, 
      bank_account_open, bank_account, refund_card_num, 
      state, deal_datetime, org_id, 
      create_user, create_time, modify_user, 
      modify_time, deduct_count, client_idcard, 
      mp
  </sql> 
  <!-- 查询当前合同放款的数量 -->
 <select id="queryCountByContractIdOfFancePayment" resultType="java.lang.Integer" parameterType="map">
	SELECT
		count(*)
	FROM
		T_FINANCE_PAYMENT
	WHERE
	in_out_flag = #{in_out_flag} <!-- 代付 -->
	AND state = 2713  <!-- 支付成功 -->
	AND contract_id=#{contractId}
  </select>
  
    <!-- 修改待交易明细（onlyChanged） -->
    <update id="updateOnlyChanged" parameterType="com.xyb.order.pc.finance.FinancePaymentDO">
    update t_finance_payment
    set 
        <trim suffixOverrides=",">
          <if test="inOutFlag != null">
          in_out_flag = #{inOutFlag,jdbcType=BIGINT},
          </if>
	      <if test="inType != null">
	      in_type = #{inType,jdbcType=BIGINT},
	      </if>
	      <if test="repaymentType != null">
	      repayment_type = #{repaymentType,jdbcType=BIGINT},
	      </if>
	      <if test="accountType != null">
	      account_type = #{accountType,jdbcType=BIGINT},
	      </if>
	      <if test="totalAmount != null and totalAmount > 0">
	      total_amount = #{totalAmount,jdbcType=DECIMAL},
	      </if>
	      <if test="bankType != null and bankType > 0">
	      bank_type = #{bankType,jdbcType=INTEGER},
	      </if>
	      <if test="bankAccountOpen != null and bankAccountOpen != ''">
	      bank_account_open = #{bankAccountOpen,jdbcType=VARCHAR},
	      </if>
	      <if test="bankAccount != null and bankAccount != ''">
	      bank_account = #{bankAccount,jdbcType=VARCHAR},
	      </if>
	      <if test="refundCardNum != null and refundCardNum != ''">
	      refund_card_num = #{refundCardNum,jdbcType=VARCHAR},
	      </if>
	      <if test="state != null">
	      state = #{state,jdbcType=BIGINT},
	      </if>
	      <if test="dealDatetime != null">
	      deal_datetime = #{dealDatetime,jdbcType=TIMESTAMP},
	      </if>
	      <if test="orgId != null">
	      org_id = #{orgId,jdbcType=BIGINT},
	      </if>
	      <if test="modifyUser != null">
	      modify_user = #{modifyUser,jdbcType=BIGINT},
	      </if>
	      modify_time = NOW(),
	      <if test="clientIdcard != null and clientIdcard != ''">
	      client_idcard = #{clientIdcard,jdbcType=VARCHAR},
	      </if>
	      <if test="mp != null and mp != ''">
	      mp = #{mp,jdbcType=VARCHAR},
	      </if>
       </trim>
    where id = #{id,jdbcType=BIGINT}
  </update>
  
    <!-- 查询待交易明细（代付） -->
  <select id="getFinancePaymentForPayment" parameterType="java.lang.Long"
		  resultType="com.xyb.order.pc.finance.FinancePaymentDO">
  SELECT <include refid="Payment_Column_List"/>
	FROM t_finance_payment
   WHERE in_out_flag = '2738L'
	 AND contract_id = #{contractId}
  </select>
</mapper>