<?xml version="1.0" encoding="UTF-8"?>
<!DOCTYPE mapper PUBLIC "-//mybatis.org//DTD Mapper 3.0//EN" "http://mybatis.org/dtd/mybatis-3-mapper.dtd">
<mapper namespace="com.xyb.order.pc.risk.dao.RiskSubmitDao">


    <update id="updateRiskSubmitMain" parameterType="map">
        UPDATE t_apply_main_info
        SET is_refuse = #{isRefuse}, is_risk_hand = #{isRiskHand},state = #{businessState}, modify_time = now(), modify_user = #{modifyUser}
        WHERE id = #{mainId}
    </update>

    <select id="listRiskSubmitPage" resultType="com.xyb.order.pc.risk.model.RiskSubmitListDO" parameterType="com.xyb.order.pc.risk.model.RiskSubmitListDTO">
        SELECT
            main.id                  AS mainId,
            main.apply_id            as applyId,
            bill.apply_num           AS applyNum,
            main.client_real_name    AS clientName,
            per.phone1               AS phone,
            main.client_idcard       AS clientIdCard,
            org.org_name             AS orgName,
            main.manager_uname       AS managerName,
            main.service_uname       AS serviceName,
            main.expect_product_name AS expectProductName,
            main.agree_product_name  AS agreeProductName,
            bill.create_time         AS applyDate,
            main.agree_amount        AS agreeAmount,
            main.contract_money      AS loanMoney,
            main.agree_product_limit AS agreeProductLimit,
            business.des             AS state,
            code.refuse_reason       AS riskType,
            risk.subm_date           AS submDate,
            main.loan_money          AS confirmAmout,
            clientUser.name          AS recommender
        FROM t_apply_main_info main LEFT JOIN t_apply_bill_info bill ON main.apply_id = bill.id LEFT JOIN t_credit_business_state business ON main.state = business.id LEFT JOIN t_apply_risk_submission risk ON main.apply_id = risk.apply_id LEFT JOIN t_apply_personal_info per ON per.apply_id = bill.id
        LEFT JOIN t_org org ON main.team_org_id = org.org_id left join t_audit_code_info code on risk.subm_reson = code.codes
        left join t_apply_client_info client on main.client_id = client.id left join t_client_user clientUser on clientUser.id = client.referee
        WHERE 1 = 1
        <if test="applyNum != null and applyNum != ''">
            AND bill.apply_num = #{applyNum}
        </if>
        <if test="clientName != null and clientName != ''">
            AND main.client_real_name = #{clientName}
        </if>
        <if test="productId != null and productId != ''">
            AND main.expect_product_id = #{productId}
        </if>
        <if test="clientIdCard != null and clientIdCard != ''">
            AND main.client_idcard = #{clientIdCard}
        </if>
        <if test="state != null and state != ''">
            AND main.state = #{state}
        </if>
        <if test="riskSubmit != null">
            AND main.is_risk_hand = #{riskSubmit}
        </if>
        <if test="applyDateStr != null">
            AND main.apply_time &gt;= #{applyDateStr}
        </if>
        <if test="applyDateEnd != null">
            AND main.apply_time &lt;= #{applyDateEnd}
        </if>
        <if test="orgId != null">
            AND (main.store_org_id LIKE CONCAT(#{orgId}, '%') OR main.store_org_id = #{orgId})
        </if>
        <if test="list != null">
            AND main.state IN
            <foreach collection="list" item="item" index="index" open="(" separator="," close=")">
                #{list[${index}]}
            </foreach>
        </if>
        ORDER BY main.submit_consult_time DESC
    </select>
    
    <select id="outRiskSubmitExport" resultType="com.xyb.order.pc.risk.model.RiskSubmitListExportDO" parameterType="com.xyb.order.pc.risk.model.RiskSubmitListExportDTO">
        SELECT
            bill.apply_num           AS applyNum,
            main.client_real_name    AS clientName,
            per.phone1               AS phone,
            main.client_idcard       AS clientIdCard,
            org.org_name             AS orgName,
            main.manager_uname       AS managerName,
            main.service_uname       AS serviceName,
            bill.create_time         AS applyDate,
            main.expect_product_name AS expectProductName,
            main.agree_product_name  AS agreeProductName,
            main.agree_amount        AS agreeAmount,
            main.agree_product_limit AS agreeProductLimit,
            main.contract_money      AS loanMoney,
            business.des             AS state,
            risk.subm_date           AS submDate,
            code.refuse_reason       AS riskType,
            main.loan_money          AS confirmAmout,
            clientUser.name          AS recommender
        FROM t_apply_main_info main LEFT JOIN t_apply_bill_info bill ON main.apply_id = bill.id LEFT JOIN t_credit_business_state business ON main.state = business.id LEFT JOIN t_apply_risk_submission risk ON main.apply_id = risk.apply_id LEFT JOIN t_apply_personal_info per ON per.apply_id = bill.id
        LEFT JOIN t_org org ON main.team_org_id = org.org_id left join t_audit_code_info code on risk.subm_reson = code.codes
        left join t_apply_client_info client on main.client_id = client.id left join t_client_user clientUser on clientUser.id = client.referee
        WHERE 1 = 1
        <if test="applyNum != null and applyNum != ''">
            AND bill.apply_num = #{applyNum}
        </if>
        <if test="clientName != null and clientName != ''">
            AND main.client_real_name = #{clientName}
        </if>
        <if test="productId != null and productId != ''">
            AND main.expect_product_id = #{productId}
        </if>
        <if test="clientIdCard != null and clientIdCard != ''">
            AND main.client_idcard = #{clientIdCard}
        </if>
        <if test="state != null and state != ''">
            AND main.state = #{state}
        </if>
        <if test="riskSubmit != null">
            AND main.is_risk_hand = #{riskSubmit}
        </if>
        <if test="applyDateStr != null">
            AND main.apply_time &gt;= #{applyDateStr}
        </if>
        <if test="applyDateEnd != null">
            AND main.apply_time &lt;= #{applyDateEnd}
        </if>
        <if test="orgId != null">
            AND (main.store_org_id LIKE CONCAT(#{orgId}, '%') OR main.store_org_id = #{orgId})
        </if>
        <if test="list != null">
            AND main.state IN
            <foreach collection="list" item="item" index="index" open="(" separator="," close=")">
                #{list[${index}]}
            </foreach>
        </if>
        ORDER BY main.submit_consult_time DESC
    </select>

    <select id="getRiskSubmitInfo" resultType="com.xyb.order.pc.risk.model.RiskSubmitDO" parameterType="java.lang.Long">
        SELECT
          main.id               AS mainId,
          bill.apply_num        AS applyNum,
          business.des          AS state,
          main.client_real_name AS clientName,
          per.phone1            AS phone,
          main.client_idcard    AS clientIdCard
        FROM t_apply_main_info main LEFT JOIN t_apply_bill_info bill ON main.apply_id = bill.id
          LEFT JOIN t_credit_business_state business ON main.state = business.id
          LEFT JOIN t_apply_personal_info per ON per.apply_id = bill.id
        WHERE main.id = #{mainId}
    </select>

    <select id="getRiskType" resultType="java.lang.String">
        SELECT group_concat(refuse_reason SEPARATOR ',') AS riskType
        FROM t_audit_code_info
        WHERE id IN
        <foreach collection="riskType" item="item" index="" open="(" separator="," close=")">
            #{item}
        </foreach>
    </select>

    <insert id="insertRiskSubmit" parameterType="com.xyb.order.pc.risk.model.RiskSubmitDTO">
        INSERT INTO t_apply_risk_submission (apply_id, subm_person, risk_desc, subm_reson, subm_date, create_time, create_user)
        VALUES ((select main.apply_id from t_apply_main_info main where main.id = #{mainId}), #{submPerson}, #{riskDesc}, #{submReson}, now(), now(), #{submPerson});
    </insert>
</mapper>