<?xml version="1.0" encoding="UTF-8"?>
<!DOCTYPE mapper PUBLIC "-//mybatis.org//DTD Mapper 3.0//EN" "http://mybatis.org/dtd/mybatis-3-mapper.dtd">
<mapper namespace="com.xyb.order.pc.creditreport.dao.AuditOtherHouseDao">
   <select id="queryInfoByApplyId" parameterType="Object" resultType="com.xyb.order.pc.creditreport.model.AuditOtherHouseDO">
        select 
          o.id,
          o.apply_id applyId,
          o.cust_id custId,
          o.house_address houseAddress,
          o.house_host houseHost,
          o.house_price_count housePriceCount,
          o.mortgage_explain mortgageExplain,
          (select t.label from t_sys_dict t where t.id = o.mortgage_explain) mortgageExplainStr,
          o.mortgagor,
          o.mortgage_amount mortgageAmount,
          o.house_address_province houseAddressProvince,
          (select t.label from t_sys_dict t where t.id = o.house_address_province) houseAddressProvinceStr,
          o.house_address_city houseAddressCity,
          (select t.label from t_sys_dict t where t.id = o.house_address_city) houseAddressCityStr,
          o.house_address_area houseAddressArea,
          (select t.label from t_sys_dict t where t.id = o.house_address_area) houseAddressAreaStr,
          o.month_repay_amount monthRepayAmount,
          o.house_area houseArea,
          o.house_share houseShare,
          (select t.label from t_sys_dict t where t.id = o.house_share) houseShareStr,
          o.house_share_remark houseShareRemark,
          o.purchase_date purchaseDate,
          o.house_purpose housePurpose
        from t_audit_other_house o 
        where o.apply_id = #{applyId}
        order by create_time desc
   </select>
   
   <select id="queryInfoById" parameterType="Object" resultType="com.xyb.order.pc.creditreport.model.AuditOtherHouseDO">
       select 
          o.id,
          o.apply_id applyId,
          o.cust_id custId,
          o.house_address houseAddress,
          o.house_host houseHost,
          o.house_price_count housePriceCount,
          o.mortgage_explain mortgageExplain,
          (select t.label from t_sys_dict t where t.id = o.mortgage_explain) mortgageExplainStr,
          o.mortgagor,
          o.mortgage_amount mortgageAmount,
          o.house_address_province houseAddressProvince,
          (select t.label from t_sys_dict t where t.id = o.house_address_province) houseAddressProvinceStr,
          o.house_address_city houseAddressCity,
          (select t.label from t_sys_dict t where t.id = o.house_address_city) houseAddressCityStr,
          o.house_address_area houseAddressArea,
          (select t.label from t_sys_dict t where t.id = o.house_address_area) houseAddressAreaStr,
          o.month_repay_amount monthRepayAmount,
          o.house_area houseArea,
          o.house_share houseShare,
          (select t.label from t_sys_dict t where t.id = o.house_share) houseShareStr,
          o.house_share_remark houseShareRemark
        from t_audit_other_house o 
        where o.id = #{id}
   </select>
   
   <update id="updateInfoById" parameterType="com.xyb.order.pc.creditreport.model.AuditOtherHouseDTO">
      update t_audit_other_house
      set house_address = #{houseAddress}, 
      house_host = #{houseHost},
      house_price_count = #{housePriceCount},
      mortgage_explain = #{mortgageExplain},
      mortgagor = #{mortgagor},
      mortgage_amount = #{mortgageAmount},
      modify_time = now(),
      modify_user = #{modifyUser},
      house_address_province = #{houseAddressProvince},
      house_address_city = #{houseAddressCity},
      house_address_area = #{houseAddressArea},
      month_repay_amount = #{monthRepayAmount},
      house_area = #{houseArea},
      house_share =#{houseShare},
      house_share_remark =#{houseShareRemark},
      purchase_date=#{purchaseDate},
      house_purpose = #{housePurpose}
      where id = #{id}
   </update>
   
   <insert id = "addInfo" parameterType="com.xyb.order.pc.creditreport.model.AuditOtherHouseDTO">
      insert into t_audit_other_house(cust_id,apply_id,house_address,house_host,house_price_count,mortgage_explain,
        mortgagor,mortgage_amount,create_time,modify_time,create_user,modify_user,house_address_province,house_address_city,
        house_address_area,month_repay_amount,house_area,house_share,house_share_remark,purchase_date,house_purpose)
      values(#{custId},#{applyId},#{houseAddress},#{houseHost},#{housePriceCount},#{mortgageExplain},
        #{mortgagor},#{mortgageAmount},now(),now(),#{createUser},#{modifyUser},#{houseAddressProvince},#{houseAddressCity},#{houseAddressArea},
        #{monthRepayAmount},#{houseArea},#{houseShare},#{houseShareRemark},#{purchaseDate},#{housePurpose})
   </insert>

</mapper>