<?xml version="1.0" encoding="UTF-8"?>
<!DOCTYPE mapper PUBLIC "-//mybatis.org//DTD Mapper 3.0//EN" "http://mybatis.org/dtd/mybatis-3-mapper.dtd">
<mapper namespace="com.xyb.order.pc.creditreport.dao.AuditOtherDao">
   <select id="queryPersonInfoByApplyId" parameterType="Object" resultType="com.xyb.order.pc.creditreport.model.AuditPersonDO">
        select
          c.name,
          c.idcard,
          concat(date_format(c.idcard_start_time, '%Y-%m-%d'), '-', date_format(c.idcard_end_time, '%Y-%m-%d')) as validTime,
          p.home_all_address                                                                                       homeAllAddress
        from t_apply_client_info c
          left join t_apply_bill_info b on b.cus_id = c.id
          left join t_apply_personal_info p on p.apply_id = b.id
        where b.id = #{applyId}
   </select>
   
   <select id="queryPrivateInfoByApplyId" parameterType="Object" resultType="com.xyb.order.pc.creditreport.model.AuditPrivateDO">
       select
         p.id,
         p.enterprise_name enterpriseName,  
         p.ente_type enteType,
         (select t.label from t_sys_dict t where t.id = p.ente_type) enteTypeStr,
         p.legal_person legalPerson,
         p.stock_ratio stockRatio,
         p.reg_date regDate
       from t_apply_private_info p
       where p.apply_id = #{applyId}
       order by create_time desc limit 1
   </select>

   <select id="queryPrivateInfoById"  parameterType="Object" resultType="com.xyb.order.pc.creditreport.model.AuditPrivateDO">
       select
         p.id,
         p.enterprise_name enterpriseName,  
         p.ente_type enteType,
         (select t.label from t_sys_dict t where t.id = p.ente_type) enteTypeStr,
         p.legal_person legalPerson,
         p.stock_ratio stockRatio,
         p.reg_date regDate
       from t_apply_private_info p
       where p.id = #{id}
   </select>
   
   <update id="updateLegalPersonById" parameterType="Object" >
      update t_apply_private_info
      set legal_person = #{legalPerson}
      where id = #{id}
   </update>
   
   
   <select id="queryOtherMaterialInfoByApplyId" parameterType="Object" resultType="com.xyb.order.pc.creditreport.model.AuditOtherMaterialDO">
      select 
       t.id applyId,
       t.other_material_remark otherMaterialRemark
       from t_apply_bill_info t
      where t.id = #{applyId}
   </select>
   
   <update id="updateOtherMaterialByApplyId" parameterType="com.xyb.order.pc.creditreport.model.AuditOtherMaterialDTO">
      update t_apply_bill_info
      set other_material_remark = #{otherMaterialRemark}
      where id = #{applyId}
   </update>
    
</mapper>