<?xml version="1.0" encoding="UTF-8"?>
<!DOCTYPE mapper PUBLIC "-//mybatis.org//DTD Mapper 3.0//EN" "http://mybatis.org/dtd/mybatis-3-mapper.dtd">
<mapper namespace="com.xyb.order.pc.creditreport.dao.AuditPhoneDetailDao">
   <resultMap id="ResultMap" type="com.xyb.order.pc.creditreport.model.AuditPhoneLinkManInfoDO" >
	   <result column="id" property="id"/>
	   <result column="cust_id" property="custId"/>
	   <result column="apply_phone_id" property="applyPhoneId"/>
	   <result column="link_man_id" property="linkManId"/>
	   <result column="link_man_name" property="linkManName"/>
	   <result column="link_man_phone" property="linkManPhone"/>
	   <result column="relation_code" property="relationCode"/>
	   <result column="relationCodeStr" property="relationCodeStr"/>
	   <result column="month1" property="month1"/>
	   <result column="month2" property="month2"/>
	   <result column="month3" property="month3"/>
	   <result column="month1_qty" property="month1Qty"/>
	   <result column="month2_qty" property="month2Qty"/>
	   <result column="month3_qty" property="month3Qty"/>
   </resultMap>

   <select id="queryPhoneSpecifiInfoByApplyId" parameterType="Object" resultType="com.xyb.order.pc.creditreport.model.AuditDetailPhoneDO">
         select 
           s.id,
           s.cust_id custId,
           s.apply_id applyId,
           s.open_date openDate,
           s.real_auth realAuth,
           (select t.label from t_sys_dict t where t.id = s.real_auth )realAuthStr,
           s.remark
         from t_apply_phone_specifications s 
         where apply_id = #{applyId}
         order by s.create_time desc
   </select>
   
   <select id="queryPhoneSpecifiInfoById" parameterType="Object" resultType="com.xyb.order.pc.creditreport.model.AuditDetailPhoneDO">
      select 
           s.id,
           s.cust_id custId,
           s.apply_id applyId,
           s.open_date openDate,
           s.real_auth realAuth,
           (select t.label from t_sys_dict t where t.id = s.real_auth )realAuthStr,
           s.remark
         from t_apply_phone_specifications s 
         where id= #{id}
   </select>
   
   <insert id="addPhoneSpecifiInfo" parameterType="com.xyb.order.pc.creditreport.model.AuditDetailPhoneDTO" useGeneratedKeys="true" keyProperty="id">
      insert into t_apply_phone_specifications(cust_id,apply_id,open_date,real_auth,remark,create_time,
        modify_time,create_user,modify_user) 
      values(#{custId},#{applyId},#{openDate},#{realAuth},#{remark},now(),now(),#{createUser},#{modifyUser})
   </insert>
   
   <update id="updatePhoneSpecifiInfo" parameterType="com.xyb.order.pc.creditreport.model.AuditDetailPhoneDTO">
      update t_apply_phone_specifications t
      set open_date = #{openDate},
      real_auth = #{realAuth},
      remark = #{remark},
      modify_time = now(),
      modify_user = #{modifyUser}
      where id=#{id}
   </update>
   
   <select id="queryPhoneLinkManInfoByApplyId" parameterType="Object" resultMap="ResultMap">
        select 
          d.id id,
          d.cust_id,
          d.apply_phone_id,
          m.id link_man_id,
          m.name link_man_name,
          m.phone1 link_man_phone,
          m.contact_type relationCode,
          (select t.label from t_sys_dict t where t.id =  m.contact_type) relationCodeStr,
           d.month1,  
           d.month2,
           d.month3,
           d.month1_qty,
           d.month2_qty,
           d.month3_qty
        from t_apply_linkman_info m
        left join t_apply_specifications_detail d on m.id = d.link_man_id
        where 1=1 
        and m.apply_id = #{applyId}
        and m.del_flag = 2484
   </select>
   
   <select id="queryPhoneLinkManInfoById" parameterType="Object" resultType="com.xyb.order.pc.creditreport.model.AuditPhoneLinkManInfoDO" >
      select
           d.id,
           d.cust_id custId,
           d.apply_phone_id applyPhoneId,
           d.link_man_id linkManId,
           d.link_man_name linkManName,
           d.link_man_phone linkManPhone, 
           d.relation_code relationCode,
           (select t.label from t_sys_dict t where t.id = d.relation_code) relationCodeStr,
           d.month1,  
           d.month2,
           d.month3,
           d.month1_qty month1Qty,
           d.month2_qty month2Qty,
           d.month3_qty month3Qty
        from  t_apply_specifications_detail d 
        where d.id= #{id}
   </select>
   
   <insert id="addPhoneLinkManInfo">
        insert into t_apply_specifications_detail(apply_phone_id,cust_id,link_man_id,relation_code,
           link_man_name,link_man_phone,month1,month2,month3,month1_qty,month2_qty,month3_qty,create_time,create_user,
           modify_time,modify_user) values
        <foreach collection="auditAddPhoneLinkManInfoDTOs" item="item" separator=",">
          (#{item.applyPhoneId,jdbcType=BIGINT}, #{item.custId,jdbcType=BIGINT}, #{item.linkManId,jdbcType=BIGINT}, #{item.relationCode,jdbcType=BIGINT}, #{item.linkManName,jdbcType=VARCHAR},
           #{item.linkManPhone,jdbcType=VARCHAR},#{item.month1,jdbcType=INTEGER},#{item.month2,jdbcType=INTEGER}, #{item.month3,jdbcType=INTEGER},#{item.month1Qty,jdbcType=INTEGER}, 
           #{item.month2Qty,jdbcType=INTEGER}, #{item.month3Qty,jdbcType=INTEGER}, now(), #{item.createUser,jdbcType=BIGINT},now(),#{item.modifyUser,jdbcType=BIGINT})
       </foreach>
   </insert>
   
   <update id="updatePhoneLinkManInfo"> 
      <foreach collection="auditUpdatePhoneLinkManInfoDTOs" item="item" index="index" open="" close="" separator=";"> 
         update t_apply_specifications_detail set
              month1 = #{item.month1},
              month2 = #{item.month2},
              month3 = #{item.month3},
             month1_qty = #{item.month1Qty},
             month2_qty = #{item.month2Qty},
             month3_qty = #{item.month3Qty},
             modify_time = now(),
             modify_user = #{item.modifyUser}
          where id = #{item.id}
      </foreach>
   </update>
</mapper>