<?xml version="1.0" encoding="UTF-8"?>
<!DOCTYPE mapper PUBLIC "-//mybatis.org//DTD Mapper 3.0//EN" "http://mybatis.org/dtd/mybatis-3-mapper.dtd">
<mapper namespace="com.xyb.order.pc.creditreport.dao.AuditCompIncomeDao">
   <resultMap id="ResultMap" type="com.xyb.order.pc.creditreport.model.AuditCompIncomeDO">
      <result column="id" property="id"/>
      <result column="cust_id" property="custId"/>
	  <result column="apply_id" property="applyId"/>
	  <result column="public_log_account" property="publicLogAccount"/>
	  <result column="public_logs_date" property="publicLogsDate"/>
	  <result column="public_logs_date_start" property="publicLogsDateStart"/>
	  <result column="public_logs_date_end" property="publicLogsDateEnd"/>
	  <result column="card" property="card"/>
	  <result column="card_type" property="cardType"/>
	  <result column="cardTypeStr" property="cardTypeStr"/>
	  <result column="fund_month0" property="fundMonth0"/>
	  <result column="fund_month1" property="fundMonth1"/>
	  <result column="fund_month2" property="fundMonth2"/>
	  <result column="fund_month3" property="fundMonth3"/>
	  <result column="fund_month4" property="fundMonth4"/>
	  <result column="fund_month5" property="fundMonth5"/>
	  <result column="public_average" property="publicAverage"/>
	  <result column="public_remark" property="publicRemark"/>
   </resultMap>

   <select id="queryInfoByApplyId" resultMap="ResultMap" parameterType="Object">
       select 
           c.id,
           c.cust_id,
           c.apply_id,
           c.public_log_account,
           c.public_logs_date,
           c.public_logs_date_start,
           c.public_logs_date_end,
           c.card,
           c.card_type,
           (select t.label from t_sys_dict t where t.id = c.card_type) cardTypeStr,
           c.fund_month0,
           c.fund_month1,
           c.fund_month2,
           c.fund_month3,
           c.fund_month4,
           c.fund_month5,
           c.public_average,
           c.public_remark
        from t_audit_comp_income c
        where c.apply_id = #{applyId}
        and c.already_del_flag = #{alreadyDelFlag}
        order by c.create_time asc 
   </select>
   
   <select id = "queryById" resultType="com.xyb.order.pc.creditreport.model.AuditCompIncomeDO" parameterType="Object">
      select  
       c.id,
       c.cust_id custId,
       c.apply_id applyId,
       c.public_log_account publicLogAccount,
       c.public_logs_date publicLogsDate,
       c.public_logs_date_start publicLogsDateStart,
       c.public_logs_date_end publicLogsDateEnd,
       c.card card,
       c.card_type cardType,
       c.fund_month0 fundMonth0,
       c.fund_month1 fundMonth1,
       c.fund_month2 fundMonth2,
       c.fund_month3 fundMonth3,
       c.fund_month4 fundMonth4,
       c.fund_month5 fundMonth5,
       c.public_average publicAverage,
       c.public_remark publicRemark
      from t_audit_comp_income c
      where c.id = #{id}
   </select>
   
   <insert id="addCompIncome" parameterType="java.util.ArrayList">
       insert into t_audit_comp_income(cust_id,apply_id,public_log_account,public_logs_date, public_logs_date_start,public_logs_date_end,card,
       card_type,fund_month0,fund_month1,fund_month2,fund_month3,fund_month4,fund_month5,public_average,public_remark,create_time,
       modify_time,create_user,modify_user) values
       <foreach collection="auditCompIncomeDTOs" item="item" separator=",">
          (#{item.custId}, #{item.applyId}, #{item.publicLogAccount}, #{item.publicLogsDate}, #{item.publicLogsDateStart}, #{item.publicLogsDateEnd}, #{item.card}, 
           #{item.cardType}, #{item.fundMonth0},#{item.fundMonth1}, #{item.fundMonth2}, #{item.fundMonth3}, #{item.fundMonth4},#{item.fundMonth5},#{item.publicAverage},
           #{item.publicRemark},now(), now(), #{item.createUser}, #{item.modifyUser})
       </foreach>
   </insert>
   
   <update id="uppdateCompIncome" parameterType="java.util.ArrayList">
     <foreach collection="auditCompIncomeDTOs" item="item" index="index" open="" close="" separator=";"> 
          update t_audit_comp_income
          set cust_id = #{item.custId},
          apply_id = #{item.applyId},
          public_log_account = #{item.publicLogAccount},
          public_logs_date =#{item.publicLogsDate},
          public_logs_date_start = #{item.publicLogsDateStart},
          public_logs_date_end =#{item.publicLogsDateEnd},
          card =#{item.card},
          card_type =#{item.cardType},
          fund_month0=#{item.fundMonth0},
          fund_month1=#{item.fundMonth1},
          fund_month2=#{item.fundMonth2},
          fund_month3=#{item.fundMonth3},
          fund_month4=#{item.fundMonth4},
          fund_month5=#{item.fundMonth5},
          public_average=#{item.publicAverage},
          public_remark=#{item.publicRemark},
          modify_time=now(),
          modify_user=#{item.modifyUser}
          where id = #{item.id}
       </foreach>
   </update>
   
   
   <update id="updateAlreadyDelFlagById" parameterType="Object">
        update t_audit_comp_income
          set already_del_flag = #{alreadyDelFlag} 
        where id = #{id}
   </update>

</mapper>