<?xml version="1.0" encoding="UTF-8"?>
<!DOCTYPE mapper PUBLIC "-//mybatis.org//DTD Mapper 3.0//EN" "http://mybatis.org/dtd/mybatis-3-mapper.dtd">
<mapper namespace="com.xyb.order.pc.creditreport.dao.AuditVerifyDao">

<select id="queryVerifyInfoByApplyId" parameterType="Object" resultType="com.xyb.order.pc.creditreport.model.AuditVerifyDO">
      select 
         v.id id,
         v.apply_id applyId,
         v.client_id clientId,
         v.work_phone workPhone,
         v.work_phone_verify workPhoneVerify,
         v.work_phone_resource workPhoneResource,
         v.work_phone_remark workPhoneRemark,
         v.spouse spouse,
         v.work_witness workWitness,
         v.urgent_linkman1 urgentLinkman1,
         v.urgent_linkman2 urgentLinkman2,
         v.personally_company personallyCompany,
         v.personally_family personallyFamily,
         v.court_implement courtImplement,
         v.credit_investigation creditInvestigation,
         v.business_circles businessCircles,
         v.call_record callRecord,
         v.salesman salesman,
         v.customer_service customerService
      from t_apply_verify v
      where v.apply_id = #{applyId}
</select>

<select id="queryVerifyInfoById" parameterType="Object" resultType="com.xyb.order.pc.creditreport.model.AuditVerifyDO">
      select 
         v.id id,
         v.apply_id                         AS applyId,
         v.client_id                        AS clientId,
         v.work_phone                       AS workPhone,
         v.work_phone_verify                AS workPhoneVerify,
         v.work_phone_resource              AS workPhoneResource,
         v.work_phone_remark                AS workPhoneRemark,
         v.spouse                           AS spouse,
         v.work_witness                     AS workWitness,
         v.urgent_linkman1                  AS urgentLinkman1,
         v.urgent_linkman2                  AS urgentLinkman2,
         v.personally_company               AS personallyCompany,
         v.personally_family                AS personallyFamily,
         v.court_implement                  AS courtImplement,
         v.credit_investigation             AS creditInvestigation,
         v.business_circles                 AS businessCircles,
         v.call_record                      AS callRecord,
         v.salesman                         AS salesman,
         v.customer_service                 AS customerService
      from t_apply_verify v
      where v.id = #{id}
</select>

<insert id="addVerifyInfo" parameterType="com.xyb.order.pc.creditreport.model.AuditVerifyDTO">
     insert into t_apply_verify(
     apply_id,
     client_id,
     work_phone_verify,
     work_phone_resource,
     work_phone_remark,
     spouse,
     work_witness,
     urgent_linkman1,
     urgent_linkman2,
     personally_company,
     personally_family,
     court_implement,
     credit_investigation,
     business_circles,
     call_record,
     salesman,
     customer_service,
     create_time,
     create_user
     ) values(
     #{applyId,jdbcType=BIGINT},
     #{clientId,jdbcType=BIGINT},
     #{workPhoneVerify,jdbcType=BIGINT},
     #{workPhoneResource,jdbcType=VARCHAR},
     #{workPhoneRemark,jdbcType=VARCHAR},
     #{spouse,jdbcType=BIGINT},
     #{workWitness,jdbcType=BIGINT},
     #{urgentLinkman1,jdbcType=BIGINT},
     #{urgentLinkman2,jdbcType=BIGINT},
     #{personallyCompany,jdbcType=BIGINT},
     #{personallyFamily,jdbcType=BIGINT},
     #{courtImplement,jdbcType=BIGINT},
     #{creditInvestigation,jdbcType=BIGINT},
     #{businessCircles,jdbcType=BIGINT},
     #{callRecord,jdbcType=BIGINT},
     #{salesman,jdbcType=VARCHAR},
     #{customerService,jdbcType=VARCHAR},
     now(),
     #{createUser,jdbcType=BIGINT}
     )
</insert>

<update id="updateVerifyInfo" parameterType="com.xyb.order.pc.creditreport.model.AuditVerifyDTO">
    update t_apply_verify 
       <trim prefix="set" suffixOverrides=",">
            <if test="applyId != null">
                   apply_id = #{applyId},
            </if>
            <if test="clientId != null ">
                   client_id =#{clientId},
            </if>
            <if test="workPhoneVerify != null">
                   work_phone_verify = #{workPhoneVerify},
            </if>
            <if test="workPhoneResource != null">
                   work_phone_resource = #{workPhoneResource},
            </if>
            <if test="workPhoneRemark != null">
                   work_phone_remark = #{workPhoneRemark},
            </if>
            <if test="spouse != null ">
                   spouse = #{spouse},
            </if>
            <if test="workWitness != null  ">
                   work_witness = #{workWitness},
            </if>
            <if test="urgentLinkman1 != null  ">
                   urgent_linkman1 = #{urgentLinkman1},
            </if>
            <if test="urgentLinkman2 != null ">
                   urgent_linkman2 = #{urgentLinkman2},
            </if>
            <if test="personallyCompany != null ">
                   personally_company = #{personallyCompany},
            </if>
            <if test="personallyFamily != null">
                   personally_family = #{personallyFamily},
            </if>
            <if test="courtImplement != null">
                   court_implement = #{courtImplement},
            </if>

            <if test="creditInvestigation != null ">
                   credit_investigation = #{creditInvestigation},
            </if>
            <if test="businessCircles != null ">
                   business_circles = #{businessCircles},
            </if>
            <if test="callRecord != null">
                   call_record = #{callRecord},
            </if>
            <if test="salesman != null">
                   salesman = #{salesman},
            </if>
             <if test="customerService != null">
                   customer_service = #{customerService},
            </if>
       </trim>	
        where id = #{id}
</update>



</mapper>