<?xml version="1.0" encoding="UTF-8"?>
<!DOCTYPE mapper PUBLIC "-//mybatis.org//DTD Mapper 3.0//EN" "http://mybatis.org/dtd/mybatis-3-mapper.dtd">
<mapper namespace="com.xyb.order.pc.creditreport.dao.AuditPersonalIncomeDao">
<resultMap id="ResultMap" type="com.xyb.order.pc.creditreport.model.AuditPersonalIncomeDO" >
    <result column="id" property="id"/>
    <result column="cust_id" property="custId"/>
	<result column="apply_id" property="applyId"/>
	<result column="card_account" property="cardAccount"/>
	<result column="card_type" property="cardType"/>
	<result column="card_type_str" property="cardTypeStr"/>
	<result column="is_del_state" property="isDelState"/>
	<result column="isDelStateStr" property="isDelStateStr"/>
	<result column="card" property="card"/>
	<result column="card_logs_date" property="cardLogsDate"/>
	<result column="card_logs_date_start" property="cardLogsDateStart"/>
	<result column="card_logs_date_end" property="cardLogsDateEnd"/>
	<result column="card_month0" property="cardMonth0"/>
	<result column="card_month1" property="cardMonth1"/>
	<result column="card_month2" property="cardMonth2"/>
	<result column="card_month3" property="cardMonth3"/>
	<result column="card_month4" property="cardMonth4"/>
	<result column="card_month5" property="cardMonth5"/>
	<result column="card_amount_avg" property="cardAmountAvg"/>
	<result column="card_remark" property="cardRemark"/>
</resultMap>

  <select id="queryInfoByApplyId" parameterType="Object" resultMap="ResultMap">
      select 
         p.id,
         p.cust_id,
         p.apply_id,
         p.card_account,
         p.card_type,
         (select label from t_sys_dict t where t.id = p.card_type) card_type_str,
         p.is_del_state,
         (select label from t_sys_dict t where t.id = p.is_del_state) isDelStateStr,
         p.card,
         p.card_logs_date,
         p.card_logs_date_start,
         p.card_logs_date_end,
	     p.card_month0,
	     p.card_month1,
	     p.card_month2,
	     p.card_month3,
	     p.card_month4,
	     p.card_month5,
	     p.card_amount_avg,
	     p.card_remark
	    from t_audit_personal_income  p 
	  where apply_id = #{applyId} 
	  and already_del_flag = #{alreadyDelFlag}
	  order by create_time asc 
  </select>
  
  <select id = "queryInfoById" resultType="com.xyb.order.pc.creditreport.model.AuditPersonalIncomeDO" parameterType="Object">
      select 
         p.id id,
         p.cust_id custId,
         p.apply_id applyId,
         p.card_account cardAccount,
         p.card_type cardType,
         (select label from t_sys_dict t where t.id = p.card_type) cardTypeStr,
         p.card card,
         p.card_logs_date cardLogsDate,
         p.card_logs_date_start cardLogsDateStart,
         p.card_logs_date_end cardLogsDateEnd,
	     p.card_month0 cardMonth0,
	     p.card_month1 cardMonth1,
	     p.card_month2 cardMonth2,
	     p.card_month3 cardMonth3,
	     p.card_month4 cardMonth4,
	     p.card_month5 cardMonth5,
	     p.card_amount_avg cardAmountAvg,
	     p.card_remark cardRemark
	    from t_audit_personal_income  p 
	    where p.id = #{id}
  </select>
  
  <insert id="addPersonalIncome" parameterType="java.util.ArrayList" >
       insert into t_audit_personal_income(cust_id,apply_id,card_account,card_type,card,card_logs_date_start,card_logs_date_end,
       card_month0,card_month1,card_month2,card_month3,card_month4,card_month5,card_amount_avg,card_remark,create_time,modify_time,
       create_user,modify_user) values
       <foreach collection="auditPersonalIncomeDTOs" item="item" separator=",">
          (#{item.custId}, #{item.applyId}, #{item.cardAccount}, #{item.cardType}, #{item.card}, #{item.cardLogsDateStart}, #{item.cardLogsDateEnd}, 
           #{item.cardMonth0}, #{item.cardMonth1},#{item.cardMonth2}, #{item.cardMonth3}, #{item.cardMonth4}, #{item.cardMonth5}, #{item.cardAmountAvg},
           #{item.cardRemark},now(), now(), #{item.createUser}, #{item.modifyUser})
       </foreach>
  </insert>
  
   <update id="uppdatePersonalIncome" parameterType="java.util.ArrayList">
       <foreach collection="auditPersonalIncomeDTOs" item="item" index="index" open="" close="" separator=";"> 
          update t_audit_personal_income
          set cust_id = #{item.custId},
          apply_id = #{item.applyId},
          card_account = #{item.cardAccount},
          card_type = #{item.cardType},
          card = #{item.card},
          card_logs_date_start = #{item.cardLogsDateStart},
          card_logs_date_end =#{item.cardLogsDateEnd},
          card_month0 =#{item.cardMonth0},
          card_month1 =#{item.cardMonth1},
          card_month2 =#{item.cardMonth2},
          card_month3 =#{item.cardMonth3},
          card_month4 =#{item.cardMonth4},
          card_month5 =#{item.cardMonth5},
          card_amount_avg =#{item.cardAmountAvg},
          card_remark = #{item.cardRemark},
          modify_time =now(),
          modify_user = #{item.modifyUser}
          where id = #{item.id}
       </foreach>
  </update> 
 
 <update id="updateDelFlagById" parameterType="Object"> 
      update t_audit_personal_income
      set already_del_flag = #{alreadyDelFlag} 
      where id = #{id}
 </update>
  

</mapper>