<?xml version="1.0" encoding="UTF-8"?>
<!DOCTYPE mapper PUBLIC "-//mybatis.org//DTD Mapper 3.0//EN" "http://mybatis.org/dtd/mybatis-3-mapper.dtd">
<mapper namespace="com.xyb.order.pc.creditreport.dao.AuditInsuranceDao">
   <resultMap id="ResultMap" type="com.xyb.order.pc.creditreport.model.AuditInsuranceDO">
      <result column="id" property="id"/>
	   <result column="cust_id" property="custId"/>
	   <result column="insure_man_name" property="insureManName"/>
	   <result column="passive_insure_man_name" property="passiveInsureManName"/>
	   <result column="insurance_name" property="insuranceName"/>  
	   <result column="effective_date" property="effectiveDate"/>
	   <result column="payment_type" property="paymentType"/>
	   <result column="payment_year_amount" property="paymentYearAmount"/>
   </resultMap>
    
    <select id="queryAuditInsuranceListByApplyId" parameterType="Object" resultMap="ResultMap" >
         select 
             i.id,
             i.cust_id,
             c.`name` insure_man_name,
             i.passive_insure_man_name,
             i.insurance_name,
             i.effective_date,
             i.payment_type,
             i.payment_year_amount
         from t_apply_insurance_info i
         left join t_apply_bill_info b on b.id = i.apply_id
         left join t_apply_client_info c on c.id = b.cus_Id
         where i.apply_id =#{applyId} and i.del_flag = 2487
         order by i.create_time asc
    </select>
    
    <select id="queryAuditInsuranceById" parameterType="Object" resultType="com.xyb.order.pc.creditreport.model.AuditInsuranceDO">
        select 
           id,
           cust_id custId,
           insure_man_name insureManName,
           passive_insure_man_name passiveInsureManName,
           insurance_name insuranceName,
           effective_date effectiveDate, 
           payment_type paymentType,
           payment_year_amount paymentYearAmount
        from t_apply_insurance_info
        where id =#{id}
    </select>
    
    <insert id="addAuditInsuranceList">
          insert into t_apply_insurance_info(apply_id,cust_id,insure_man_name,passive_insure_man_name,
             insurance_name,effective_date,payment_type,payment_year_amount,create_time,create_user,modify_time,modify_user)values
          <foreach collection="auditInsuranceDTOs" item="item" separator=",">
            (#{item.applyId}, #{item.custId}, #{item.insureManName}, #{item.passiveInsureManName}, #{item.insuranceName}, #{item.effectiveDate}, 
             #{item.paymentType}, #{item.paymentYearAmount},now(), #{item.createUser},now(), #{item.modifyUser})
          </foreach>
    </insert>
    
    <update id="updateAuditInsuranceList">
       <foreach collection="auditInsuranceDTOs" item="item" index="index" open="" close="" separator=";"> 
         update t_apply_insurance_info
            <trim prefix="set" suffixOverrides=",">
               <if test="item.applyId != null">
                  apply_id = #{item.applyId},
               </if>
               <if test="item.custId != null">
                   cust_id = #{item.custId},
               </if>
               <if test="item.insureManName != null">
                   insure_man_name = #{item.insureManName},
               </if>
               <if test="item.passiveInsureManName != null">
                   passive_insure_man_name = #{item.passiveInsureManName},
               </if>
               <if test="item.insuranceName != null">
                   insurance_name = #{item.insuranceName},
               </if>
               <if test="item.effectiveDate != null">
                   effective_date = #{item.effectiveDate},
               </if>
               <if test="item.paymentType != null">
                   payment_type = #{item.paymentType},
               </if>
             payment_year_amount = #{item.paymentYearAmount},
             modify_time = now(),
             modify_user = #{item.modifyUser}
           </trim>
          where id = #{item.id}
        </foreach>
    </update>
    
    <update id="updateAuditDelFlag" parameterType="Object">
         update t_apply_insurance_info
         set del_flag = #{delFlag}
         where id = #{id}
    </update> 
 </mapper>
