<?xml version="1.0" encoding="UTF-8"?>
<!DOCTYPE mapper PUBLIC "-//mybatis.org//DTD Mapper 3.0//EN" "http://mybatis.org/dtd/mybatis-3-mapper.dtd">
<mapper namespace="com.xyb.order.pc.creditreport.dao.AuditJobInfoDao">
   <select id="queryAuditJobInfoByApplyId" parameterType="Object"  resultType="com.xyb.order.pc.creditreport.model.AuditJobDO">
        select
          j.id,
          j.apply_id applyId,
          j.cus_id cusId,
          j.comp_name compName,
          j.comp_dept compDept,
          j.comp_duty compDuty,
          d.label compDutyStr,
          j.comp_join_date compJoinDate,
          IFNULL(salary,0)+IFNULL(other_income,0) monthMoney,
          j.jinpo_company  jinpoComp,
          j.jinpo_base jinpoBase,
          j.jinpo_month jinpoMonth,
          j.jinpo_lately jinpoLately,
          j.jinpo_duration jinpoDuration,
          j.cpf_company cpfComp,
          j.cpf_base cpfBase,
          j.cpf_month cpfMonth,
          j.cpf_lately  cpfLately,
          j.cpf_duration cpfDuration
        from t_apply_job_info j
          left join t_sys_dict d on j.comp_duty = d.id
        where apply_id = #{applyId}
   </select>
   
   <select id="queryAuditJobInfoById" parameterType="Object" resultType="com.xyb.order.pc.creditreport.model.AuditJobDO">
        select 
          j.id,
          j.apply_id applyId,
          j.comp_name compName,
          j.comp_dept compDept,
          j.comp_duty compDuty,
          j.comp_join_date compJoinDate,
          IFNULL(salary,0)+IFNULL(other_income,0) monthMoney,
          j.jinpo_company  jinpoComp,  
          j.jinpo_base jinpoBase,
          j.jinpo_month jinpoMonth, 
          j.jinpo_lately jinpoLately,
          j.jinpo_duration jinpoDuration,
          j.cpf_company cpfComp, 
          j.cpf_base cpfBase, 
          j.cpf_month cpfMonth,
          j.cpf_lately  cpfLately,
          j.cpf_duration cpfDuration
       from t_apply_job_info j
       where id = #{id}
   </select>
   
   <update id="updateAuditJobInfo" parameterType="com.xyb.order.pc.creditreport.model.AuditJobDTO">
      update t_apply_job_info 
      <trim prefix="set" suffixOverrides=",">
           <if test="jinpoLately != null">
              jinpo_lately = #{jinpoLately},
           </if>
           <if test="cpfLately != null">
              cpf_lately = #{cpfLately},
           </if>
              cpf_company = #{cpfComp},
              cpf_duration = #{cpfDuration},
              jinpo_duration = #{jinpoDuration},
              jinpo_base = #{jinpoBase},  
              jinpo_month = #{jinpoMonth},
              jinpo_company = #{jinpoComp},
              cpf_base = #{cpfBase},
              cpf_month = #{cpfMonth}
         </trim>
      where apply_id = #{applyId}
   </update>
   
   <insert id ="addAuditJobInfo" parameterType="com.xyb.order.pc.creditreport.model.AuditJobDTO">
       insert into t_apply_job_info(apply_id,cus_id,jinpo_base,jinpo_month,jinpo_lately,jinpo_duration,cpf_base,cpf_month,cpf_lately,cpf_duration,jinpo_company,cpf_company
       )values(#{applyId},#{cusId},#{jinpoBase},#{jinpoMonth},#{jinpoLately},#{jinpoDuration},#{cpfBase},
              #{cpfMonth},#{cpfLately},#{cpfDuration},#{jinpoComp},#{cpfComp}
       )
   </insert>
   
   <update id="updateAuditPersonMonthMoney" parameterType="Object">
      update t_apply_personal_info
         set month_money = #{monthMoney}
      where apply_id = #{applyId}
   </update>
   
   <select id="getExpectProductIdByApplyId" parameterType="Object">
      select 
        m.expect_product_id 
      from t_apply_main_info m
      where m.apply_id =#{applyId}
   </select>
   
   <update id="updateJinPoRecord" parameterType="Object">
      update t_apply_job_info set jinpo_record = 1424
      where apply_id = #{applyId}
   </update>
   
   <update id="updateCpfRecord" parameterType="Object">
       update t_apply_job_info set cpf_record = 1428
       where apply_id = #{applyId}
   </update>
   
   
</mapper>