<?xml version="1.0" encoding="UTF-8"?>
<!DOCTYPE mapper PUBLIC "-//mybatis.org//DTD Mapper 3.0//EN" "http://mybatis.org/dtd/mybatis-3-mapper.dtd">
<mapper namespace="com.xyb.order.pc.applybill.dao.ApplyBillInfoDao">
    <resultMap id="ResultMap" type="com.xyb.order.pc.applybill.model.ApplyBillInfoQueryDO" >
	      <result column="mainId" property="mainId"/>
	      <result column="applyId" property="applyId"/>
	      <result column="consultId" property="consultId"/>
	      <result column="clientName" property="name"/>
	      <result column="clientPhone" property="tell"/>
	      <result column="idcard" property="idcard"/>
	      <result column="orgName" property="orgTeam"/>
	      <result column="serviceName" property="serviceName"/>
	      <result column="consultDate" property="consultDate"/>
	      <result column="product_name" property="productName"/>
	      <result column="applyTime" property="applyTime"/>
	      <result column="state" property="state"/>
	      <result column="auditResult" property="auditResult"/>
	      <result column="rejectReason" property="rejectReason"/>
    </resultMap>
    
     <resultMap id="ApplyBillMainInfoResultMap" type="com.xyb.order.pc.applybill.model.ApplyBillMainInfoDO" >
	      <result column="id" property="id"/>
	      <result column="apply_source" property="applySouce"/>
	      <result column="expect_product_id" property="expectProductId"/>
	      <result column="expect_product_name" property="expectProductName"/>
	      <result column="expect_product_type" property="expectProductType"/>
	      <result column="expect_money" property="expectMoney"/>
	      <result column="expect_term" property="expectTerm"/>
	      <result column="apply_time" property="applyTime"/>
	      <result column="client_id" property="clientId"/>
	      <result column="client_grade" property="clientGrade"/>
	      <result column="client_idcard" property="clientIdcard"/>
	      <result column="client_real_name" property="clientRealName"/>
	      <result column="client_real_flag" property="clientRealFlag"/>
	      <result column="overdue_flag" property="overdueFlag"/> 
	      <result column="overdue_leven" property="overdueLeven"/>
	      <result column="consult_id" property="cousultId"/>
	      <result column="apply_id" property="applyId"/>
	      <result column="contract_id" property="contractId"/>
	      <result column="district_org_id" property="districtOrgId"/>
	      <result column="branch_district_org_id" property="branchDistrictOrgId"/>
	      <result column="store_org_id" property="storeOrgId"/>
	      <result column="team_org_id" property="teamOrgId"/>
	      <result column="manager_uid" property="managerUid"/>
	      <result column="manager_uname" property="managerUname"/>
	      <result column="team_manager_id" property="teamManagerId"/>
	      <result column="team_manager_uname" property="teamManagerUname"/>
	      <result column="servive_manager_uid" property="serviveManagerUid"/>
	      <result column="servive_manager_name" property="serviveManagerName"/>
	      <result column="service_uid" property="serviceUid"/>
	      <result column="service_uname" property="serviceName"/>
	      <result column="contract_uid" property="contractUid"/>
	      <result column="contract_review_uid" property="contractReviewUid"/>
	      <result column="audit_primary_uid" property="auditPrimaryUid"/>
	      <result column="audit_primary_uname" property="auditPrimaryUname"/>
	      <result column="audit_end_uid" property="auditEndUid"/>
	      <result column="audit_end_uname" property="auditEndUname"/>
	      <result column="visit_count" property="visitCount"/>
	      <result column="is_refuse" property="isResuse"/>
	      <result column="refuse_code" property="refuseCode"/>
	      <result column="refuse_value" property="refuseValue"/>
	      <result column="agree_product_id" property="agreeProductId"/>
	      <result column="agree_product_limit" property="agreeProductLimit"/>
	      <result column="agree_amount" property="agreeAmount"/>
	      <result column="loan_channel_id" property="loanChannelId"/>
	      <result column="loan_money" property="loanMoney"/>
	      <result column="over_flag" property="overFlag"/>
	      <result column="over_time" property="overTime"/>
	      <result column="submit_consult_time" property="submitConsultTime"/>
	      <result column="submit_apply_to_audit_time" property="submitApplyToAuditTime"/>
	      <result column="endaudit_over_time" property="endauditOverTime"/>
	      <result column="contract_num" property="contractNum"/>
	      <result column="contract_money" property="contractMoney"/>
	      <result column="contract_audit_adopt_time" property="contractAuditAdoptTime"/>
	      <result column="finance_give_loan_time" property="financeGiveLoanTime"/>
	      <result column="accounting_date_time" property="accountingDateTime"/>
	      <result column="state" property="state"/>
	      <result column="previous" property="previous"/>
	      <result column="client_abandon" property="clientAbandon"/>
	      <result column="abandon_reason" property="abandonReason"/>
	      <result column="create_time" property="createTime"/>
	      <result column="create_user" property="createUser"/>
	      <result column="modify_time" property="modifyTime"/>
	      <result column="modify_user" property="modifyUser"/>
	      <result column="submit_reconsider_time" property="submitReconsiderTime"/>
	      <result column="submit_signatory_verification_time" property="submitSignatoryVerificationTime"/>
	      <result column="apply_num" property="applyNum"/>
	      <result column="is_loop" property="isLoop"/>
	      <result column="is_sign_check" property="isSignCheck"/>
	      <result column="sign_check_content" property="signCheckContent"/>
	      <result column="team_org_name" property="teamOrgName"/>
	      <result column="agree_product_name" property="agreeProductName"/>
	      <result column="month_repayment_money" property="monthRepaymentMoney"/>
	      <result column="service_proportion_type" property="serviceProportionType"/>
	      <result column="unauthorized" property="unauthorized"/>
	      <result column="project_code" property="projectCode"/>
	      <result column="is_risk_hand" property="isRiskHand"/>
	      <result column="apply_status" property="applyStatus"/>
	      <result column="policy_code" property="policyCode"/>
	      <result column="is_approval_passed" property="isApprovalPassed"/>
	      <result column="reconsideration_qty" property="reconsiderationQty"/>
	      <result column="consult_flag" property="consultFlag"/>
	      <result column="consult_context" property="consultContext"/>
	      <result column="is_indeed_credit" property="isIndeedCredit"/>
	      <result column="indeed_credit_context" property="indeedCreditContext"/>
	      <result column="product_proportion" property="productProportion"/>
	      <result column="service_proportion" property="serviceProportion"/>
	      <result column="visit_submit_audit_time" property="visitSubmitAuditTime"/>
    </resultMap>
  
    <resultMap id="ClientAbandonMap" type="com.xyb.order.pc.applybill.model.ApplyClientAbandonDO" >
         <result column="id" property="id"/>
	     <result column="label" property="label"/>
    </resultMap>
    
    <select id="applyBillInfoQueryPage" resultMap="ResultMap" parameterType="com.xyb.order.pc.applybill.model.ApplyBillInfoQueryDTO">
		select
			m.id               mainId,
			m.apply_id         applyId,
			c.id               consultId,
			c.`name`           clientName,
			c.phone            clientPhone,
			c.idcard           idcard,
			o.org_name         orgName,
			u.`name`           serviceName,
			c.create_time      consultDate,
			p.product_name     productName,
			b.is_temp_save     state,
			m.apply_time       applyTime,
			case m.is_sys_audit_pass
			when 2486
			then '通过'
			when 2487
			then '退回'
			else '' end     as auditResult,
			case m.is_sys_audit_pass
			when 2487
			then '报告异常'
			else '' end     as rejectReason,
			clientUser.name as recommender
		from t_apply_main_info m
		left join t_apply_client_info c on c.id = m.client_id
		left join t_client_user clientUser on clientUser.id = c.referee
		left join t_apply_bill_info b on m.apply_id = b.id
		left join t_org o on m.team_org_id = o.org_id
		left join t_user u on m.manager_uid = u.id
		left join t_xyb_product p on m.expect_product_id = p.id
		where 1 = 1
		and  m.state = '105'
		and  m.service_uid = #{loginId}
		and  m.client_abandon = #{clientAbandon}
		<if test = "name != null and name != ''">
		and c.name like concat('%',#{name},'%')
		</if>
		<if test="tell != null and tell != ''" >
		and c.phone =  #{tell}
		</if>
		<if test="idcard != null and idcard != ''" >
		and c.idcard =  #{idcard}
		</if>
		order by m.apply_time desc
    </select>
    
    <select id="queryBillInfoByMainId" resultType="com.xyb.order.pc.applybill.model.ApplyBillInfoDO" parameterType="java.lang.Object">
        select
		  b.id,
		  m.id                                 mainId,
		  b.cus_id                             cusId,
		  b.apply_num                          applyNum,
		  m.apply_time                         applyTime,
		  m.project_code                       projectCode,
		  m.store_org_id                       storeOrgId,
		  (select o.org_name
		   from t_org o
		   where o.org_id = m.store_org_id)    storeOrgName,
		  m.team_org_id                        teamOrgId,
		  (select o.org_name
		   from t_org o
		   where o.org_id = m.team_org_id)     teamOrgName,
		  m.team_manager_id                    teamManagerId,
		  m.team_manager_uname                 teamManageUname,
		  m.manager_uid                        managerUid,
		  m.manager_uname                      managerUname,
		  m.service_uid                        serviceUid,
		  m.service_uname                      serviceUname,
		  m.expect_product_id                  expectProductId,
		  m.expect_product_name                expectProductName,
		  m.expect_product_type                expectProductType,
		  (select t.label
		   from t_sys_dict t
		   where t.id = m.expect_product_type) expectProductTypeStr,
		  b.borrow_desc_code                   borrowDescCode,
		  (select t.label
		   from t_sys_dict t
		   where t.id = b.borrow_desc_code)    borrowDescCodeStr,
		  b.borrow_desc_detail_code            borrowDescDetailCode,
		  b.borrow_desc_other                  borrowDescOther,
		  b.max_return_money                   maxReturnMoney,
		  b.call_customer_time_sta             callCustomerTimeSta,
		  b.call_customer_time_end             callCustomerTimeEnd,
		  b.call_customer_time_remark          callCustomerTimeRemark,
		  b.service_remark                     serviceRemark,
		  b.is_loop                            isLoop,
		  (select t.label
		   from t_sys_dict t
		   where t.id = b.is_loop)             isLoopStr,
		  (select t.label
		   from t_sys_dict t
		   where t.id = b.cus_source)          cusSource,
		  b.manager_id                         managerId,
		  b.product_id                         productId,
		  b.product_type                       productType,
		  m.expect_money                       expectMoney,
		  m.expect_term                        expectTerm,
		  m.project_code                       projectCode,
		  b.special_remark                     specialRemark,
		  clientUser.name as                   recommender
		from t_apply_bill_info b
		  left join t_apply_main_info m on b.id = m.apply_id
		  left join t_apply_client_info client on m.client_id = client.id
		  left join t_client_user clientUser on clientUser.id = client.referee
		where m.id = #{mainId}
    </select>
    
    
    <select id="queryApplyBillListByCusId" resultMap="ResultMap" parameterType="java.lang.Object">
         select b.id from t_apply_bill_info b where b.cus_id = #{cusId} and b.is_temp_save = '2486' 
    </select>
    
    
    <insert id="add" parameterType="java.lang.Object" useGeneratedKeys="true" keyProperty="id">
         insert into T_APPLY_BILL_INFO(
              cus_Id, 
              apply_num, 
              project_code, 
              borrow_desc_code, 
              borrow_desc_detail_code,
              borrow_desc_other,
    	      product_type,
    	      product_id,
    	      max_return_money,
    	      store_org_id, 
    	      team_org_id, 
    	      team_manager_id,
    	      manager_id, 
    	      service_uid,
    	      is_loop, 
    	      service_remark, 
    	      is_temp_save, 
    	      call_customer_time_sta, 
    	      call_customer_time_end, 
    	      call_customer_time_remark,
    	      create_time, 
    	      create_user, 
    	      modify_time, 
    	      modify_user,
    	      special_remark
    	      )values( 
    	      #{cusId},
    	      #{applyNum},
    	      #{projectCode},
    	      #{borrowDescCode},
    	      #{borrowDescDetailCode},
    	      #{borrowDescOther},
              #{productType},
              #{productId},
              #{maxReturnMoney},
              #{storeOrgId},
              #{teamOrgId},
              #{teamManagerId},
              #{managerId},
              #{serviceUid},
              #{isLoop},
              #{serviceRemark},
              #{isTempSave},
              #{callCustomerTimeSta},
              #{callCustomerTimeEnd},
              #{callCustomerTimeRemark},
              now(),
              #{createUser},
              now(),
              #{modifyUser},
              #{specialRemark}
          )
    </insert>

    <insert id="updateMainInfoBbyMainId" parameterType = "com.xyb.order.pc.applybill.model.ApplyBillInfoTempSaveDTO">
      update t_apply_main_info m
      set m.team_org_id = #{teamOrgId},
       m.store_org_id = #{StoreOrgId},
       m.team_manager_uname = #{teamManagerUname},
       m.manager_uid = #{managerUid},
       m.manager_uname = #{managerUname},
       m.service_uid = #{serviceUid},
       m.service_uname = #{serviceUname},
       m.expect_product_id = #{expectProductId},
       m.expect_product_name = #{expectProductName},
       m.expect_product_type =#{expectProductType},
       m.expect_money = #{expectMoney},
       m.expect_term = # {expectTerm}
      where m.id = #{mainId}

    </insert>

    <!-- 更新申请单数据 -->
	<update id="updateApplyBillInfoById" parameterType="java.util.Map">
		UPDATE T_APPLY_BILL_INFO t SET
			t.cus_source = #{applySource},
			t.borrow_desc_code = #{borrowDescCode},
			t.borrow_desc_other = #{borrowDescOther},
			t.product_type = #{productType},
			t.product_id = #{productId},
			t.product_ext_id = (select t2.id from t_xyb_product_ext t2 where t2.product_id=#{productId} and t2.product_limit=#{expectTerm} and t2.type='A' and t2.is_valid = 2484),
			t.max_return_money = #{maxReturnMoney},
			t.store_org_id = #{storeOrgId},
			t.team_org_id = #{teamOrgId},
			t.team_manager_id = #{teamManagerId},
			t.manager_id = #{managerId},
			t.service_uid = #{serviceUid},
			t.service_remark = #{serviceRemark},
			t.call_customer_time_sta = #{callCustomerTimeSta},
			t.call_customer_time_end = #{callCustomerTimeEnd},
			t.call_customer_time_remark = #{callCustomerTimeRemark},
			t.project_code = #{projectCode},
			<if test="isTempSave != null">
				t.is_temp_save = #{isTempSave},
			</if>
			t.modify_time = now(),
			t.modify_user = #{modifyUser},
			t.special_remark = #{specialRemark}
		WHERE t.id = #{id}
	</update>

	<!-- 根据applyNum查询 T_APPLY_BILL_INFO -->
	<select id="getMainInfoByApplyNumOrApplyId"  resultMap="ApplyBillMainInfoResultMap" parameterType="map">
		select *
	 		from t_apply_main_info  where 
	 		  1=1
			  <if test="id != null">
			    and id= #{id}
			  </if>
	 		  <if test="applyNum != null" >
	    		and  apply_num = #{applyNum}
			  </if>
	 		  <if test="applyId != null" >
	    		and  apply_id = #{applyId}
			  </if>
	</select>
	
	<select id="queryClientAbandonReason" resultMap="ClientAbandonMap" parameterType="map">
	    select id,label from t_sys_dict where type_id = #{typeId}
	</select>
	
	<update id="updateClientAbandonStatus" parameterType="com.xyb.order.pc.applybill.model.ApplyClientAbandonDTO">
	   update t_apply_main_info
	   set 
	   <if test="id != null" >
	      abandon_reason = #{id},
	   </if>
	   client_abandon = #{isClientAbandon}
	   where id = #{mainId}
	</update>

	<update id="updateApplyInfoOnlyNeed" parameterType="map">
		     UPDATE t_apply_bill_info
        <trim prefix="SET" suffixOverrides=",">
            <if test="isRefuse != null">
                is_refuse = #{isRefuse},
            </if>
            <if test="refuseNode != null">
                refuse_node = #{refuseNode},
            </if>
            <if test="refuseCode != null">
                refuse_code = #{refuseCode},
            </if>
            modify_time = NOW(),
            modify_user = #{operationUser}
        </trim>
        WHERE id = #{id}
	</update>
	
	<select id="listContractAuditApplyIds" resultType="java.lang.Long">
			select id
	 			from t_apply_main_info  
	 		where 
	 		  1=1
              and state=142
	</select>
	
	<update id = "updateLinkManDelFlagById" parameterType="map" >
	       update t_apply_linkman_info set
	       del_flag = #{delFlag}
	       where id = #{id}
	</update>

	<!--修改主表专案码-->
    <update id="updateMainInfoProjectCode">
		update t_apply_main_info
		set project_code                 = #{projectCode},
		modify_time = now(), modify_user = #{modifyUser}
		where id = #{id}
	</update>

    <insert id="addHistoryRemark" parameterType="com.xyb.order.pc.applybill.model.ApplyOtherdataRemarkDTO">
	      insert into t_apply_otherdata_remark(
	         apply_id,remark,create_time,create_user
	      )values(#{applyId},#{remark},now(),#{createUser})
	</insert>
	
	<select id="getExpectProductId" parameterType="Object" resultType="java.lang.Long">
	      select m.expect_product_id from t_apply_main_info m
	      where m.apply_id = #{applyId}
	</select>
	
	<select id="getHistoryRemarkByApplyId" parameterType="Object" resultType="com.xyb.order.pc.applybill.model.ApplyOtherDataRemarkDO">
	      select 
	          id,
	          create_time createTime,
	          apply_id applyId,
	          remark
	      from t_apply_otherdata_remark
	      where apply_id =#{applyId}
	      order by create_time desc
	</select>
    <select id="getContractCount" resultType="java.lang.Integer">
		select count(1)
		from
		  t_apply_main_info
		where apply_id = #{applyId}
			  and contract_settle_state = 2486 and state = 144
	</select>
	<select id="getClearProofCount" resultType="java.lang.Integer">
		select count(1)
		from t_file_data_info
		where id = 9 and apply_id = #{applyId}
	</select>
	
	<select id="getServiceAmount" resultType="java.math.BigDecimal" parameterType="java.lang.Long">
		SELECT
			service_amount
		FROM
			t_apply_bill_info
		WHERE
			id = #{applyId}
	</select>
	
	<select id="getServiceRemark" resultType="java.lang.String" parameterType="Object">
	   select service_remark from t_apply_bill_info where id = #{applyId}
	</select>

	<!--根据主表主键查询当前节点-->
	<select id="getMainState" resultType="java.lang.Integer">
		select state
		from t_apply_main_info
		where id = #{mainId}
	</select>

	<update id="updateServiceRemark" parameterType="Object">
	   update t_apply_bill_info set service_remark = null where id = #{applyId}
	</update>

</mapper>