<?xml version="1.0" encoding="UTF-8"?>
<!DOCTYPE mapper PUBLIC "-//mybatis.org//DTD Mapper 3.0//EN" "http://mybatis.org/dtd/mybatis-3-mapper.dtd">
<mapper namespace="com.xyb.order.pc.applybill.dao.ApplyJobInfoDao">
    <select id="queryJobInfoByMainId" resultType="com.xyb.order.pc.applybill.model.ApplyJobInfoDO" parameterType="Object">
       select
          j.id,
          m.apply_id                                     applyId,
          m.id                                           mainId,
          j.cus_id                                       cusId,
          j.comp_name                                    compName,
          j.comp_tell_area                               compTellArea,
          j.comp_tell                                    compTell,
          j.comp_all_tell                                compAllTell,
          j.comp_addres_province                         compAddresProvince,
          (select province
           from t_cn_province cp
           where cp.provinceid = j.comp_addres_province) compAddresProvinceStr,
          j.comp_addres_city                             compAddresCity,
          (select city
           from t_cn_city cc
           where cc.cityid = j.comp_addres_city)         compAddresCityStr,
          j.comp_addres_area                             compAddresArea,
          (select area
           from t_cn_area ca
           where ca.areaid = j.comp_addres_area)         compAddresAreaStr,
          j.comp_addres                                  compAdress,
          j.comp_all_address                             compAllAddress,
          j.comp_dept                                    compDept,
          j.comp_duty                                    compDuty,
          dict.label as                                  compDutyStr,
          j.comp_join_date                               compJoinDate,
          j.comp_type                                    compType,
          (select t.label
           from t_sys_dict t
           where t.id = j.comp_type)                     compTypeStr,
          j.staff_amount                                 staffAmount,
          (select t.label
           from t_sys_dict t
           where t.id = j.staff_amount)                  staffAmountStr,
          j.salary,
          j.industry_code                                industryCode,
          j.salary_delivery                              salaryDelivery,
          j.other_income                                 otherIncome
        from t_apply_job_info j
          left join t_apply_main_info m on m.apply_id = j.apply_id
          left join t_sys_dict dict on dict.id = j.comp_duty
        where 1 = 1
              and m.id = #{mainId}
        order by j.create_time desc
        limit 1
    </select>

   <select id="queryJobInfoOfJinBoAndCpfByMainId" resultType="com.xyb.order.pc.applybill.model.ApplyJobInfoOfJinBoAndCpfDO" parameterType="Object">
       select 
					j.jinpo_record jinpoRecord,
					j.jinpo jinpo,
					j.jinpo_company jinpoCompany,
					j.jinpo_base jinpoBase,
					j.jinpo_month jinpoMonth,
					j.jinpo_duration jinpoDuration,
					j.cpf_company cpfCompany,
					j.cpf_record cpfRecord,
					j.cpf_base cpfBase,
					j.cpf_month cpfMonth,
					j.cpf_duration cpfDuration
       from t_apply_job_info j 
       left join t_apply_main_info m on m.apply_id = j.apply_id
       where 1=1
       and m.id = #{mainId}
       order by j.create_time desc limit 1
    </select>
    
    <insert id="add" parameterType="java.util.Map">
         insert into t_apply_job_info(apply_id,cus_id,comp_name,comp_addres_province,comp_addres_city,comp_addres_area,
              comp_addres,comp_all_address,comp_dept,comp_duty,comp_tell_area,comp_tell,comp_all_tell,comp_join_date,
              comp_type,staff_amount,salary,salary_delivery,other_income,industry_code,create_time,create_user,modify_time,modify_user) 
         values(#{applyId},#{cusId},#{compName},#{compAddresProvince},#{compAddresCity},#{compAddresArea},#{compAdress},#{compAllAddress},
               #{compDept},#{compDuty},#{compTellArea},#{compTell},#{compAllTell},#{compJoinDate},#{compType},#{staffAmount},#{salary},#{salaryDelivery},
               #{otherIncome},#{industryCode},now(),#{createUser},now(),#{modifyUser})
    </insert>
    
    <update id="update" parameterType="Object" >
         update t_apply_job_info set 
		    comp_name =  #{compName},
		    comp_tell_area =  #{compTellArea},
		    comp_tell =  #{compTell},
            comp_addres_province =  #{compAddresProvince},
            comp_addres_city =  #{compAddresCity},
            comp_addres_area =  #{compAddresArea},
		    comp_addres =  #{compAdress},
		    comp_all_address =  #{compAllAddress},
		    comp_dept =  #{compDept},
		    comp_duty =  #{compDuty},
		    comp_join_date =  #{compJoinDate},
		    comp_all_tell =  #{compAllTell},
		    comp_type =  #{compType},
		    industry_code = #{industryCode},
		    staff_amount =  #{staffAmount},
		    salary =  #{salary},
		    salary_delivery = #{salaryDelivery},
		    other_income =  #{otherIncome},
		    modify_user =  #{modifyUser},
		    modify_time =  now()
 	     where id = #{id}
    </update>
</mapper>