<?xml version="1.0" encoding="UTF-8"?>
<!DOCTYPE mapper PUBLIC "-//mybatis.org//DTD Mapper 3.0//EN" "http://mybatis.org/dtd/mybatis-3-mapper.dtd">
<mapper namespace="com.xyb.order.pc.applybill.dao.ApplyClientInfoDao">
<resultMap id="ResultMap" type="com.xyb.order.pc.applybill.model.ApplyClientInfoDO" >
	<result column="id" property="id"/>
	<result column="applyId" property="applyId"/>
	<result column="mainId" property="mainId"/>
	<result column="name" property="name"/>
	<result column="gender" property="gender"/>
	<result column="genderStr" property="genderStr"/>
	<result column="birthday" property="birthday"/>
	<result column="idcard" property="idcard"/>
	<result column="phone" property="phone"/>
	<result column="nation" property="nation"/>
	<result column="nationStr" property="nationStr"/>
	<result column="address" property="address"/>
	<result column="isvalid" property="isvalid"/>
	<result column="isvalidStr" property="isValidStr"/>
	<result column="idcard_start_time" property="idcardStartTime"/>
	<result column="idcard_end_time" property="idcardEndTime"/>
	<result column="idcard_police_station" property="idcardPoliceStation"/>
	<result column="front_file_key" property="frontFileKey"/>
	<result column="back_file_key" property="backFileKey"/>
	<result column="idcard_front_side" property="idcardFrontSide"/>
	<result column="idcard_back_side" property="idcardBackSide"/>
	<result column="certification_state" property="certificationState"/>
	<result column="create_time" property="createTime"/>
	<result column="create_user" property="createUser"/>
	<result column="modify_time" property="modifyTime"/>
	<result column="modify_user" property="modifyUser"/>
</resultMap>


<select id="queryClientInfoByMainId"  resultMap="ResultMap" parameterType="Object">
   select 
      c.id, 
      m.apply_id applyId,
      m.id mainId,
      c.name,
      c.gender,
      (select t.label from t_sys_dict t where t.id = c.gender ) genderStr,
      c.birthday,
      c.idcard,
      c.phone,
      c.nation,
      (select n.native_name from t_nation n where n.id=c.nation) nationStr,
      c.address,
      c.isvalid,
      (select t.label from t_sys_dict t where t.id = c.isvalid ) isvalidStr,
      c.idcard_start_time,
      c.idcard_end_time,
      c.idcard_police_station,
      c.front_file_key,
      c.back_file_key,
      c.idcard_front_side,
      c.idcard_back_side,
      c.certification_state
    from  t_apply_client_info c
    left join t_apply_main_info m on c.id = m.client_id
    where m.id = #{mainId}
</select>

<insert id="add" parameterType="Object" useGeneratedKeys="true" keyProperty="id" >
	insert into t_apply_client_info(
	     name, 
	     gender,
	     birthday, 
	     idcard,
	     nation, 
	     phone,
	     address,
	     isvalid, 
	     idcard_start_time, 
		 idcard_end_time,
		 idcard_police_station,
		 idcard_front_side, 
		 idcard_back_side, 
		 certification_state, 
		 create_time, 
		 create_user, 
		 modify_time, 
		 modify_user
		 )values(
		 #{name,jdbcType=VARCHAR},
		 #{gender},
		 #{birthday,jdbcType=DATE},
		 #{idcard,jdbcType=VARCHAR},
		 #{nation},
		 #{phone,jdbcType=VARCHAR},
		 #{address,jdbcType=VARCHAR},
		 #{isvalid,jdbcType=BIGINT},
		 #{idcardStartTime,jdbcType=DATE},
 		 #{idcardEndTime,jdbcType=DATE},
 		 #{idcardPoliceStation,jdbcType=VARCHAR},
 		 #{idcardFrontSide,jdbcType=VARCHAR},
 		 #{idcardBackSide,jdbcType=VARCHAR},
 		 #{certificationState,jdbcType=VARCHAR},
 		 NOW(),
 		 #{createUser,jdbcType=BIGINT},
 		 NOW(),
 		 #{modifyUser,jdbcType=BIGINT})
</insert>

<!-- 修改记录，只修改只不为空的字段 -->
<update id="updateOnlyChanged" parameterType="Object" >
	update t_apply_client_info   
	  <trim prefix="set" suffixOverrides=",">
	    <if test="nation != null">
	       nation =  #{nation},
	    </if>
	    <if test="idcardStartTime != null">
	       idcard_start_time = #{idcardStartTime},
	    </if>
	    <if test="idcardEndTime != null">
	       idcard_end_time =  #{idcardEndTime}, 
	    </if>
	    <if test="idcardPoliceStation != null">
	       idcard_police_station =  #{idcardPoliceStation},
	    </if>
	    <if test="modifyUser != null">
           modify_user =  #{modifyUser},
	    </if>
	    <if test="modifyTime != null">
		   modify_time = now(),
	    </if>
	</trim>
	where id = #{id}
</update>


</mapper>