<?xml version="1.0" encoding="UTF-8"?>
<!DOCTYPE mapper PUBLIC "-//mybatis.org//DTD Mapper 3.0//EN" "http://mybatis.org/dtd/mybatis-3-mapper.dtd">
<mapper namespace="com.xyb.order.pc.applybill.dao.ApplyLinkmanInfoDao">
<resultMap id="ResultMap" type="com.xyb.order.pc.applybill.model.ApplyLinkmanInfoDO" >
	<result column="id" property="id"/>
	<result column="cusId" property="cusId"/>
	<result column="applyId" property="applyId"/>
	<result column="mainId" property="mainId"/>
	<result column="contactType" property="contactType"/>
	<result column="source" property="source"/>
	<result column="sourceStr" property="sourceStr"/>
	<result column="sourceOther" property="sourceOther"/>
	<result column="name" property="name"/>
	<result column="idcard" property="idcard"/>
	<result column="relation" property="relation"/>
	<result column="relationStr" property="relationStr"/>
	<result column="relationCode" property="relationCode"/>
	<result column="isKnowLoan" property="isKnowLoan"/>
	<result column="compName" property="compName"/>
	<result column="province" property="province"/>
	<result column="city" property="city"/>
	<result column="area" property="area"/>
	<result column="address" property="address"/>
	<result column="allAdress" property="allAddress"/>
	<result column="duty" property="duty"/>
	<result column="phone" property="phone"/>
	<result column="relationCode" property="relationCode"/>
	<result column="orderNum" property="orderNum"/>
	<result column="createTime" property="createTime"/>
	<result column="createUser" property="createUser"/>
	<result column="modifyTime" property="modifyTime"/>
	<result column="modifyUser" property="modifyUser"/>
</resultMap>

   <select id="queryLinkInfoListByMainIdAndType"  resultMap="ResultMap"  parameterType="map">
        select 
		          l.id,
		          m.apply_id                                                                    AS applyId,
		          m.id                                                                          AS mainId,
		          l.cus_id                                                                      AS cusId,
		          l.idcard                                                                      AS idcard,
		          l.province                                                                    AS province,
		          (select province from t_cn_province cp where cp.provinceid = l.province)      AS provinceStr,
		          l.city                                                                        AS city,
                  (select city from t_cn_city cc where cc.cityid = l.city)                      AS cityStr,
                  l.area                                                                        AS area,
                  (select area from t_cn_area ca where ca.areaid = l.area)                      AS areaStr,
		          l.all_address                                                                 AS allAdress,
		          l.source                                                                      AS source,
		          (select s.label from t_sys_dict s where s.id = l.source)                      AS sourceStr,
		          l.source_other                                                                AS sourceOther ,
		          l.contact_type                                                                AS contactType,
		          (select s.label from t_sys_dict s where s.id = l.contact_type)                AS contactTypeStr,
		          l.name                                                                        AS name,
                  l.relation                                                                    AS relation,
                  (select s.label from t_sys_dict s where s.id =  l.relation)                   AS relationStr,
                  l.relation_code                                                               AS relationCode,
                  (select s.label from t_sys_dict s where s.id = l.relation_code)               AS relationCodeStr,
		          l.phone1                                                                      AS phone,
		          l.comp_name                                                                   AS compName,
		          l.is_know_loan                                                                AS isKnowLoan,
		          (select s.label from t_sys_dict s where s.id = l.is_know_loan)                AS isKnowLoanStr,
		          l.address                                                                     AS address,
		          l.duty                                                                        AS duty
	          from 
                t_apply_linkman_info l
                left join t_apply_main_info m on l.apply_id = m.apply_id
              where 1=1
              <if test="mainId != null ">
   		        and m.id = #{mainId} 
	          </if>
              and l.del_flag = 2484
              <if test="type != null and type != ''">
   		        and l.contact_type=#{type} 
	          </if>
	          <if test="applyId != null ">
   		        and m.apply_id=#{applyId}
	          </if>
              order by l.create_time
   </select>
   
   <select id = "queryLinkManById" resultType="com.xyb.order.pc.applybill.model.ApplyLinkmanInfoDO" parameterType="Object">
            select 
		          l.id,
		          l.apply_id                                                                   AS applyId,
		          l.cus_id                                                                     AS cusId,
		          l.idcard                                                                     AS idcard,
		          l.province                                                                   AS province,
		          (select province from t_cn_province cp where cp.provinceid = l.province)     AS provinceStr,
		          l.city                                                                       AS city,
                  (select city from t_cn_city cc where cc.cityid = l.city)                     AS cityStr,
                  l.area                                                                       AS area,
                  (select area from t_cn_area ca where ca.areaid = l.area)                     AS areaStr,
		          l.all_address                                                                AS allAdress,
		          l.source                                                                     AS source,
		          (select s.label from t_sys_dict s where s.id = l.source)                     AS sourceStr,
		          l.source_other                                                               AS sourceOther,
		          l.contact_type                                                               AS contactType,
		          (select s.label from t_sys_dict s where s.id = l.contact_type)               AS contactTypeStr,
		          l.name                                                                       AS name,
                  l.relation                                                                   AS relation,
                  (select s.label from t_sys_dict s where s.id =  l.relation)                   AS relationStr,
                  l.relation_code                                                              AS relationCode,
                  (select s.label from t_sys_dict s where s.id = l.relation_code)              AS relationCodeStr,
		          l.phone1                                                                     AS phone,
		          l.comp_name                                                                  AS compName,
		          l.is_know_loan                                                               AS isKnowLoan,
		          (select s.label from t_sys_dict s where s.id = l.is_know_loan)               AS isKnowLoanStr,
		          l.address                                                                    AS address,
		          l.duty                                                                       AS duty
	          from 
               t_apply_linkman_info l
               where l.id = #{id}
   </select>
   
   <insert id="add" parameterType="java.util.Map" >
       insert into T_APPLY_LINKMAN_INFO(cus_id, apply_id, contact_type, source, source_other,
		   name, idcard, relation, is_know_loan, comp_name, province, city, area, address, all_address, duty, 
		   phone1, order_num, relation_code, create_time, create_user, modify_time, modify_user)
	   values(#{cusId},#{applyId},#{contactType},#{source},#{sourceOther},
	 	   #{name},#{idcard},#{relation},#{isKnowLoan},#{compName},#{province},#{city},#{area},#{address},#{allAddress},#{duty},
	 	   #{phone},#{orderNum},#{relationCode},now(),#{createUser},now(),#{modifyUser})
   </insert>
   
   <insert id = "addLinkManInfos">
       insert into T_APPLY_LINKMAN_INFO(cus_id, apply_id, contact_type, source, source_other,
		   name, idcard, relation, is_know_loan, comp_name, province, city, area, address, all_address, duty, 
		   phone1, order_num, relation_code, create_time, create_user, modify_time, modify_user)
       values
       <foreach collection="list" item="item" separator=",">
          (#{item.cusId},#{item.applyId},#{item.contactType},#{item.source},#{item.sourceOther},#{item.name},#{item.idcard},
          #{item.relation},#{item.isKnowLoan},#{item.compName},#{item.province},#{item.city},#{item.area},#{item.address}, #{item.allAddress},
          #{item.duty},#{item.phone},#{item.orderNum},#{item.relationCode},now(),#{item.createUser},now(),#{item.modifyUser})
	  </foreach>
   </insert>
   
   <update id="update" parameterType="java.util.Map" >
         update T_APPLY_LINKMAN_INFO set 
			 cus_id =  #{cusId},
			 name =  #{name},
			 idcard =  #{idcard},
			 relation = #{relation},
			 relation_code =  #{relationCode},
			 comp_name =  #{compName},
			 is_know_loan =  #{isKnowLoan},
			 province =  #{province},
			 city =  #{city},
			 area =  #{area},
			 address =  #{address},
			 all_address = #{allAddress},
			 duty =  #{duty},
			 phone1 =  #{phone},
			 modify_user =  #{modifyUser},
			 order_num = #{orderNum},
			 modify_time =  NOW()
 	     where id = #{id}
   </update>
   
   <update id="updateLinkManInfos">
        <foreach collection="list" item="item" index="index" open="" close="" separator=";">
			update T_APPLY_LINKMAN_INFO set
			cus_id = #{item.cusId},
			name = #{item.name},
			idcard = #{item.idcard},
			relation = #{item.relation},
			comp_name = #{item.compName},
			is_know_loan = #{item.isKnowLoan},
			province = #{item.province},
			city = #{item.city},
			area = #{item.area},
			address = #{item.address},
			all_address = #{item.allAddress},
			duty = #{item.duty},
			phone1 = #{item.phone},
			modify_user = #{item.modifyUser},
			order_num = #{item.orderNum},
			modify_time = NOW()
			where id = #{item.id}
        </foreach>
   </update>
   	<select id="getLinkInfoByApplyIdAndPhone1" resultType="com.xyb.order.pc.applybill.model.ApplyLinkmanInfoDO" parameterType="java.util.Map">
		SELECT
			*
		FROM
			t_apply_linkman_info
		WHERE
			apply_id=#{applyId}
			AND phone1=#{phone1}
			AND contact_type = 1734 
			AND del_flag = 2484 
	</select>
</mapper>