<?xml version="1.0" encoding="UTF-8"?>
<!DOCTYPE mapper PUBLIC "-//mybatis.org//DTD Mapper 3.0//EN" "http://mybatis.org/dtd/mybatis-3-mapper.dtd">
<mapper namespace="com.xyb.order.pc.applybill.dao.ApplyPersonInfoDao">
  <select id = "queryPersonInfoByMainId" resultType = "com.xyb.order.pc.applybill.model.ApplyPersonInfoDO" parameterType = "Object">
     select
       p.id,
       p.apply_id applyId, 
       m.id mainId,
       p.cus_id cusId,
       p.valid_time validTime,
       p.home_town_province homeTownProvince,
       (select province from t_cn_province cp where cp.provinceid =  p.home_town_province) homeTownProvinceStr,
       p.home_town_city homeTownCity,
       (select city from t_cn_city cc where cc.cityid =  p.home_town_city) homeTownCityStr,
        p.home_town_area homeTownArea,
       (select area from t_cn_area ca where ca.areaid =  p.home_town_area) homeTownAreaStr,
       p.home_town homeTown,
       p.home_all_address homeTownAllAddress,
       p.now_address_province nowAddressProvince,
       (select province from t_cn_province cp where cp.provinceid = p.now_address_province) nowAddressProvinceStr,
       p.now_address_city nowAddressCity,
       (select city from t_cn_city cc where cc.cityid = p.now_address_city) nowAddressCityStr,
       p.now_address_area nowAddressArea,
       (select area from t_cn_area ca where ca.areaid = p.now_address_area) nowAddressAreaStr,
       p.now_address nowAddress,
       p.now_all_address nowAllAddress,
       p.tell_area tellArea,
       p.tell tell,
       p.all_tell allTell,
       p.live_case liveCase,
       (select t.label from t_sys_dict t where t.id = p.live_case) liveCaseStr,
       p.live_join liveJoin,
       p.live_join_other liveJoinOther,
       p.phone1 phone1,
       p.phone2 phone2,
       p.qq,
       p.webchat,
       p.education,
       (select t.label from t_sys_dict t where t.id = p.education) educationStr,
       p.children,
       p.children_num childrenNum,
       (select t.label from t_sys_dict t where t.id = p.children_num) childrenNumStr,
       p.payrool_day payRoolDay,
       p.children_age_start childrenAgeStart,
       p.children_age_end childrenAgeEnd,
       (select t.label from t_sys_dict t where t.id =  p.marriage) marriageStr,
       p.marriage
     from t_apply_personal_info p 
     left join t_apply_main_info m on p.apply_id = m.apply_id
     where m.id = #{mainId}
     order by p.create_time desc limit 1
  </select>
  
  <select id="queryFamilyChildrenList" parameterType="Object" resultType="com.xyb.order.pc.applybill.model.ApplyFamilyChildrenDO">
      select 
         id, 
         age,
         applyId applyId,
         del_flag delFlag
      from t_apply_familychildren_info f 
      where 1=1
      and f.applyId = #{applyId}
      and del_flag = #{delFlag}
      order by create_time desc 
  </select>
  
  <update id="updateFamilyChildrenList" parameterType="java.util.ArrayList">
        <foreach collection="familyList" item="item" separator=";">
          update t_apply_familychildren_info
             set age = #{item.age},del_flag = #{item.delFlag}
          where id = #{item.id}
       </foreach>
  </update>
  
  <insert id="addFamilyChildrenList" parameterType="java.util.ArrayList">
        insert into t_apply_familychildren_info(age,applyId) values
       <foreach collection="familyList" item="item" separator=",">
          (#{item.age},#{item.applyId})
       </foreach>
  </insert>
  
  <insert id="add" parameterType="java.util.Map" >
       insert into T_APPLY_PERSONAL_INFO(
             apply_id,
             cus_id, 
             valid_time,
             phone1,
             phone2,
             education, 
             qq,
             webchat, 
	 	     home_town_province, 
	 	     home_town_city, 
	 	     home_town_area, 
	 	     home_town, 
	 	     home_all_address, 
	 	     now_address_province, 
	 	     now_address_city, 
	 	     now_address_area, 
	 	     now_address, 
	 	     now_all_address, 
	 	     tell_area, 
	 	     tell, 
	 	     all_tell, 
	 	     live_case, 
	 	     live_case_desc, 
	 	     live_join, 
	 	     live_join_other,
	 	     children,
	 	     children_num,
             children_age_start,
             children_age_end,
             payrool_day,
             year_income,
             create_time,
             create_user,
             modify_time,
             modify_user
             )values(
             #{applyId},
             #{cusId},
             #{validTime},
             #{phone1},
             #{phone2},
             #{education},
             #{qq},
             #{webchat},
	 	     #{homeTownProvince},
	 	     #{homeTownCity},
	 	     #{homeTownArea},
	 	     #{homeTown},
	 	     #{homeTownAllAddress},
		     #{nowAddressProvince},
		     #{nowAddressCity},
		     #{nowAddressArea},
		     #{nowAddress},
		     #{nowAllAddress},
		     #{tellArea},
		     #{tell},
		     #{allTell},
		     #{liveCase},
		     #{liveCaseDesc},
		     #{liveJoin},
		     #{liveJoinOther},
             #{children},
             #{childrenNum},
             #{childrenAgeStart},
             #{childrenAgeEnd},
             #{payRoolDay},
             #{yearIncome},
             now(),
             #{createUser},
             now(),
             #{modifyUser})
  </insert>
  
  <update id="update" parameterType="java.util.Map" >
      update t_apply_personal_info
       <trim prefix="set" suffixOverrides=",">
            <if test="phone1 != null">
                    phone1 =  #{phone1},
            </if>
            <if test="phone2 != null">
		            phone2 =  #{phone2},
            </if>
            <if test="validTime != null">
		            valid_time =  #{validTime},
            </if>
            <if test="education != null">
		            education =  #{education},
            </if>
            <if test="qq!= null">
		            qq =  #{qq},
            </if>
             <if test="webchat != null">
		           webchat =  #{webchat},
            </if>
            <if test="homeTownProvince != null">
            	  home_town_province =  #{homeTownProvince},
            </if>
            <if test="homeTownCity != null ">
		          home_town_city =  #{homeTownCity},
            </if>
            <if test="homeTownArea != null ">
                 home_town_area =  #{homeTownArea},
            </if>
            <if test="homeTown != null">
		        home_town =  #{homeTown},
            </if>
            <if test="homeTownAllAddress != null">
        		home_all_address =  #{homeTownAllAddress},
            </if>
            <if test="nowAddressProvince != null">
        		 now_address_province =  #{nowAddressProvince},
            </if>
            <if test="nowAddressCity != null">
		          now_address_city =  #{nowAddressCity},
            </if>
            <if test="nowAddressArea != null">
         		 now_address_area =  #{nowAddressArea},
            </if>
            <if test="nowAddress != null ">
         		 now_address =  #{nowAddress},
            </if>
            <if test="nowAllAddress != null ">
        		 now_all_address =  #{nowAllAddress},
            </if>
            <if test="tellArea != null ">
		         tell_area =  #{tellArea},
            </if>
            <if test="tell != null ">
		         tell =  #{tell},
            </if>
            <if test="allTell != null ">
        		 all_tell =  #{allTell},
            </if>
            <if test="liveCase != null">
        		 live_case =  #{liveCase},
            </if>
            <if test="marriage != null">
         		 marriage =  #{marriage},
            </if>
            <if test="liveJoin != null">
		         live_join =  #{liveJoin},
            </if>
            <if test="liveJoinOther != null ">
        		 live_join_other =  #{liveJoinOther},
            </if>
            <if test="childrenNum != null ">
       		   children_num =  #{childrenNum},
            </if>
            <if test="payRoolDay != null ">
        		payrool_day =  #{payRoolDay},
            </if>
            <if test="modifyUser != null ">
        		 modify_user =  #{modifyUser},
            </if>
            <if test="modifyTime != null ">
		         modify_time =  now(),
            </if>
            <if test="yearIncome != null">
                 year_income = #{yearIncome},
            </if>
         </trim>
 	  where id = #{id}
  </update>
  
  
</mapper>