<?xml version="1.0" encoding="UTF-8"?>
<!DOCTYPE mapper PUBLIC "-//mybatis.org//DTD Mapper 3.0//EN" "http://mybatis.org/dtd/mybatis-3-mapper.dtd">
<mapper namespace="com.xyb.order.pc.applybill.dao.MaterialSupplementDao">

    <select id="listMaterialSupplementPage" resultType="com.xyb.order.pc.applybill.model.MaterialSupplementListDO" parameterType="com.xyb.order.pc.applybill.model.ApplyLinkmanInfoDO">
        SELECT a.*
        FROM (
               SELECT
                 main.apply_id                   AS applyId,
                 main.id                         AS mainId,
                 main.apply_num                  AS applyNum,
                 main.client_real_name           AS clientName,
                 main.client_idcard              AS idCard,
                 main.expect_product_name        AS product,
                 main.submit_apply_to_audit_time AS submitApplyToAuditTime,
                 mate.create_time                AS requestDate,
                 main.team_org_name              AS teamOrgName,
                case main.is_sys_audit_pass
                when 2486
                then '通过'
                when 2487
                then '退回'
                else '' end as auditResult
               FROM t_apply_main_info main LEFT JOIN t_audit_material_info mate ON main.apply_id = mate.apply_id
               WHERE 1 = 1
                <if test="applyNum != null and applyNum != ''">
                    AND main.apply_num = #{applyNum}
                </if>
                <if test="clientName != null and clientName != ''">
                    AND main.client_real_name = #{clientName}
                </if>
                <if test="idCard != null and idCard != ''">
                    AND main.client_idcard = #{idCard}
                </if>
                <if test="servieUid != null">
                    AND main.service_uid = #{servieUid}
                </if>
                <if test="state != null">
                    AND main.state = #{state}
                </if>
               ORDER BY mate.create_time DESC
             ) a
        GROUP BY a.mainId
    </select>

    <select id="getType" resultType="java.lang.String" >
        SELECT group_concat(label SEPARATOR ',') AS type
        FROM t_sys_dict
        WHERE id IN
        <foreach collection="type" item="item" index="" open="(" separator="," close=")">
            #{item}
        </foreach>
    </select>

    <select id="getMaterialSupplemgntInfo" resultType="com.xyb.order.pc.applybill.model.MaterialSupplementInfoDO" parameterType="java.lang.Long">
        SELECT
          mate.audit_report_id        as auditReportId,
          mate.create_time            AS submitDate,
          CASE
          mate.submit_post
          WHEN 2716
            THEN
              auditpri.audit_remark
          WHEN 2718
            THEN
              audit.udit_remart
          WHEN 0
            THEN
              risk.remark
          ELSE reconsider.reconside_idear
          END                         AS auditRemark
        FROM
          t_apply_main_info main
          LEFT JOIN t_audit_material_info mate ON main.apply_id = mate.apply_id
          LEFT JOIN t_audit_primary_info auditpri ON mate.audit_report_id = auditpri.id
          LEFT JOIN t_audit_info audit ON mate.audit_report_id = audit.id
          LEFT JOIN t_audit_reconsider reconsider ON reconsider.id = mate.audit_report_id
          LEFT JOIN t_audit_risk_info risk on mate.audit_report_id = risk.id
        WHERE
          main.id = #{mainId}
        ORDER BY
          mate.create_time DESC
        LIMIT 1
    </select>

    <!--根据报告ID查询补充材料类型-->
    <select id="queryMaterialType" resultType="java.lang.String">
        select concat(maFather.material_reason,':',group_concat(ma.material_reason))
        from t_audit_material_info audit left join t_material_info maFather on audit.audit_material_parent_id = maFather.id
          left join t_material_info ma on audit.audit_material_data_id = ma.id
        where audit_report_id = #{auditReportId}
        group by audit_material_parent_id
    </select>
</mapper>