<?xml version="1.0" encoding="UTF-8"?>
<!DOCTYPE mapper PUBLIC "-//mybatis.org//DTD Mapper 3.0//EN" "http://mybatis.org/dtd/mybatis-3-mapper.dtd">
<mapper namespace="com.xyb.order.pc.applybill.dao.ReconsiderationDao">

    <insert id="insertReconsider" parameterType="com.xyb.order.pc.applybill.model.InsertReconsiderationDTO">
        INSERT INTO t_apply_reconsider (apply_id, apply_time, apply_uid, reconsider_target, reconsider_target_name, reconsider_remark, create_time, modify_time, create_user, modify_user, tmp_state)
        VALUES(#{applyId}, now(), #{modifyUser}, #{reconsiderList}, #{reconsiderRemarkList}, #{reconsiderRemark}, now(), now(), #{modifyUser}, #{modifyUser}, #{state})
    </insert>
    <update id="updateReconsiderMain" parameterType="map">
        UPDATE t_apply_main_info
        SET state             = #{businessState}, submit_reconsider_time = now(),
          reconsideration_qty = ifnull(reconsideration_qty,0)+1, modify_time = now(), modify_user = #{modifyUser}
        WHERE id = #{mainId}
    </update>

    <select id="queryReconsiderationListPage" resultType="com.xyb.order.pc.applybill.model.ReconsiderationListDO">
        SELECT *
        FROM(
            SELECT
                main.apply_id               AS applyId,
                main.id                     AS mainId,
                main.apply_num              AS applyNum,
                dict.label                  AS projectCode,
                main.endaudit_over_time     AS endauditOverTime,
                main.agree_amount           AS agreeAmount,
                main.agree_product_limit    AS agreeProductLimit,
                main.expect_money           AS expectMoney,
                main.expect_term            AS expectTerm,
                main.expect_product_name    AS productName,
                state.des                   AS state,
                IFNULL(main.reconsideration_qty,0) AS reconsiderationQty,
                dict2.label                 AS isRefuse,
                case left(main.refuse_code,2) when 'D3' then parent.refuse_reason
                when 'D4' then parent.refuse_reason else code.refuse_reason end  as refuseValue,
                org.org_name                AS teamOrg,
                main.manager_uname          AS managerName,
                dict3.label                 AS reconsiderState,
                main.service_uname          AS serviceName,
                main.client_real_name       AS clientName,
                main.state                  AS stateCode,
                clientUser.name             as recommender,
                main.loan_money             as confirmAmout
            FROM t_apply_main_info main LEFT JOIN t_sys_dict dict ON main.project_code = dict.id
            left join t_apply_client_info client on main.client_id = client.id
            left join t_client_user clientUser on clientUser.id = client.referee
            LEFT JOIN t_credit_business_state state ON main.state = state.id
            LEFT JOIN t_sys_dict dict2 ON dict2.id = main.is_refuse
            LEFT JOIN t_org org ON org.org_id = main.team_org_id
            LEFT JOIN t_audit_reconsider audit ON audit.apply_id = main.apply_id
            LEFT JOIN t_sys_dict dict3 ON audit.reconsider_handle = dict3.id
            LEFT JOIN t_collection_contract_base base on base.contract_id = main.contract_id
            LEFT JOIN t_audit_code_info code on main.refuse_code = code.codes
            LEFT JOIN t_audit_code_info parent on parent.id = code.parent_id
            WHERE ifnull(base.max_overdue_period,0) &lt; 5 and ifnull(client_grade,0) &lt;&gt; 2856
            <if test="state != null">
                AND (main.reconsideration_qty &gt; 0 OR main.state IN
                <foreach collection="state" index="index" item="item" open="(" separator="," close=")">
                    #{state[${index}]}
                </foreach>
                )
            </if>
            <if test="applyNum != null and applyNum != ''">
                AND main.apply_num = #{applyNum}
            </if>
            <if test="productId != null">
                AND main.expect_product_id = #{productId}
            </if>
            <if test="clientName != null and clientName != ''">
                AND main.client_real_name = #{clientName}
            </if>
            <if test="orgId != null">
                AND (main.store_org_id LIKE CONCAT(#{orgId}, '%') OR main.store_org_id = #{orgId})
            </if>
            and <![CDATA[ main.expect_product_id <> 451 ]]>
          ORDER BY main.id,main.endaudit_over_time,audit.create_time DESC) a
        GROUP BY a.mainId
        ORDER BY a.endauditOverTime DESC
    </select>
    <select id="queryReconsiderationInfo" resultType="com.xyb.order.pc.applybill.model.ReconsiderationInfoDO" parameterType="java.lang.Long">
        SELECT a.*
        FROM (
               SELECT
                 main.id                             AS mainId,
                 main.apply_num                      AS applyNum,
                 main.apply_id                       AS applyId,
                 CASE main.state
                 WHEN 141
                   THEN main.loan_money
                 WHEN 280
                   THEN main.agree_amount
                 WHEN 299
                   then main.expect_money END        AS amount,
                 CASE main.state
                 WHEN 299
                   THEN main.expect_term
                 else main.agree_product_limit
                 END                                 AS term,

                 CASE main.state
                 WHEN 141
                   THEN '1'
                 WHEN 280
                   THEN '2'
                 when 299
                   then '0' END                      AS isRefuse,
                 main.client_real_name               AS clientName,
                 main.state                          AS state,
                 IFNULL(main.reconsideration_qty, 0) AS reconsiderationQty,
                 dict.label                          AS reconsiderState,
                 applyRecon.reconsider_target_name   AS reconsiderTarget,
                 applyRecon.reconsider_remark        AS reconsiderRemark
               FROM t_apply_main_info main LEFT JOIN t_apply_reconsider applyRecon ON applyRecon.apply_id = main.apply_id
                 LEFT JOIN t_audit_reconsider auditRecon ON main.apply_id = auditRecon.apply_id
                 LEFT JOIN t_sys_dict dict ON auditRecon.reconsider_handle = dict.id
               WHERE main.id = #{mainId}
               ORDER BY main.id, main.endaudit_over_time, applyRecon.create_time ASC, auditRecon.create_time desc
             ) a
        GROUP BY a.mainId
    </select>
</mapper>