<?xml version="1.0" encoding="UTF-8"?>
<!DOCTYPE mapper PUBLIC "-//mybatis.org//DTD Mapper 3.0//EN" "http://mybatis.org/dtd/mybatis-3-mapper.dtd">
<mapper namespace="com.xyb.order.pc.outbound.dao.ApplyVisitCreditManagementInfoDao">
  <resultMap id="BaseResultMap" type="com.xyb.order.pc.outbound.model.ApplyVisitCreditManagermentInfoDO">
    <id column="id" jdbcType="BIGINT" property="id" />
    <result column="visit_main_id" jdbcType="BIGINT" property="visitMainId" />
    <result column="management_comp_name" jdbcType="VARCHAR" property="managementCompName" />
    <result column="is_management_comp_name_same" jdbcType="BIGINT" property="isManagementCompNameSame" />
    <result column="area_code" jdbcType="VARCHAR" property="areaCode" />
    <result column="management_comp_tell" jdbcType="VARCHAR" property="managementCompTell" />
    <result column="is_management_comp_tell_same" jdbcType="BIGINT" property="isManagementCompTellSame" />
    <result column="management_comp_addr_province" jdbcType="BIGINT" property="managementCompAddrProvince" />
    <result column="management_comp_addr_city" jdbcType="BIGINT" property="managementCompAddrCity" />
    <result column="management_comp_addr_area" jdbcType="BIGINT" property="managementCompAddrArea" />
    <result column="management_comp_addr_detail" jdbcType="VARCHAR" property="managementCompAddrDetail" />
    <result column="management_category" jdbcType="BIGINT" property="managementCategory" />
    <result column="management_category_qt" jdbcType="VARCHAR" property="managementCategoryQt" />
    <result column="management_place_remaining_time" jdbcType="BIGINT" property="managementPlaceRemainingTime" />
    <result column="management_acreage" jdbcType="BIGINT" property="managementAcreage" />
    <result column="business_certificate" jdbcType="BIGINT" property="businessCertificate" />
    <result column="business_certificate_qt" jdbcType="VARCHAR" property="businessCertificateQt" />
    <result column="goods_in_stock" jdbcType="BIGINT" property="goodsInStock" />
    <result column="current_staffs_on_duty" jdbcType="BIGINT" property="currentStaffsOnDuty" />
    <result column="remark" jdbcType="VARCHAR" property="remark" />
    <result column="is_valid" jdbcType="INTEGER" property="isValid" />
    <result column="sort" jdbcType="INTEGER" property="sort" />
    <result column="create_time" jdbcType="TIMESTAMP" property="createTime" />
    <result column="create_user" jdbcType="BIGINT" property="createUser" />
    <result column="modify_time" jdbcType="TIMESTAMP" property="modifyTime" />
    <result column="modify_user" jdbcType="BIGINT" property="modifyUser" />
  </resultMap>
  
  <insert id="insert" parameterType="Object">
    insert into t_apply_visit_credit_management_info ( visit_main_id, 
       management_comp_name,is_management_comp_name_same, area_code,management_comp_tell, is_management_comp_tell_same,
      management_comp_addr_province, management_comp_addr_city, 
      management_comp_addr_area, management_comp_addr_detail, 
      management_category, management_category_qt, 
      management_place_remaining_time, management_acreage, 
      business_certificate, business_certificate_qt, 
      goods_in_stock, current_staffs_on_duty, remark, 
      sort, create_time, create_user, 
      modify_time, modify_user)
    values ( #{visitMainId,jdbcType=BIGINT}, 
      #{managementCompName,jdbcType=VARCHAR},#{isManagementCompNameSame,jdbcType=VARCHAR},#{areaCode,jdbcType=VARCHAR}, #{managementCompTell,jdbcType=VARCHAR}, #{isManagementCompTellSame,jdbcType=VARCHAR},
      #{managementCompAddrProvince,jdbcType=BIGINT}, #{managementCompAddrCity,jdbcType=BIGINT}, 
      #{managementCompAddrArea,jdbcType=BIGINT}, #{managementCompAddrDetail,jdbcType=VARCHAR}, 
      #{managementCategory,jdbcType=BIGINT}, #{managementCategoryQt,jdbcType=VARCHAR}, 
      #{managementPlaceRemainingTime,jdbcType=BIGINT}, #{managementAcreage,jdbcType=BIGINT}, 
      #{businessCertificate,jdbcType=BIGINT}, #{businessCertificateQt,jdbcType=VARCHAR}, 
      #{goodsInStock,jdbcType=BIGINT}, #{currentStaffsOnDuty,jdbcType=BIGINT}, #{remark,jdbcType=VARCHAR}, 
      #{sort,jdbcType=INTEGER}, #{createTime,jdbcType=TIMESTAMP}, #{createUser,jdbcType=BIGINT}, 
      #{modifyTime,jdbcType=TIMESTAMP}, #{modifyUser,jdbcType=BIGINT})
  </insert>
  
  <update id="updateApplyVisitCreditManagermentInfoDO" parameterType="Object">
     update t_apply_visit_credit_management_info
      <trim prefix="set" suffixOverrides=",">
       visit_main_id = #{visitMainId,jdbcType=BIGINT},
       is_management_comp_name_same = #{isManagementCompNameSame,jdbcType=VARCHAR},
       management_comp_name = #{managementCompName,jdbcType=VARCHAR},
       area_code = #{areaCode,jdbcType=VARCHAR},
       management_comp_tell = #{managementCompTell,jdbcType=VARCHAR},
       is_management_comp_tell_same = #{isManagementCompTellSame,jdbcType=VARCHAR},
       management_comp_addr_province = #{managementCompAddrProvince,jdbcType=BIGINT},
       management_comp_addr_city = #{managementCompAddrCity,jdbcType=BIGINT},
       management_comp_addr_area = #{managementCompAddrArea,jdbcType=BIGINT},
       management_comp_addr_detail = #{managementCompAddrDetail,jdbcType=VARCHAR}, 
       management_category = #{managementCategory,jdbcType=BIGINT},
       management_category_qt = #{managementCategoryQt,jdbcType=VARCHAR},
       management_place_remaining_time = #{managementPlaceRemainingTime,jdbcType=BIGINT},
       management_acreage = #{managementAcreage,jdbcType=BIGINT},
       business_certificate = #{businessCertificate,jdbcType=BIGINT},
       business_certificate_qt = #{businessCertificateQt,jdbcType=VARCHAR},
       goods_in_stock = #{goodsInStock,jdbcType=BIGINT},
       current_staffs_on_duty = #{currentStaffsOnDuty,jdbcType=BIGINT},
       remark = #{remark,jdbcType=VARCHAR},
       is_valid = #{isValid,jdbcType=INTEGER},
       sort = #{sort,jdbcType=INTEGER},
       create_time = #{createTime,jdbcType=TIMESTAMP},
       create_user = #{createUser,jdbcType=BIGINT},
       modify_time = NOW(),
       modify_user = #{modifyUser,jdbcType=BIGINT}
      </trim>
    where id = #{id,jdbcType=BIGINT}
   
  </update>
  
   <select id="getManagerInfoByApplyId" parameterType="java.lang.Long" resultMap="BaseResultMap">
    select p.enterprise_name as managementCompNameOld,p.tel as managementCompTellOld
    from
    	t_apply_private_info p 
   	 where 
   	    p.apply_id = #{applyId}
  </select>
  
   <select id="listByVisitMainId" parameterType="java.lang.Long" resultMap="BaseResultMap">
    select t.*,p.enterprise_name as managementCompNameOld,p.tel as managementCompTellOld,
    	 (select c.city from t_cn_city c where 1=1 and c.cityid=t.management_comp_addr_city ) managementCompAddrCityLabel,
		 (select e.area from t_cn_area e where 1=1 and e.areaid=t.management_comp_addr_area ) managementCompAddrAreaLabel
    from
    	t_apply_visit_main_info a 
    	left join t_apply_private_info p on a.apply_id=p.apply_id
    	left join  t_apply_visit_credit_management_info t on a.id=t.visit_main_id
   	 where t.visit_main_id = #{visitMainId}
   	    and t.is_valid='2486'
  </select>
  
   <select id="getById" parameterType="java.lang.Long" resultMap="BaseResultMap">
    select *
    	from t_apply_visit_credit_management_info
   	 where id = #{id}
  </select>
</mapper>