<?xml version="1.0" encoding="UTF-8"?>
<!DOCTYPE mapper PUBLIC "-//mybatis.org//DTD Mapper 3.0//EN" "http://mybatis.org/dtd/mybatis-3-mapper.dtd">
<mapper namespace="com.xyb.order.pc.outbound.dao.ApplyVisitCreditFamilyInfoDao">
  <resultMap id="BaseResultMap" type="com.xyb.order.pc.outbound.model.ApplyVisitCreditFamilyInfoDO">
    <id column="id" jdbcType="BIGINT" property="id" />
    <result column="visit_main_id" jdbcType="BIGINT" property="visitMainId" />
    <result column="is_family_address_same" jdbcType="BIGINT" property="isFamilyAddressSame" />
    <result column="family_all_addr" jdbcType="VARCHAR" property="familyAllAddr" />
    <result column="family_addr_province" jdbcType="BIGINT" property="familyAddrProvince" />
    <result column="family_addr_city" jdbcType="BIGINT" property="familyAddrCity" />
    <result column="family_addr_area" jdbcType="BIGINT" property="familyAddrArea" />
    <result column="family_addr_detail" jdbcType="VARCHAR" property="familyAddrDetail" />
    <result column="is_family_tell_same" jdbcType="BIGINT" property="isFamilyTellSame" />
    <result column="have_family_tell" jdbcType="BIGINT" property="haveFamilyTell" />
    <result column="area_code" jdbcType="VARCHAR" property="areaCode" />
    <result column="family_tell" jdbcType="VARCHAR" property="familyTell" />
    <result column="house_type" jdbcType="BIGINT" property="houseType" />
    <result column="house_time" jdbcType="BIGINT" property="houseTime" />
    <result column="house_ownership_type" jdbcType="BIGINT" property="houseOwnershipType" />
    <result column="house_market_value" jdbcType="VARCHAR" property="houseMarketValue" />
    <result column="house_ownership_type_remark" jdbcType="VARCHAR" property="houseOwnershipTypeRemark" />
    <result column="house_redecorated_style" jdbcType="BIGINT" property="houseRedecoratedStyle" />
    <result column="co_resident" property="coResident" />
    <result column="co_resident_remark" jdbcType="VARCHAR" property="coResidentRemark" />
    <result column="residential_traces" jdbcType="VARCHAR" property="residentialTraces" />
    <result column="remark" jdbcType="VARCHAR" property="remark" />
    <result column="is_valid" jdbcType="INTEGER" property="isValid" />
    <result column="sort" jdbcType="INTEGER" property="sort" />
    <result column="create_time" jdbcType="TIMESTAMP" property="createTime" />
    <result column="create_user" jdbcType="BIGINT" property="createUser" />
    <result column="modify_time" jdbcType="TIMESTAMP" property="modifyTime" />
    <result column="modify_user" jdbcType="BIGINT" property="modifyUser" />
  </resultMap>
  
  <insert id="insert" parameterType="Object">
    insert into t_apply_visit_credit_family_info (visit_main_id, 
      is_family_address_same, family_all_addr, 
      family_addr_province, family_addr_city, family_addr_area, 
      family_addr_detail, is_family_tell_same, have_family_tell, area_code,
      family_tell, house_type, house_time, 
      house_ownership_type, house_market_value, house_ownership_type_remark, 
      house_redecorated_style, co_resident, co_resident_remark, 
      residential_traces, remark, sort, 
      create_time, create_user, modify_time, 
      modify_user)
    values (#{visitMainId,jdbcType=BIGINT}, 
       #{isFamilyAddressSame,jdbcType=BIGINT}, #{familyAllAddr,jdbcType=VARCHAR}, 
      #{familyAddrProvince,jdbcType=BIGINT}, #{familyAddrCity,jdbcType=BIGINT}, #{familyAddrArea,jdbcType=BIGINT}, 
      #{familyAddrDetail,jdbcType=VARCHAR}, #{isFamilyTellSame,jdbcType=BIGINT}, #{haveFamilyTell,jdbcType=BIGINT}, #{areaCode,jdbcType=VARCHAR},
      #{familyTell,jdbcType=VARCHAR}, #{houseType,jdbcType=BIGINT}, #{houseTime,jdbcType=BIGINT}, 
      #{houseOwnershipType,jdbcType=BIGINT}, #{houseMarketValue,jdbcType=VARCHAR}, #{houseOwnershipTypeRemark,jdbcType=VARCHAR}, 
      #{houseRedecoratedStyle,jdbcType=BIGINT}, #{coResident,jdbcType=VARCHAR}, #{coResidentRemark,jdbcType=VARCHAR}, 
      #{residentialTraces,jdbcType=VARCHAR}, #{remark,jdbcType=VARCHAR}, #{sort,jdbcType=INTEGER}, 
      #{createTime,jdbcType=TIMESTAMP}, #{createUser,jdbcType=BIGINT}, #{modifyTime,jdbcType=TIMESTAMP}, 
      #{modifyUser,jdbcType=BIGINT})
  </insert>
  
  <update id="updateApplyVisitCreditFamilyInfoDO" parameterType="Object">
     update t_apply_visit_credit_family_info
       <trim prefix="set" suffixOverrides=",">
        	visit_main_id = #{visitMainId,jdbcType=BIGINT},
      		is_family_address_same = #{isFamilyAddressSame,jdbcType=BIGINT},
      		family_all_addr = #{familyAllAddr,jdbcType=VARCHAR},
     		family_addr_province = #{familyAddrProvince,jdbcType=BIGINT},
      		family_addr_city = #{familyAddrCity,jdbcType=BIGINT},
      		family_addr_area = #{familyAddrArea,jdbcType=BIGINT},
      		family_addr_detail = #{familyAddrDetail,jdbcType=VARCHAR},
      		is_family_tell_same = #{isFamilyTellSame,jdbcType=BIGINT},
      		have_family_tell = #{haveFamilyTell,jdbcType=BIGINT},
      		area_code = #{areaCode,jdbcType=VARCHAR},
      		family_tell = #{familyTell,jdbcType=VARCHAR},
     		house_type = #{houseType,jdbcType=BIGINT},
     		house_time = #{houseTime,jdbcType=BIGINT},
      		house_ownership_type = #{houseOwnershipType,jdbcType=BIGINT},
      		house_market_value = #{houseMarketValue,jdbcType=VARCHAR},
      		house_ownership_type_remark = #{houseOwnershipTypeRemark,jdbcType=VARCHAR},
      		house_redecorated_style = #{houseRedecoratedStyle,jdbcType=BIGINT},
        	
      		co_resident = #{coResident,jdbcType=VARCHAR},
      		co_resident_remark = #{coResidentRemark,jdbcType=VARCHAR},
     		residential_traces = #{residentialTraces,jdbcType=VARCHAR},
     		remark = #{remark,jdbcType=VARCHAR},
      		is_valid = #{isValid,jdbcType=INTEGER},
      		sort = #{sort,jdbcType=INTEGER},
      		create_time = #{createTime,jdbcType=TIMESTAMP},
      		create_user = #{createUser,jdbcType=BIGINT},
      		modify_time = NOW(),
      		modify_user = #{modifyUser,jdbcType=BIGINT}
      </trim>
      where id = #{id,jdbcType=BIGINT}
  </update>
  
   <select id="getFamilyInfoByApplyId" parameterType="java.lang.Long" resultMap="BaseResultMap">
    SELECT
		 p.now_all_address familyAllAddrOld,
		p.all_tell familyTellOld
	FROM
		t_apply_personal_info p 
	WHERE
		p.apply_id = #{applyId}
  </select>
  
  <select id="listByVisitMainId" parameterType="java.lang.Long" resultMap="BaseResultMap">
    SELECT
		m.*,p.now_all_address familyAllAddrOld,
		p.all_tell familyTellOld,
		(select c.city from t_cn_city c where 1=1 and c.cityid=m.family_addr_city ) familyAddrCityLabel,
		(select e.area from t_cn_area e where 1=1 and e.areaid=m.family_addr_area ) familyAddrAreaLabel
	FROM
		t_apply_visit_main_info a
		LEFT JOIN t_apply_personal_info p ON a.apply_id = p.apply_id
		LEFT JOIN	t_apply_visit_credit_family_info m on a.id=m.visit_main_id
	WHERE
		m.visit_main_id = #{visitMainId}
		and m.is_valid='2486'
  </select>
  
  <select id="getById" parameterType="java.lang.Long" resultMap="BaseResultMap">
    select *
    from t_apply_visit_credit_family_info
    where id = #{id}
  </select>

</mapper>