<?xml version="1.0" encoding="UTF-8"?>
<!DOCTYPE mapper PUBLIC "-//mybatis.org//DTD Mapper 3.0//EN" "http://mybatis.org/dtd/mybatis-3-mapper.dtd">
<mapper namespace="com.xyb.order.pc.outbound.dao.ApplyVisitMainInfoDao">
  <resultMap id="BaseResultMap" type="com.xyb.order.pc.outbound.model.ApplyVisitMainInfoDO">
    <id column="id" jdbcType="BIGINT" property="id" />
    <result column="apply_id" jdbcType="BIGINT" property="applyId" />
    <result column="visit_state" jdbcType="BIGINT" property="visitState" />
    <result column="visit_type" jdbcType="BIGINT" property="visitType" />
    <result column="submit_visit_node" jdbcType="BIGINT" property="submitVisitNode" />
    <result column="visit_uid" jdbcType="BIGINT" property="visitUid" />
    <result column="visit_check_uid" jdbcType="BIGINT" property="visitCheckUid" />
    <result column="visit_date" jdbcType="TIMESTAMP" property="visitDate" />
    <result column="customer_integrated_description" jdbcType="VARCHAR" property="customerIntegratedDescription" />
    <result column="visit_industry_date" jdbcType="TIMESTAMP" property="visitIndustryDate" />
    <result column="industry_description" jdbcType="VARCHAR" property="industryDescription" />
    <result column="audit_user" jdbcType="BIGINT" property="auditUser" />
    <result column="visit_reason" jdbcType="BIGINT" property="visitReason" />
    <result column="is_temp_save" jdbcType="VARCHAR" property="isTempSave" />
    <result column="create_time" jdbcType="TIMESTAMP" property="createTime" />
    <result column="create_user" jdbcType="BIGINT" property="createUser" />
    <result column="modify_time" jdbcType="TIMESTAMP" property="modifyTime" />
    <result column="modify_user" jdbcType="BIGINT" property="modifyUser" />
  </resultMap>
  <insert id="insert" parameterType="Object">
    insert into t_apply_visit_main_info ( 
      apply_id, visit_state, visit_type, 
      submit_visit_node, visit_uid, visit_check_uid, 
      visit_date, customer_integrated_description, 
      visit_industry_date, industry_description, 
      audit_user, visit_reason, is_temp_save, 
      create_time, create_user, modify_time, 
      modify_user)
    values (  #{applyId,jdbcType=BIGINT}, 
       #{visitState,jdbcType=BIGINT}, #{visitType,jdbcType=BIGINT}, 
      #{submitVisitNode,jdbcType=BIGINT}, #{visitUid,jdbcType=BIGINT}, #{visitCheckUid,jdbcType=BIGINT}, 
      #{visitDate,jdbcType=TIMESTAMP}, #{customerIntegratedDescription,jdbcType=VARCHAR}, 
      #{visitIndustryDate,jdbcType=TIMESTAMP}, #{industryDescription,jdbcType=VARCHAR}, 
      #{auditUser,jdbcType=BIGINT}, #{visitReason,jdbcType=BIGINT}, #{isTempSave,jdbcType=VARCHAR}, 
      #{createTime,jdbcType=TIMESTAMP}, #{createUser,jdbcType=BIGINT}, #{modifyTime,jdbcType=TIMESTAMP}, 
      #{modifyUser,jdbcType=BIGINT})
  </insert>

 	<update id="updateApplyVisitMainInfoDO" parameterType="Object">
 		UPDATE `t_apply_visit_main_info`
 		 <trim prefix="set" suffixOverrides=",">
 		        <if test="applyId != null">
 		        	`apply_id` = #{applyId},
 		        </if>
 				<if test="visitState != null">
 		        	`visit_state` = #{visitState},
 		        </if>
 		        <if test="visitType != null">
 		        	`visit_type` = #{visitType},
 		        </if>
 		        <if test="submitVisitNode != null">
 		        	`submit_visit_node` = #{submitVisitNode},
 		        </if>
 		        <if test="visitUid != null">
 		        	`visit_uid` = #{visitUid},
 		        </if>
 		        <if test="visitCheckUid != null">
 		        	`visit_check_uid` = #{visitCheckUid},
 		        </if>
 		        <if test="visitDate != null">
 		        	`visit_date` = #{visitDate},
 		        </if>
 		        <if test="customerIntegratedDescription != null">
 		        	`customer_integrated_description` = #{customerIntegratedDescription},
 		        </if>
 		        <if test="visitIndustryDate != null">
 		        	`visit_industry_date` = #{visitIndustryDate},
 		        </if>
 		        <if test="industryDescription != null">
 		        	`industry_description` = #{industryDescription},
 		        </if>
 		        <if test="auditUser != null">
 		        	`audit_user` = #{auditUser},
 		        </if>
 		        <if test="visitReason != null">
 		        	`visit_reason` = #{visitReason},
 		        </if>
 		        <if test="isTempSave != null">
 		        	`is_temp_save` = #{isTempSave},
 		        </if>
 		        <if test="createTime != null">
 		        	`create_time` = #{createTime},
 		        </if>
 		        <if test="createUser != null">
 		        	`create_user` = #{createUser},
 		        </if>
 		        <if test="modifyTime != null">
 		        	`modify_time` = #{modifyTime},
 		        </if>
 		        <if test="modifyUser != null">
 		        	`modify_user` = #{modifyUser},
 		        </if>
 			 </trim>	
		WHERE
			apply_id = #{applyId}
			and id = #{id}
 	</update>
 	
   <select id="getByApplyId" parameterType="java.lang.Long" resultMap="BaseResultMap">
      select *
    	 from t_apply_visit_main_info
   	  where apply_id = #{applyId} order by create_time desc limit 1
   </select>
   
   
</mapper>