<?xml version="1.0" encoding="UTF-8"?>
<!DOCTYPE mapper PUBLIC "-//mybatis.org//DTD Mapper 3.0//EN" "http://mybatis.org/dtd/mybatis-3-mapper.dtd">
<mapper namespace="com.xyb.order.pc.outbound.dao.ApplyVisitCreditJobInfoDao">
  <resultMap id="BaseResultMap" type="com.xyb.order.pc.outbound.model.ApplyVisitCreditJobInfoDO">
    <id column="id" jdbcType="BIGINT" property="id" />
    <result column="visit_main_id" jdbcType="BIGINT" property="visitMainId" />
    <result column="apply_id" jdbcType="BIGINT" property="applyId" />
    <result column="is_comp_name_same" jdbcType="BIGINT" property="isCompNameSame" />
    <result column="comp_name" jdbcType="VARCHAR" property="compName" />
    <result column="is_comp_address_same" jdbcType="BIGINT" property="isCompAddressSame" />
    <result column="comp_all_addr" jdbcType="VARCHAR" property="compAllAddr" />
    <result column="comp_addr_province" jdbcType="BIGINT" property="compAddrProvince" />
    <result column="comp_addr_city" jdbcType="BIGINT" property="compAddrCity" />
    <result column="comp_addr_area" jdbcType="BIGINT" property="compAddrArea" />
    <result column="comp_addr_detail" jdbcType="VARCHAR" property="compAddrDetail" />
    <result column="is_comp_tell_same" jdbcType="BIGINT" property="isCompTellSame" />
     <result column="area_code" jdbcType="VARCHAR" property="areaCode" />
    <result column="comp_tell" jdbcType="VARCHAR" property="compTell" />
    <result column="in_out_comp_type" jdbcType="BIGINT" property="inOutCompType" />
    <result column="comp_tell_seat" jdbcType="BIGINT" property="compTellSeat" />
    <result column="comp_tell_seat_qt" jdbcType="VARCHAR" property="compTellSeatQt" />
    <result column="on_job_confirm" jdbcType="VARCHAR" property="onJobConfirm" />
    <result column="remark" jdbcType="VARCHAR" property="remark" />
    <result column="create_time" jdbcType="TIMESTAMP" property="createTime" />
    <result column="create_user" jdbcType="BIGINT" property="createUser" />
    <result column="modify_time" jdbcType="TIMESTAMP" property="modifyTime" />
    <result column="modify_user" jdbcType="BIGINT" property="modifyUser" />
  </resultMap>
  
  <insert id="insert" parameterType="Object">
    insert into t_apply_visit_credit_job_info ( visit_main_id, is_comp_name_same, comp_name, 
      is_comp_address_same, comp_all_addr, comp_addr_province, 
      comp_addr_city, comp_addr_area, comp_addr_detail, 
      is_comp_tell_same,area_code, comp_tell, in_out_comp_type, 
      comp_tell_seat,comp_tell_seat_qt, on_job_confirm, remark, 
      create_time, create_user, modify_time, 
      modify_user)
    values (  #{visitMainId,jdbcType=BIGINT}, 
       #{isCompNameSame,jdbcType=BIGINT}, #{compName,jdbcType=VARCHAR}, 
      #{isCompAddressSame,jdbcType=BIGINT}, #{compAllAddr,jdbcType=VARCHAR}, #{compAddrProvince,jdbcType=BIGINT}, 
      #{compAddrCity,jdbcType=BIGINT}, #{compAddrArea,jdbcType=BIGINT}, #{compAddrDetail,jdbcType=VARCHAR}, 
      #{isCompTellSame,jdbcType=BIGINT}, #{areaCode,jdbcType=VARCHAR},#{compTell,jdbcType=VARCHAR}, #{inOutCompType,jdbcType=BIGINT}, 
      #{compTellSeat,jdbcType=BIGINT},#{compTellSeatQt,jdbcType=VARCHAR}, #{onJobConfirm,jdbcType=VARCHAR}, #{remark,jdbcType=VARCHAR}, 
      #{createTime,jdbcType=TIMESTAMP}, #{createUser,jdbcType=BIGINT}, #{modifyTime,jdbcType=TIMESTAMP}, 
      #{modifyUser,jdbcType=BIGINT})
  </insert>
  
  <update id="updateApplyVisitCreditJobInfoDO" parameterType="Object">
    update t_apply_visit_credit_job_info
     <trim prefix="set" suffixOverrides=",">
      		visit_main_id = #{visitMainId,jdbcType=BIGINT},
      		is_comp_name_same = #{isCompNameSame,jdbcType=BIGINT},
     		comp_name = #{compName,jdbcType=VARCHAR},
      		is_comp_address_same = #{isCompAddressSame,jdbcType=BIGINT},
      		comp_all_addr = #{compAllAddr,jdbcType=VARCHAR},
      		comp_addr_province = #{compAddrProvince,jdbcType=BIGINT},
      		comp_addr_city = #{compAddrCity,jdbcType=BIGINT},
      		comp_addr_area = #{compAddrArea,jdbcType=BIGINT},
      		comp_addr_detail = #{compAddrDetail,jdbcType=VARCHAR},
      		is_comp_tell_same = #{isCompTellSame,jdbcType=BIGINT},
      		area_code = #{areaCode,jdbcType=VARCHAR},
      		comp_tell = #{compTell,jdbcType=VARCHAR},
      		in_out_comp_type = #{inOutCompType,jdbcType=BIGINT},
      		comp_tell_seat = #{compTellSeat,jdbcType=BIGINT},
      		comp_tell_seat_qt = #{compTellSeatQt,jdbcType=VARCHAR},
      		on_job_confirm = #{onJobConfirm,jdbcType=VARCHAR},
     		remark = #{remark,jdbcType=VARCHAR},
     		create_time = #{createTime,jdbcType=TIMESTAMP},
     		create_user = #{createUser,jdbcType=BIGINT},
      		modify_time = NOW(),
      		modify_user = #{modifyUser,jdbcType=BIGINT}
    </trim>
    where id = #{id,jdbcType=BIGINT}
  </update>
 
   <select id="getCompInfoByApplyId" parameterType="java.lang.Long" resultMap="BaseResultMap">
    SELECT
		p.comp_all_address compAllAddrOld,
		p.comp_name compNameOld,
		p.comp_all_tell compTellOld
	FROM
		t_apply_job_info p 
	WHERE
		p.apply_id = #{applyId}
  </select>
 
  <select id="getByVisitMainId" parameterType="java.lang.Long" resultMap="BaseResultMap">
    SELECT
		t.*,p.comp_all_address compAllAddrOld,
		p.comp_name compNameOld,
		p.comp_all_tell compTellOld,
		(select c.city from t_cn_city c where 1=1 and c.cityid=t.comp_addr_city ) compAddrCityLabel,
		(select e.area from t_cn_area e where 1=1 and e.areaid=t.comp_addr_area ) compAddrAreaLabel
	FROM
		t_apply_visit_main_info  a 
		LEFT JOIN t_apply_job_info p ON a.apply_id = p.apply_id
		LEFT JOIN t_apply_visit_credit_job_info t on a.id=t.visit_main_id
	WHERE
		t.visit_main_id = #{visitMainId}
  </select>
</mapper>