<?xml version="1.0" encoding="UTF-8"?>
<!DOCTYPE mapper PUBLIC "-//mybatis.org//DTD Mapper 3.0//EN" "http://mybatis.org/dtd/mybatis-3-mapper.dtd">
<mapper namespace="com.xyb.order.pc.outbound.dao.ApplyVisitPropertySurveyDao">
  <resultMap id="BaseResultMap" type="com.xyb.order.pc.outbound.model.ApplyVisitPropertySurveyDO">
    <id column="id" jdbcType="BIGINT" property="id" />
    <result column="apply_id" jdbcType="BIGINT" property="applyId" />
    <result column="property_survey_date" jdbcType="TIMESTAMP" property="propertySurveyDate" />
    <result column="house_attribute" jdbcType="BIGINT" property="houseAttribute" />
    <result column="property_source" jdbcType="BIGINT" property="propertySource" />
    <result column="property_source_remark" jdbcType="VARCHAR" property="propertySourceRemark" />
    <result column="mortgage_times" jdbcType="BIGINT" property="mortgageTimes" />
    <result column="mortgagee_nature" jdbcType="VARCHAR" property="mortgageeNature" />
    <result column="restrictions" jdbcType="VARCHAR" property="restrictions" />
    <result column="restrictions_qt" jdbcType="VARCHAR" property="restrictionsQt" />
    <result column="remark" jdbcType="VARCHAR" property="remark" />
    <result column="create_time" jdbcType="TIMESTAMP" property="createTime" />
    <result column="create_user" jdbcType="BIGINT" property="createUser" />
    <result column="modify_time" jdbcType="TIMESTAMP" property="modifyTime" />
    <result column="modify_user" jdbcType="BIGINT" property="modifyUser" />
  </resultMap>
  
  <insert id="insert" parameterType="Object">
    insert into t_apply_visit_property_survey ( apply_id,
      property_survey_date, house_attribute, 
      property_source, property_source_remark, mortgage_times, 
      mortgagee_nature, restrictions, restrictions_qt, 
      remark, create_time, create_user, 
      modify_time, modify_user)
    values ( 
      #{applyId,jdbcType=VARCHAR}, #{propertySurveyDate,jdbcType=TIMESTAMP}, #{houseAttribute,jdbcType=BIGINT}, 
      #{propertySource,jdbcType=BIGINT}, #{propertySourceRemark,jdbcType=VARCHAR}, #{mortgageTimes,jdbcType=BIGINT}, 
      #{mortgageeNature,jdbcType=VARCHAR}, #{restrictions,jdbcType=VARCHAR}, #{restrictionsQt,jdbcType=VARCHAR}, 
      #{remark,jdbcType=VARCHAR}, #{createTime,jdbcType=TIMESTAMP}, #{createUser,jdbcType=BIGINT}, 
      #{modifyTime,jdbcType=TIMESTAMP}, #{modifyUser,jdbcType=BIGINT})
  </insert>
  
  <update id="updateApplyVisitPropertySurveyDO" parameterType="Object">
    update t_apply_visit_property_survey
      <trim prefix="set" suffixOverrides=",">
      		apply_id = #{applyId,jdbcType=BIGINT},
      		property_survey_date = #{propertySurveyDate,jdbcType=TIMESTAMP},
      		house_attribute = #{houseAttribute,jdbcType=BIGINT},
      		property_source = #{propertySource,jdbcType=BIGINT},
     		property_source_remark = #{propertySourceRemark,jdbcType=VARCHAR},
      		mortgage_times = #{mortgageTimes,jdbcType=BIGINT},
      		mortgagee_nature = #{mortgageeNature,jdbcType=VARCHAR},
      		restrictions = #{restrictions,jdbcType=VARCHAR},
      		restrictions_qt = #{restrictionsQt,jdbcType=VARCHAR},
      		remark = #{remark,jdbcType=VARCHAR},
      		create_time = #{createTime,jdbcType=TIMESTAMP},
      		create_user = #{createUser,jdbcType=BIGINT},
      		modify_time = NOW(),
      		modify_user = #{modifyUser,jdbcType=BIGINT}
      </trim>
    where id = #{id,jdbcType=BIGINT}
  </update>
  
  <select id="getByApplyId" parameterType="java.lang.Long" resultMap="BaseResultMap">
      select *
    	 from t_apply_visit_property_survey
   	  where apply_id = #{applyId}
   </select>
   
   <select id="getById" parameterType="java.lang.Long" resultMap="BaseResultMap">
      select *
    	 from t_apply_visit_property_survey
   	  where id = #{id}
   </select>
</mapper>