<?xml version="1.0" encoding="UTF-8"?>
<!DOCTYPE mapper PUBLIC "-//mybatis.org//DTD Mapper 3.0//EN" "http://mybatis.org/dtd/mybatis-3-mapper.dtd">
<mapper namespace="com.xyb.order.pc.outbound.dao.OutBoundAlreadyDao">
 
 	<select  id="listOutBoundPage"  resultType="com.xyb.order.pc.outbound.model.OutBoundAlreadyListVO" parameterType="com.xyb.order.pc.outbound.model.OutBoundAlreadyQueryDTO">
 		SELECT
			a.apply_id applyId,
  			a.apply_num applyNum,
  			o.org_name orgName,
  			a.client_real_name custName,
			p.phone1 phone,
  			a.team_org_name saleTeamName,
			a.team_manager_uname teamManagerName,
			a.manager_uname saleName,
			a.expect_product_name applyProductName,
			a.agree_product_name auditEndProductName,
  			a.visit_submit_audit_time visitBackDate,
  			(select d.label from t_sys_dict d where d.id=m.visit_type) visitTypeName,
			m.visit_date creditDate,
  			m.visit_industry_date visitIndustryDate,
			(SELECT  u.name from t_user u where 1=1 and u.id=m.visit_uid ) visitUidName,
  			a.finance_give_loan_time contractEffectDate,
			s.des contractState,
			a.state as stateCode,
			clientUser.name as recommender
		FROM
			(select v.* from t_apply_visit_main_info v inner join (select apply_id , max(id) id from t_apply_visit_main_info group by apply_id) f on v.apply_id = f.apply_id and v.id = f.id order by v.id DESC) m
	        LEFT JOIN t_apply_main_info a ON a.apply_id = m.apply_id
			LEFT JOIN t_apply_client_info c on a.client_id=c.id
			left join t_client_user clientUser on c.referee = clientUser.id
			LEFT JOIN t_apply_personal_info p on a.apply_id=p.apply_id
			LEFT JOIN t_xyb_contract c on a.apply_id=c.apply_id
			LEFT JOIN t_credit_business_state s on a.state=s.id
			LEFT JOIN t_org o on a.store_org_id=o.org_id
			LEFT JOIN t_collection_contract_base g on g.contract_id=c.id
		WHERE 
		  IF(g.contract_id is not NULL,g.max_overdue_period &lt; 5,1=1)
		   <if test="type != null and type == 'A'.toString()">
		        and a.store_org_id like CONCAT(CONCAT('%', #{orgId}),'%') 
		   		and m.visit_uid = #{visitUid}	
		   </if>
		   <if test="type != null and type == 'B'.toString() ">
		   	<choose>
                <when test="visitUid != null">
                	and a.store_org_id like CONCAT(CONCAT('%', #{orgId}),'%')
		    		and m.visit_uid = #{visitUid}
                </when>
                <otherwise>
                    and a.store_org_id like CONCAT(CONCAT('%', #{orgId}),'%')
                </otherwise>
            </choose>
		   </if>
		   <if test="type != null and type == 'C'.toString() ">
		   	<choose>
                <when test="visitUid != null">
                	and a.store_org_id like CONCAT(CONCAT('%', #{orgId}),'%')
		    		and m.visit_uid = #{visitUid}
                </when>
                <otherwise>
                    and a.store_org_id like CONCAT(CONCAT('%', #{orgId}),'%')
                </otherwise>
            </choose>
		   </if>
		   <if test="list != null">
		   		and a.state in 
		   		<foreach collection="list" item="item" index="index" open="(" separator=","  close=")" >
					#{list[${index}]}
				</foreach>
		   </if>
		   <if test="visitStartTime != null">
		   		and a.visit_submit_audit_time <![CDATA[>=]]> #{visitStartTime}
		   </if>
		   <if test="visitEndTime != null">
		   		and a.visit_submit_audit_time <![CDATA[<=]]> #{visitEndTime}
		   </if>
		   and a.visit_submit_audit_time is not null
		   order by m.modify_time desc
 	</select>
 	
 	<select  id="listOutBoundExport"  resultType="com.xyb.order.pc.outbound.model.OutBoundAlreadyListExportVO" parameterType="com.xyb.order.pc.outbound.model.OutBoundAlreadyQueryDTO">
 		SELECT
  			a.apply_num applyNum,
  			o.org_name orgName,
  			a.client_real_name custName,
			p.phone1 phone,
  			a.team_org_name saleTeamName,
			a.team_manager_uname teamManagerName,
			a.manager_uname saleName,
			a.expect_product_name applyProductName,
			a.agree_product_name auditEndProductName,
			(select d.label from t_sys_dict d where d.id=m.visit_type) visitTypeName,
  			a.visit_submit_audit_time visitBackDate,
			m.visit_date creditDate,
  			m.visit_industry_date visitIndustryDate,
			(SELECT  u.name from t_user u where 1=1 and u.id=m.visit_uid ) visitUidName,
  			a.finance_give_loan_time contractEffectDate,
			s.des contractState,
			a.state as stateCode,
			clientUser.name as recommender
		FROM
			(select v.* from t_apply_visit_main_info v inner join (select apply_id , max(id) id from t_apply_visit_main_info group by apply_id) f on v.apply_id = f.apply_id and v.id = f.id order by v.id DESC) m
	        LEFT JOIN t_apply_main_info a ON a.apply_id = m.apply_id
			LEFT JOIN t_apply_client_info c on a.client_id=c.id
			left join t_client_user clientUser on c.referee = clientUser.id
			LEFT JOIN t_apply_personal_info p on a.apply_id=p.apply_id
			LEFT JOIN t_xyb_contract c on a.apply_id=c.apply_id
			LEFT JOIN t_credit_business_state s on a.state=s.id
			LEFT JOIN t_org o on a.store_org_id=o.org_id
			LEFT JOIN t_collection_contract_base g on g.contract_id=c.id
		WHERE 
			IF(g.contract_id is not NULL,g.max_overdue_period &lt; 5,1=1)
		   <if test="type != null and type == 'A'.toString()">
		        and a.store_org_id like CONCAT(CONCAT('%', #{orgId}),'%')
		   		and m.visit_uid = #{visitUid}	
		   </if>
		   <if test="type != null and type == 'B'.toString() ">
		   	<choose>
                <when test="visitUid != null">
                	and a.store_org_id like CONCAT(CONCAT('%', #{orgId}),'%')
		    		and m.visit_uid = #{visitUid}
                </when>
                <otherwise>
                    and a.store_org_id like CONCAT(CONCAT('%', #{orgId}),'%')
                </otherwise>
            </choose>
		   </if>
		   <if test="type != null and type == 'C'.toString() ">
		   	<choose>
                <when test="visitUid != null">
                	and a.store_org_id like CONCAT(CONCAT('%', #{orgId}),'%')
		    		and m.visit_uid = #{visitUid}
                </when>
                <otherwise>
                    and a.store_org_id like CONCAT(CONCAT('%', #{orgId}),'%')
                </otherwise>
            </choose>
		   </if>
		   <if test="list != null">
		   		and a.state in 
		   		<foreach collection="list" item="item" index="index" open="(" separator=","  close=")" >
					#{list[${index}]}
				</foreach>
		   </if>
		   <if test="visitStartTime != null">
		   		and a.visit_submit_audit_time <![CDATA[>=]]> #{visitStartTime}
		   </if>
		   <if test="visitEndTime != null">
		   		and a.visit_submit_audit_time <![CDATA[<=]]> #{visitEndTime}
		   </if>
		   and a.visit_submit_audit_time is not null
		   order by m.modify_time desc
 	</select>
</mapper>