<?xml version="1.0" encoding="UTF-8"?>
<!DOCTYPE mapper PUBLIC "-//mybatis.org//DTD Mapper 3.0//EN" "http://mybatis.org/dtd/mybatis-3-mapper.dtd">
<mapper namespace="com.xyb.order.pc.outbound.dao.OutBoundDao">

 	<select  id="listOutBoundPage"  resultType="com.xyb.order.pc.outbound.model.OutBoundListVO">
 		SELECT
			a.apply_id applyId,
			a.id applyMainId,
  			a.client_real_name custName,
 		    a.apply_num applyNum,
  			p.phone1 phone,
			c.modify_time outBoundApplyDate,
  			s.label type,
  			(SELECT t.name from t_user t where t.id=c.visit_uid) processer,
			c.visit_uid as processerUid,
  			a.agree_product_id productId
		FROM
			(select v.* from t_apply_visit_main_info v inner join (select apply_id , max(id) id from t_apply_visit_main_info group by apply_id) f on v.apply_id = f.apply_id and v.id = f.id order by v.id DESC) c
			LEFT JOIN t_apply_main_info a ON c.apply_id = a.apply_id
			LEFT JOIN t_apply_personal_info p ON a.apply_id = p.apply_id
			LEFT JOIN t_sys_dict s on c.visit_type=s.id
			where a.state=121
			<if test="orgId != null and orgId >0" >
				and a.store_org_id like CONCAT(CONCAT('%', #{orgId}),'%')
			</if>
			order by c.modify_time desc 
 	</select>
 	
 	<select id="getInfoByApplyId" parameterType="java.lang.Long" resultType="com.xyb.order.pc.outbound.model.OutBoundDetailCustInfoDO">
 		SELECT
			c.`name` custName,
			c.idcard idCard,
			p.home_all_address homeAddress,
			p.now_all_address nowAddress,
			j.comp_name compName,
			j.comp_all_address compAddress,
			a.expect_product_name applyProductName,
			p.phone1 phone,
			CASE c.gender
		    WHEN 2205 THEN  '男'  ELSE  '女' END gender,
		    CASE p.marriage  WHEN 2169 THEN '丧偶'
				WHEN 2238 THEN '未婚'
				WHEN 2239 THEN '已婚'
				WHEN 2240 THEN '离异'
				END marriage,
			concat(ifnull(j.comp_tell_area,''),'-',ifnull(j.comp_tell,'')) as compTell
		FROM
		t_apply_main_info a
		LEFT JOIN t_apply_visit_main_info b on a.apply_id = b.apply_id
		LEFT JOIN t_apply_client_info c ON a.client_id = c.id
		LEFT JOIN t_apply_personal_info p ON a.apply_id = p.apply_id
		LEFT JOIN t_apply_job_info j ON a.apply_id = j.apply_id
		WHERE
			a.apply_id = #{applyId}
		order by b.create_time desc
		limit 1
 	</select>
 	
 	<select id="getOutBoundInfoByApplyId"  parameterType="java.util.Map" resultType="com.xyb.order.pc.outbound.model.OutBoundDetailVO">
  		SELECT
		  CASE WHEN e1.audit_date is null and e2.audit_date is not null THEN e2.audit_date when e2.audit_date is null and e1.audit_date is not null then e1.audit_date WHEN e1.audit_date > e2.audit_date then e1.audit_date ELSE e2.audit_date END endSubmitTime,
		  CASE WHEN e1.audit_date is null and e2.audit_date is not null THEN e2.udit_remart when e2.audit_date is null and e1.audit_date is not null then e1.audit_remart WHEN e1.audit_date > e2.audit_date then e1.audit_remart ELSE e2.udit_remart END endRemark,
		  s.label visitType,
		  b.visit_date visitDate,
		  a.indeed_credit_context visitCreditType,
		  b.customer_integrated_description  customerIntegratedDescription
		FROM
		  t_apply_main_info a
		  LEFT JOIN (SELECT * from t_apply_visit_main_info where 1=1  ORDER BY create_time DESC ) b on a.apply_id = b.apply_id
		  LEFT JOIN t_apply_client_info c ON a.client_id = c.id
		  LEFT JOIN t_apply_personal_info p ON a.apply_id = p.apply_id
		  LEFT JOIN t_apply_job_info j ON a.apply_id = j.apply_id
		  LEFT JOIN (SELECT * from t_audit_end_info where 1=1 and audit_result in (2659,2661,2662) and is_tmp_save =2487 ORDER BY create_time DESC ) e1 on e1.apply_id = a.apply_id
		  LEFT JOIN (SELECT * from t_audit_info where 1=1 and  audit_result in (2773,2774,2775) and is_tmp_save =2487 ORDER BY create_time DESC ) e2 on e2.apply_id = a.apply_id
		  LEFT JOIN t_sys_dict  s on s.id=b.visit_type
		WHERE
		  a.apply_id = #{applyId}
		limit 1
 	</select>
 	
 	<update id="updateApplyVisitCreditFamilyOrManagermentInfo" parameterType="com.xyb.order.pc.outbound.model.OutBoundDeleteDTO">
 		UPDATE
 			<if test="type != null and type == 'A'.toString()">
 				 t_apply_visit_credit_family_info
 			</if> 
 			<if test="type != null and type == 'B'.toString()">
 				 t_apply_visit_credit_management_info
 			</if> 
			SET is_valid=2487
		WHERE
			id=#{id}
 	</update>
</mapper>