<?xml version="1.0" encoding="UTF-8"?>
<!DOCTYPE mapper PUBLIC "-//mybatis.org//DTD Mapper 3.0//EN" "http://mybatis.org/dtd/mybatis-3-mapper.dtd">
<mapper namespace="com.xyb.order.app.client.authorization.dao.AuthorizationDao">
    <insert id="insertAuthorizationLog">
        insert into t_three_party_authorization_log (apply_id, authorization_type, is_success, result, create_time, create_user)
        values (#{applyId},#{authorizationType},#{isSuccess},#{result},now(),#{createUser})
    </insert>

    <insert id="insertAgreementinFoList">
        insert into t_agreement_info(cus_id, apply_id, is_valid, agreement_type, look_address, download_address, create_time, create_user,contract_id)
        values
        <foreach collection="list" item="item" index="index" separator=",">
            (#{item.cusId},#{item.applyId},#{item.isValid},#{item.agreementType},#{item.lookAddress},#{item.downloadAddress},now(),#{item.createUser},#{item.contractId})
        </foreach>
    </insert>

    <update id="updateAuthorizationProductAdditional">
        update t_authorization_product set is_additional = #{isAdditional},modify_time = now(),modify_user = #{modifyUser},force_type = #{forceType}
        <if test="isOpen != null">
            ,is_open = #{isOpen}
        </if>
        where 1 = 1
        <if test="authorizationType != null">
            and authorization_type = #{authorizationType}
        </if>
        <if test="productId != null">
            and product_id = #{productId}
        </if>
    </update>

    <select id="queryAuthorizationProduct" resultType="com.xyb.order.app.client.authorization.model.AuthorizationProductDO">
        select
          product.id                 as id,
          product.product_id         as productId,
          product.authorization_type as authorizationType,
          dict.label                 as authorizationTypeName,
          product.is_open            as isOpen,
          product.force_type         as forceType,
          product.is_additional      as isAdditional,
          product.create_user        as createUser,
          product.create_time        as createTime,
          product.modify_user        as modifyUser,
          product.modify_time        as modifyTime
        from t_authorization_product product left join t_sys_dict dict on product.authorization_type = dict.id
        where product.is_open = 2486 and product.product_id = #{productId}
    </select>
    <select id="getAuthorizationInfoCount" resultType="java.lang.Integer">
        select count(1)
        from t_three_party_authorization_log log left join t_sys_dict dict on log.authorization_type = dict.id
        where log.authorization_type = #{authorizationType} and log.apply_id = #{applyId}
        <if test="isSuccess != null">
            and log.is_success = #{isSuccess}
        </if>
        <if test="time != null">
            <![CDATA[ and NOW() <= ADDDATE(log.create_time, INTERVAL #{time} day) ]]>
        </if>
    </select>

    <select id="getAuthorizationListApplyInfo" resultType="com.xyb.order.app.client.authorization.model.AuthorizationListVO">
        select
          id                                   as mainId,
          expect_product_name                  as productName,
          expect_product_id                    as productId,
          expect_money                         as expectMoney,
          expect_term                          as expectTerm,
          date_format(create_time, '%Y-%m-%d') as applyTime,
          store_org_id                         as storeOrgId
        from t_apply_main_info
        where apply_id = #{applyId}
    </select>

    <select id="getPersonalInfo" resultType="com.xyb.order.app.client.authorization.model.AuthenticatePersonalInformationDO">
        select
          main.client_real_name as name,
          per.phone1            as phone,
          main.client_idcard    as idcard,
          per.home_all_address  as familyAddress,
          per.all_tell          as familyPhone,
          job.comp_all_tell     as workPhone,
          job.comp_all_address  as workAddress
        from t_apply_main_info main left join t_apply_personal_info per on per.apply_id = main.apply_id
          left join t_apply_job_info job on job.apply_id = main.apply_id
        where main.apply_id = #{applyId}
    </select>
    <select id="queryLingkmanInfo" resultType="com.xyb.order.app.client.authorization.model.AuthenticateLinkmanDO">
        select
          name         as name,
          phone1       as phone,
          relation     as relation,
          contact_type as type
        from t_apply_linkman_info
        where apply_id = #{applyId}
    </select>
    <select id="queryAuthorizationType" resultType="com.xyb.order.app.client.authorization.model.AuthorizationProductDO">
        select
          product.id                 as id,
          product.product_id         as productId,
          product.authorization_type as authorizationType,
          product.is_open            as isOpen,
          product.force_type         as forceType,
          product.is_additional      as isAdditional,
          product.create_user        as createUser,
          product.create_time        as createTime,
          product.modify_user        as modifyUser,
          product.modify_time        as modifyTime
        from t_authorization_product product left join t_apply_main_info main on main.expect_product_id = product.product_id
        where main.apply_id = #{applyId} and product.authorization_type = #{authorizationType}
        limit 1
    </select>
    <select id="getAgreementInFoCount" resultType="java.lang.Integer">
        select count(1)
        from t_agreement_info
        where 1 = 1
        <if test="agreementType != null">
            and agreement_type = #{agreementType}
        </if>
        <if test="applyId != null">
            and apply_id = #{applyId}
        </if>
        <if test="cusId != null">
            and cus_id = #{cusId}
        </if>
        <if test="isValid != null">
            and is_valid = #{isValid}
        </if>
    </select>

    <insert id="insertAuthorizationProduct">
        insert into t_authorization_product(product_id, authorization_type, is_open, force_type, is_additional, create_time, create_user, modify_time, modify_user)
                                  values (#{productId},#{authorizationType},#{isOpen},#{forceType},#{isAdditional},now(),#{modifyUser},now(),#{modifyUser})
    </insert>

    <insert id="addVerifyLog">
         insert into t_tonglian_log(name, idcard, code, result,seralNo,create_time)
                                  values (#{name},#{idCard},#{code},#{result},#{seralNo},now())
    </insert>

    <!--修改协议信息-->
    <update id="updateAgreementInfo">
        update t_agreement_info
        <trim prefix="set" suffixOverrides=",">
            modify_time = now(),
            <if test="cusId != null">
                cus_id = #{cusId},
            </if>
            <if test="applyId != null">
                apply_id = #{applyId},
            </if>
            <if test="isValid != null">
                is_valid = #{isValid},
            </if>
            <if test="agreementType != null">
                agreement_type = #{agreementType},
            </if>
            <if test="lookAddress != null">
                look_address = #{lookAddress},
            </if>
            <if test="downloadAddress != null">
                download_address = #{downloadAddress},
            </if>
            <if test="contractId != null">
                contract_id = #{contractId},
            </if>
            <if test="modifyUser != null">
                modify_user = #{modifyUser},
            </if>
        </trim>
        where id = #{id}
    </update>

    <!--查询合同信息-->
    <select id="queryAgreementInFo" resultType="com.xyb.order.app.client.authorization.model.AgreementListVO">
        select
        agree.look_address     as lookAddress,
        agree.download_address as downloadAddress,
        dict.label             as name
        from t_agreement_info agree left join t_sys_dict dict on dict.id = agree.agreement_type
        where 1 = 1
        <if test="type != null">
            and agree.agreement_type = #{type}
        </if>
        <if test="applyId != null">
            and agree.apply_id = #{applyId}
        </if>
        <if test="cusId != null">
            and agree.cus_id = #{cusId}
        </if>
        <if test="isValid != null">
            and agree.is_valid = #{isValid}
        </if>
    </select>

    <!--查询借款协议-->
    <select id="queryAgreementInFos" resultType="com.xyb.order.app.client.authorization.model.AgreementListVO">
        select
        agree.look_address     as lookAddress,
        agree.download_address as downloadAddress
        from t_agreement_info agree
        where 1 = 1
        <if test="type != null">
            and agree.agreement_type = #{type}
        </if>
        <if test="applyId != null">
            and agree.apply_id = #{applyId}
        </if>
        <if test="cusId != null">
            and agree.cus_id = #{cusId}
        </if>
        <if test="isValid != null">
            and agree.is_valid = #{isValid}
        </if>
        order by create_time asc
    </select>

    <!--根据协议表中所含字段查询协议内容-->
    <select id="getAgreementInfo" resultType="com.xyb.order.app.client.authorization.model.AgreementInFoDO">
        select
          id               as id,
          cus_id           as cusId,
          apply_id         as applyId,
          is_valid         as isValid,
          agreement_type   as agreementType,
          look_address     as lookAddress,
          download_address as downloadAddress,
          create_time      as createTime,
          create_user      as createUser,
          modify_user      as modifyUser,
          modify_time      as modifyTime,
          contract_id      as contractId
        from t_agreement_info
        where 1 = 1
        <if test="cusId != null">
            and cus_id = #{cusId}
        </if>
        <if test="applyId != null">
            and apply_id = #{applyId}
        </if>
        <if test="isValid != null">
            and is_valid = #{isValid}
        </if>
        <if test="agreementType != null">
            and agreement_type = #{agreementType}
        </if>
        <if test="contractId != null">
            and contract_id = #{contractId}
        </if>
    </select>

    <select id="getVerifyCountQuantityByIdCard" resultType="java.lang.Integer" parameterType="com.xyb.order.app.client.authorization.model.TongLianVerifyInfoDO">
        SELECT
	        COUNT(t.idcard) as num
        FROM
	        t_tonglian_log t
        WHERE
	        DATE_FORMAT(t.create_time, '%y-%m-%d') = DATE_FORMAT(NOW(), '%y-%m-%d')
        AND
            t.code = '000000'
        AND
            t.idcard = #{idCard}
    </select>
</mapper>