<?xml version="1.0" encoding="UTF-8"?>
<!DOCTYPE mapper PUBLIC "-//mybatis.org//DTD Mapper 3.0//EN" "http://mybatis.org/dtd/mybatis-3-mapper.dtd">
<mapper namespace="com.xyb.order.app.client.apply.dao.ApplyDao">


   <select id = "getApplyAmountByProductId"  parameterType="Object"  resultType="com.xyb.order.app.client.apply.model.ApplyAmountDO">
       select 
        end_min_amount endMinAmount,
        end_max_amount endMaxAmount 
       from  t_xyb_product where id= #{exceptProductId}
   </select>
   
   <select id="getMainIdByLoginId" parameterType="Object" resultType="Object">
        select m.id from t_apply_main_info m
        inner join t_apply_client_info c on m.client_id = c.id
        inner join t_client_user cc on cc.id = c.client_user_id
        where 1=1
        and cc.id  =  #{clientUserId}
        and m.state = '100'
   </select>
   
   <select id="getApplyIdByMainId" parameterType="Object" resultType="Object">
        select m.apply_id from t_apply_main_info m
        where m.id = #{mainId}
   </select>
   
   <select id="getManageIdByLoginId" parameterType="Object" resultType="com.xyb.order.app.client.apply.model.ApplyManageDO">
       select  u.id,u.name,u.org_id orgId,o.org_name orgName 
       from t_user u
       inner join t_client_user c on c.recommend_code = u.recommend_code
       left join t_org o on o.org_id = u.org_id
       where c.id = #{clientUserId}
       and u.state = 2484
   </select>
   
   <select id="getClientByLoginId" parameterType="Object" resultType="com.xyb.order.app.client.apply.model.ApplyClientDO">
          select 
             c.id,c.name,c.idcard  
          from t_apply_client_info c
          inner join t_client_user u  on c.client_user_id = u.id
         where u.id = #{clientUserId} 
   </select>
   
   <select id="getTeamInfoByManageId" parameterType="Object" resultType="com.xyb.order.app.client.apply.model.TeamManageDO">
      select
          user.id      as id,
          user.name    as name,
          user.org_id  as orgId,
          org.org_name as orgName
        from t_user user left join t_user_post up on user.id = up.user_id
          left join t_post post on up.post_id = post.id
          left join t_org org on org.org_id = user.org_id
        where post.post_code = 2721 and user.org_id = (select ser.org_id
                                                       from t_user ser
                                                       where ser.id = #{manageId})
                                                             and user.state = 2484
   </select>

    <insert id="addBillInfo" parameterType="com.xyb.order.app.client.apply.model.ApplyDTO" useGeneratedKeys="true" keyProperty="id">
       insert into t_apply_bill_info(
          apply_num,
          cus_Id,
          apply_amount,
          product_id,
          product_ext_id,
          borrow_desc_code,
          store_org_id,
          manager_id,
          team_org_id,
          team_manager_id,
          is_loop,
          create_user,
          create_time,
          modify_user,
          modify_time
        )values(
          #{applyNum},
          #{clientId},
          #{expectMoney},
          #{expectProductId},
          (select t2.id from t_xyb_product_ext t2 where t2.product_id=#{expectProductId} and t2.product_limit=#{expectTerm} and t2.type='A' and t2.is_valid = 2484),
          #{borrowDescCode},
          #{storeOrgId},
          #{managerId},
          #{teamOrgId},
          #{teamManagerId},
          #{isLoop},
          #{createUser},
          now(),
          #{modifyUser},
          now()
        )
   </insert>
   
   <insert id="addMainInfo" parameterType="com.xyb.order.app.client.apply.model.ApplyDTO" useGeneratedKeys="true" keyProperty="id">
         insert into t_apply_main_info(
          apply_id,
          expect_product_id,
          expect_product_name,
          expect_money,
          expect_term,
          apply_time,
          client_id,
          client_idcard,
          client_real_name,
          district_org_id,
          branch_district_org_id,
          store_org_id,
          manager_uid,
          manager_uname,
          team_org_id,
          team_org_name,
          team_manager_id,
          team_manager_uname,
          is_loop,
          create_time,
          create_user,
          modify_time,
          modify_user,
          state,
          apply_num
        )values(
          #{applyId},
          #{expectProductId},
          (select product.product_name from t_xyb_product product where product.id = #{expectProductId}),
          #{expectMoney},
          #{expectTerm},
          now(),
          #{clientId},
          #{clientIdCard},
          #{ClientRealName},
          (select tr.org_id from t_org tr  where 1=1 and tr.org_id = substring(#{storeOrgId},1,6)  and tr.org_type ='2472'),
          (select tr.org_id from t_org tr  where 1=1 and tr.org_id = substring(#{storeOrgId},1,8)  and tr.org_type ='2473'),
          #{storeOrgId},
          #{managerId},
          #{manageName},
          #{teamOrgId},
          #{teamOrgName},
          #{teamManagerId},
          #{teamManagerUname},
          #{isLoop},
          now(),
          #{createUser},
          now(),
          #{modifyUser},
          #{state},
          #{applyNum}
        )
   </insert>
   
   <update id="updateMainInfo" parameterType="com.xyb.order.app.client.apply.model.ApplyDTO">
       update t_apply_main_info set 
             expect_product_id = #{expectProductId},
             expect_product_name=(select product.product_name from t_xyb_product product where product.id = #{expectProductId}),
             expect_money = #{expectMoney},
             expect_term =#{expectTerm},
             client_id =#{clientId},
             client_idcard=#{clientIdCard},
             client_real_name=#{ClientRealName},
             district_org_id=(select tr.org_id from t_org tr  where 1=1 and tr.org_id = substring(#{storeOrgId},1,6)  and tr.org_type ='2472'),
             branch_district_org_id=(select tr.org_id from t_org tr  where 1=1 and tr.org_id = substring(#{storeOrgId},1,8)  and tr.org_type ='2473'),
             store_org_id=#{storeOrgId},
             manager_uid=#{managerId},
             manager_uname=#{manageName},
             is_loop=#{isLoop},
             modify_time = now(),
             modify_user =#{modifyUser},
             state = #{state}
      where id = #{mainId} 
   </update>
   
   <update id ="updateBillInfo" parameterType="com.xyb.order.app.client.apply.model.ApplyDTO">
        update t_apply_bill_info set
          apply_amount = #{expectMoney},
          product_id = #{expectProductId},
          product_ext_id= (select t2.id from t_xyb_product_ext t2 where t2.product_id=#{expectProductId} and t2.product_limit=#{expectTerm} and t2.type='A' and t2.is_valid = 2484),
          borrow_desc_code=#{borrowDescCode},
          store_org_id=#{storeOrgId},
          manager_id=#{managerId},
          is_loop=#{isLoop},
          modify_user=#{modifyUser},
          modify_time = now()
        where id = #{applyId}
   </update>

    <update id="updateProductByApplyId" parameterType="com.xyb.order.app.client.apply.model.ApplyDTO">
         update t_apply_bill_info set product_id = #{expectProductId} where id = #{applyId}
    </update>

    <update id="updateProductByMainId"  parameterType="com.xyb.order.app.client.apply.model.ApplyDTO">
         update t_apply_main_info set
             expect_product_id = #{expectProductId},
             expect_product_name=(select product.product_name from t_xyb_product product where product.id = #{expectProductId})
      where id = #{mainId}
    </update>

    <select id="getLoopContractByCusId" resultType="java.lang.Integer">
        select count(1)
        from t_apply_main_info m
        where 1 = 1
        and m.client_id = #{cusId}
        and m.contract_settle_state = 2486
        and m.state = 144
    </select>
</mapper>