<?xml version="1.0" encoding="UTF-8"?>
<!DOCTYPE mapper PUBLIC "-//mybatis.org//DTD Mapper 3.0//EN" "http://mybatis.org/dtd/mybatis-3-mapper.dtd">
<mapper namespace="com.xyb.order.app.client.mine.dao.MineDao">

    <select id="getClientAuthenticationInFo" resultType="com.xyb.order.app.client.mine.model.ClientAuthenticationDO">
        select
          client.id                    as id,
          case client.certification_state
          when 2486
            then 'Y'
          else 'N' end                  as certificationState,
          client.agreement_is_completed as agreementCompleted,
          client.idcard                 as idCard,
          client.idcard_end_time        as idCardEndTime,
          client.address                as address,
          client.name                   as name,
          client.customer_id            as customerId,
          client.allowable_entry_time   as allowableEntryTime
        from t_client_user user left join t_apply_client_info client on user.id = client.client_user_id
        where user.login_name = #{loginId}
    </select>
    <select id="queryApplyRecord" resultType="com.xyb.order.app.client.mine.model.ApplyRecordVO">
        SELECT
          main.id                     AS mainId,
          main.apply_id               AS applyId,
          main.client_id              AS clientId,
          main.expect_product_name    AS productName,
          ifnull(main.contract_money, ifnull(main.agree_amount, main.expect_money))  AS   expectMoney,
          ifnull(contract.product_limit, ifnull(main.agree_product_limit, main.expect_term)) AS expectTerm,
          main.service_proportion     AS   serviceProportion,
          (select min(ext.product_proportion) from t_xyb_product_ext ext
                   where ext.product_id = main.expect_product_id and ext.is_valid = 2484) AS minPorductProportion,
          (select max(ext.product_proportion) from t_xyb_product_ext ext
                   where ext.product_id = main.expect_product_id and ext.is_valid = 2484) AS maxProductProportion,
          ifnull(contract.contract_num, main.apply_num) AS recordNum,
          DATE_FORMAT(main.submit_consult_time,'%Y-%m-%d')    AS applyTime,
          main.state                  AS stateCode,
          contract.contract_abolition AS contractAbolition,
          contract.loan_channel       AS loanChannel,
          CASE
			WHEN main.refuse_code = "FULL001" THEN main.refuse_value
			ELSE business.sketch
          END AS state,
		  CASE
			WHEN main.refuse_code = "FULL001" and DATE_FORMAT(main.submit_consult_time,'%Y-%m-%d') = NOW() THEN 2486
			ELSE 2487
		  END AS isShow,
          (SELECT t.org_addr FROM t_org_addr_detail t WHERE main.store_org_id = t.org_id ) as orgAddr,
          (SELECT t.org_name FROM t_org_addr_detail t WHERE main.store_org_id = t.org_id ) as orgName,
          (SELECT t.cell_phone FROM t_org t WHERE main.store_org_id=t.org_id) as orgPhone,
          CASE WHEN e1.audit_date is null and e2.audit_date is not null THEN e2.audit_date when e2.audit_date is null and e1.audit_date is not null then e1.audit_date WHEN e1.audit_date > e2.audit_date then e1.audit_date ELSE e2.audit_date END signDate
        FROM
          t_apply_main_info main
          left join t_xyb_contract contract on main.contract_id = contract.id
          left join t_credit_business_state business on main.state = business.id
          left join t_apply_client_info client on client.id = main.client_id
          left join t_client_user cuser on client.client_user_id = cuser.id
          LEFT JOIN (SELECT * from t_audit_end_info where 1=1 and audit_result = 2657 and is_tmp_save =2487 ORDER BY create_time DESC limit 1) e1 on e1.apply_id = main.apply_id
		  LEFT JOIN (SELECT * from t_audit_info where 1=1 and  audit_result = 2769  and is_tmp_save =2487 ORDER BY create_time DESC limit 1) e2 on e2.apply_id = main.apply_id
        WHERE
          cuser.login_name = #{userId}
          and main.state &lt;&gt; 100
        ORDER BY
          main.create_time DESC
         limit #{page},10
    </select>
    
    <select id="queryApplyRecordState" parameterType="com.xyb.order.app.client.mine.model.ApplyRecordProcessDTO" resultType="com.xyb.order.app.client.mine.model.ApplyRecordStateDO">
          SELECT
              main.id mainId,
              main.apply_id applyId,
              main.state,
              main.client_id clientId
          FROM t_apply_main_info main
          LEFT JOIN t_apply_client_info client on client.id = main.client_id
          LEFT JOIN t_client_user cuser on client.client_user_id = cuser.id
          WHERE 1=1
          AND cuser.login_name = #{userId}
         <if test="list != null">
           AND main.state in
            <foreach collection="list" index="index" item="item" open="(" separator="," close=")">
                #{list[${index}]}
            </foreach>
          </if>     
          GROUP BY main.id,main.apply_id
    </select>
    
    <select id="queryApplyRecordStateListByMainId"  parameterType="Object" resultType="com.xyb.order.app.client.mine.model.ApplyRecordLogStateDO">
           SELECT 
               state logState,
               DATE_FORMAT(create_time,'%Y-%m-%d') AS createTime FROM(
                   SELECT if(log.business_state in(104,105),"1",if(log.business_state in(107,201,202,203,204,210,220,230,260,
    	        	   240,250,121,111,131),"2",if(log.business_state in(280),"3",if(log.business_state in (143),
                       "4",if(log.business_state in(141,142),"5","0")))))
                       as state,log.create_time
                   FROM t_apply_main_info_log log
                   WHERE log.main_id = #{mainId} 
                   ORDER BY log.create_time DESC
                ) t
           GROUP BY logState  
           ORDER BY create_time DESC
    </select>
    
    <select id="queryApplyRecordAmountByMainId" parameterType="Object" resultType="com.xyb.order.app.client.mine.model.ApplyRecordProcessAmountDO"> 
          SELECT
              ifnull(main.contract_money, ifnull(main.agree_amount, main.expect_money)) recordProcessMoney,
              ifnull(contract.product_limit, ifnull(main.agree_product_limit, main.expect_term)) recoreProcessLimit,
              main.service_proportion serviceProportion,
              (select min(ext.product_proportion) from t_xyb_product_ext ext
                   where ext.product_id = main.expect_product_id and ext.is_valid = 2484) as minPorductProportion,
              (select max(ext.product_proportion) from t_xyb_product_ext ext
                   where ext.product_id = main.expect_product_id and ext.is_valid = 2484) as maxProductProportion,
              main.expect_product_name  as productName
          FROM t_apply_main_info main  
          LEFT JOIN  t_xyb_contract contract on main.contract_id = contract.id
          WHERE main.id = #{mainId} 
    </select>

    <select id="queryApplyRecordCount" resultType="java.lang.Integer">
        SELECT
          count(1)
        FROM
          t_client_user cuser
          left join t_apply_client_info client on client.client_user_id = cuser.id
          left join t_apply_main_info main on main.client_id = client.id
        WHERE
          cuser.id = #{userId}
          and main.state &lt;&gt; 100
    </select>

    <select id="getLoanConfirmation" resultType="com.xyb.order.app.client.mine.model.LoanConfirmationVO">
        <if test="type != null and type == 'second'">
            select
            main.agree_product_name as productName,
            concat(main.contract_money, '元') as amount,
            concat(main.expect_term, '个月') as trim
            from t_apply_main_info main
            where main.apply_id = #{applyId}
        </if>
        <if test="type != null and type != 'second'">
            select
            expect_product_name as productName,
            concat(expect_money, '元') as amount,
            concat(expect_term, '个月') as trim
            from t_apply_main_info
            where apply_id = #{applyId}
        </if>
    </select>

    <select id="getReferrer" parameterType="java.lang.String" resultType="com.xyb.order.app.client.mine.model.ReferrerInfoVO">
            SELECT
            t1.name referrerName,
            t1.mobile referrerPhone
            FROM
	        t_client_user t
            LEFT JOIN t_user t1 ON t.recommend_code = t1.recommend_code
            WHERE
	        t.login_name = #{loginId}
    </select>
    
    <select id="getExpertProductIdByMainId" parameterType="Object"  resultType="java.lang.Long">
           SELECT expect_product_id  FROM t_apply_main_info main WHERE  main.id = #{mainId}
    </select>
    
    <select id="getContractIdByLoginId" parameterType="java.lang.String" resultType="Object">
           SELECT
              main.contract_id
           FROM
              t_client_user cuser
           LEFT JOIN t_apply_client_info client on client.client_user_id = cuser.id
           LEFT JOIN t_apply_main_info main on main.client_id = client.id
          WHERE cuser.login_name = #{loginId}
          ORDER BY main.create_time DESC
          limit 1
    </select>
    
    <select id="getExpertMoneyByMainId" parameterType="Object" resultType="Object">
          SELECT main.expect_money 
          FROM 
            t_apply_main_info main 
          WHERE main.id = #{mainId}
    </select>
</mapper>