<?xml version="1.0" encoding="UTF-8"?>
<!DOCTYPE mapper PUBLIC "-//mybatis.org//DTD Mapper 3.0//EN" "http://mybatis.org/dtd/mybatis-3-mapper.dtd">
<mapper namespace="com.xyb.order.pc.auditend.dao.AuditEndDao">


    <!-- 更新申请表 -->
    <update id="updateApplyInfo" parameterType="com.xyb.order.pc.auditend.model.AuditEndApplyInfoDO">
        UPDATE t_apply_bill_info
        <trim prefix="SET" suffixOverrides=",">
            <if test="agreeProductId != null">
                agree_product_id = #{agreeProductId},
            </if>
            <if test="agreeProductExtId != null">
                agree_product_ext_id = #{agreeProductExtId},
            </if>
            <if test="amount != null">
                amount = #{amount},
            </if>
            <if test="serviceAmount != null">
                service_amount = #{serviceAmount},
            </if>
            <if test="endauditOverTime != null">
                endaudit_over_time = #{endauditOverTime},
            </if>
            <if test="refuse != null">
                is_refuse = #{refuse},
            </if>
            <if test="refuseNode != null">
                refuse_node = #{refuseNode},
            </if>
            <if test="refuseCode != null and refuseCode != ''">
                refuse_code = #{refuseCode},
            </if>
            <if test="signCheck != null">
                is_sign_check = #{signCheck},
            </if>
            modify_time = NOW(),
            modify_user = #{operationUser}
        </trim>
        WHERE id = #{id}
    </update>

    <!-- 更新主表 -->
    <update id="updateApplyMainInfo" parameterType="com.xyb.order.pc.auditend.model.AuditEndApplyMainInfoDO">
        UPDATE t_apply_main_info
        <trim prefix="SET" suffixOverrides=",">
            <if test="agreeProductId != null">
                agree_product_id = #{agreeProductId},
            </if>
            <if test="agreeProductName != null and agreeProductName != ''">
                agree_product_name = #{agreeProductName},
            </if>
            <if test="agreeProductLimit != null">
                agree_product_limit = #{agreeProductLimit},
            </if>
            <if test="visitCount != null">
                visit_count = visit_count + #{visitCount},
            </if>
            <if test="agreeAmount != null">
                agree_amount = #{agreeAmount},
            </if>
            <if test="loanChannelId != null">
                loan_channel_id = #{loanChannelId},
            </if>
            <if test="serviceAmount != null">
                back_service_charge = #{serviceAmount},
            </if>
            <if test="loanMoney != null">
                loan_money = #{loanMoney},
            </if>
            <if test="contractMoney != null">
                contract_money = #{contractMoney},
            </if>
            <if test="endauditOverTime != null">
                endaudit_over_time = #{endauditOverTime},
            </if>
            <if test="refuse != null">
                is_refuse = #{refuse},
            </if>
            <if test="refuseCode != null and refuseCode != ''">
                refuse_code = #{refuseCode},
            </if>
            <if test="refuseValue != null and refuseValue != ''">
                refuse_value = #{refuseValue},
            </if>
            <if test="signCheck != null">
                is_sign_check = #{signCheck},
            </if>
            <if test="signCheckContent != null and signCheckContent != ''">
                sign_check_content = #{signCheckContent},
            </if>
            <if test="serviceProportionType != null and serviceProportionType != ''">
                service_proportion_type = #{serviceProportionType},
            </if>
            <if test="policyCode != null">
                policy_code = #{policyCode},
            </if>
            <if test="consultFlag != null">
                consult_flag = #{consultFlag},
            </if>
            <if test="consultContext != null and consultContext != ''">
                consult_context = #{consultContext},
            </if>
            <if test="indeedCredit != null">
                is_indeed_credit = #{indeedCredit},
                visit_submit_audit_time = null,
            </if>
            <if test="indeedCreditContext != null and indeedCreditContext != ''">
                indeed_credit_context = #{indeedCreditContext},
            </if>
            <if test="productProportion != null">
                product_proportion = #{productProportion},
            </if>
            <if test="serviceProportion != null">
                service_proportion = #{serviceProportion},
            </if>
            <if test="riskException != null and riskException != ''">
                risk_exception = #{riskException},
            </if>
            modify_time = NOW(),
            modify_user = #{operationUser}
        </trim>
        WHERE id = #{id}
    </update>
</mapper>