<?xml version="1.0" encoding="UTF-8"?>
<!DOCTYPE mapper PUBLIC "-//mybatis.org//DTD Mapper 3.0//EN" "http://mybatis.org/dtd/mybatis-3-mapper.dtd">
<mapper namespace="com.xyb.order.app.client.personinfo.dao.ApplyPersonDao">
	<select id="getApplyIdByClientUserId" parameterType="Object"
		resultType="Object">
		select m.apply_id from t_client_user u
		inner join t_apply_client_info c on c.client_user_id = u.id
		inner join t_apply_main_info m on m.client_id = c.id
		where u.id = #{clientUserId} and m.state = 100
	</select>

	<select id="getApplyIdByClientId" resultType="java.lang.Long">
		select m.apply_id from t_client_user u
		inner join t_apply_client_info c on c.client_user_id = u.id
		inner join t_apply_main_info m on m.client_id = c.id
		where u.id = #{clientUserId} and m.state = 100
	</select>
	<select id="getApplyIdByClientUserIdToCheck" resultType="java.lang.Long">
		select m.apply_id from t_client_user u
		inner join t_apply_client_info c on c.client_user_id = u.id
		inner join t_apply_main_info m on m.client_id = c.id
		where u.id = #{clientUserId} and m.state = 144
	</select>

	<select id="getCusIdByClientUserId" parameterType="Object"
		resultType="Object">
		select c.id from t_client_user u
		inner join t_apply_client_info c on c.client_user_id = u.id
		where u.id = #{clientUserId}
	</select>

	<select id="getApplyPersonBaseInfo" parameterType="Object"
		resultType="com.xyb.order.app.client.personinfo.model.ApplyPersonBaseInfoDO">
		select
		p.id id,
		p.education education,
		(select t.label from t_sys_dict t where t.id = p.education) educationLabel,
		p.marriage marriage,
		(select t.label from t_sys_dict t where t.id = p.marriage) marriageLabel,
		p.children_num childrenNum,
		(select t.label from t_sys_dict t where t.id = p.children_num)
		childrenNumLabel,
		p.live_case liveCase,
		(select t.label from t_sys_dict t where t.id = p.live_case) liveCaseLabel,
		p.live_join liveJoin,
		p.live_join_other liveJoinOther,
		p.now_address_province nowAddressProvince,
		(select t.province from t_cn_province t where t.provinceid =
		p.now_address_province) nowAddressProvinceLabel,
		p.now_address_city nowAddressCity,
		(select t.city from t_cn_city t where t.cityid = p.now_address_city)
		nowAddressCityLabel,
		p.now_address_area nowAddressArea,
		(select t.area from t_cn_area t where t.areaid = p.now_address_area)
		nowAddressAreaLabel,
		p.now_address nowAddress,
		p.credit_card creditCard
		from
		t_apply_personal_info p
		where p.apply_id = #{applyId}
	</select>

	<select id="getPersonBaseRelationInfo" parameterType="Object"
		resultType="com.xyb.order.app.client.personinfo.model.PersonBaseRelationInfoDO">
		select
		p.id,
		p.webchat,
		p.qq,
		p.phone2,
		p.tell_area as tellArea,
		p.tell as tell,
		p.email as email
		from t_apply_personal_info p
		where apply_id = #{applyId}
	</select>

	<select id="getLinkManRelationInfo"
		resultType="com.xyb.order.app.client.personinfo.model.LinkManRelationInfoDO">
		select
		l.id,
		l.name,
		l.relation,
		dict.label as relationLabel,
		l.phone1,
		l.idcard,
		l.comp_name compName,
		l.is_self_addr isSelfAddr,
		l.province,
		(select province from t_cn_province cp where cp.provinceid = l.province)
		provinceLabel,
		l.city,
		(select city from t_cn_city cc where cc.cityid = l.city) cityLabel,
		l.area,
		(select area from t_cn_area ca where ca.areaid = l.area) areaLabel,
		l.address address,
		l.all_address allAddress,
		l.is_know_loan isKnowLoan,
		(select s.label from t_sys_dict s where s.id = l.is_know_loan)
		isKnowLoanLabel,
		l.duty as duty
		from t_apply_linkman_info l left join t_sys_dict dict on l.relation =
		dict.id
		where l.id = #{id}
	</select>
	<select id="getLinkManList" resultType="java.util.Map">
		select
		l.id as id,
		l.name as name,
		l.phone1 as phone
		from t_apply_linkman_info l
		where l.apply_id = #{applyId}
		and l.del_flag = 2484
		<if test="type != null and type != ''">
			and l.contact_type=#{type}
		</if>
		order by l.create_time
	</select>
	<select id="getMainIdByClientUserId" resultType="java.lang.Long">
		select m.id from t_client_user u
		inner join t_apply_client_info c on c.client_user_id = u.id
		inner join t_apply_main_info m on m.client_id = c.id
		where u.id = #{clientUserId} and m.state = 100
	</select>

	<select id="getMainIdByClientUsrIdAndState" resultType="java.lang.Long">
		select m.apply_id from t_client_user u
		inner join t_apply_client_info c on c.client_user_id = u.id
		inner join t_apply_main_info m on m.client_id = c.id
		where u.id = #{clientUserId}
		and m.contract_settle_state = 2487
		<if test="list != null">
			and m.state in
			<foreach collection="list" item="item" index="index" open="("
				separator="," close=")">
				#{list[${index}]}
			</foreach>
		</if>
	</select>

	<update id="updateApplyPersonBaseInfoById"
		parameterType="com.xyb.order.app.client.personinfo.model.ApplyPersonBaseInfoDTO">
		update t_apply_personal_info
		<trim prefix="SET" suffixOverrides=",">
			<if test="education != null">
				education = #{education},
			</if>
			<if test="phone1!= null">
				phone1 = #{phone1},
			</if>
			<if test="marriage != null">
				marriage = #{marriage},
			</if>
			<if test="childrenNum != null">
				children_num = #{childrenNum},
			</if>
			<if test="liveCase != null">
				live_case = #{liveCase},
			</if>
			<if test="liveJoin != null">
				live_join = #{liveJoin},
			</if>
			<if test="liveJoinOther != null">
				live_join_other = #{liveJoinOther},
			</if>
			<if test="nowAddressProvince != null">
				now_address_province = #{nowAddressProvince},
			</if>
			<if test="nowAddressCity != null">
				now_address_city = #{nowAddressCity},
			</if>
			<if test="nowAddressArea != null">
				now_address_area = #{nowAddressArea},
			</if>
			<if test="nowAddress != null">
				now_address = #{nowAddress},
			</if>
			<if test="nowAllAddress != null">
				now_all_address = #{nowAllAddress},
			</if>
			<if test="homeTownProvince != null and homeTownProvince != ''">
				home_town_province = (select p.provinceid from t_cn_province p where p.province =
				#{homeTownProvince}),
			</if>
			<if
				test="homeTownCity != null and homeTownCity != '' and homeTownProvince != null">
				home_town_city = (select c.cityid from t_cn_province pro left join t_cn_city c on
				c.fatherid = pro.provinceid where pro.province = #{homeTownProvince}
				and c.city = #{homeTownCity}),
			</if>
			<if
				test="homeTownArea != null and homeTownArea != '' and homeTownCity != null">
				home_town_area = (select a.areaid from t_cn_city ci left join t_cn_area a on
				ci.cityid = a.fatherid where a.area = #{homeTownArea} and ci.city =
				#{homeTownCity}),
			</if>
			<if test="homeTown != null">
				home_town = #{homeTown},
			</if>
			<if test="homeAllAddress != null">
				home_all_address = #{homeAllAddress},
			</if>
			modify_time = now(),
			modify_user = #{modifyUser}
		</trim>
		where id = #{id}
	</update>
	<update id="updateQuickApplyPersonBaseInfoById"
		parameterType="com.xyb.order.app.client.quickloan.model.QuickLoanApplyPersonInfoDTO">
		update t_apply_personal_info
		<trim prefix="SET" suffixOverrides=",">
			<if test="phone1!= null">
				phone1 = #{phone1},
			</if>
			<if test="marriage != null">
				marriage = #{marriage},
			</if>
			<if test="nowAddressProvince != null">
				now_address_province = #{nowAddressProvince},
			</if>
			<if test="nowAddressCity != null">
				now_address_city = #{nowAddressCity},
			</if>
			<if test="nowAddressArea != null">
				now_address_area = #{nowAddressArea},
			</if>
			<if test="nowAddress != null">
				now_address = #{nowAddress},
			</if>
			<if test="nowAllAddress != null">
				now_all_address = #{nowAllAddress},
			</if>
			<if test="homeTownProvince != null and homeTownProvince != ''">
				home_town_province = (select p.provinceid from t_cn_province p where p.province =
				#{homeTownProvince}),
			</if>
			<if
				test="homeTownCity != null and homeTownCity != '' and homeTownProvince != null">
				home_town_city = (select c.cityid from t_cn_province pro left join t_cn_city c on
				c.fatherid = pro.provinceid where pro.province = #{homeTownProvince}
				and c.city = #{homeTownCity}),
			</if>
			<if
				test="homeTownArea != null and homeTownArea != '' and homeTownCity != null">
				home_town_area = (select a.areaid from t_cn_city ci left join t_cn_area a on
				ci.cityid = a.fatherid where a.area = #{homeTownArea} and ci.city =
				#{homeTownCity}),
			</if>
			<if test="homeTown != null">
				home_town = #{homeTown},
			</if>
			<if test="homeAllAddress != null">
				home_all_address = #{homeAllAddress},
			</if>
			<if test="creditCard != null">
				credit_card = #{creditCard},
			</if>
			<if test="qq != null">
				qq = #{qq},
			</if>
			<if test="webchat != null">
				webchat = #{webchat},
			</if>
			<if test="phone2 != null">
				phone2 = #{phone2},
			</if>
			modify_time = now(),
			modify_user = #{modifyUser}
		</trim>
		where id = #{id}
	</update>

	<insert id="addApplyPersonBaseInfo"
		parameterType="com.xyb.order.app.client.personinfo.model.ApplyPersonBaseInfoDTO">
		insert into t_apply_personal_info(
		apply_id,
		cus_id,
		phone1,
		education,
		marriage,
		children_num,
		live_case,
		live_join,
		live_join_other,
		now_address_province,
		now_address_city,
		now_address_area,
		now_address,
		now_all_address,
		create_time,
		create_user,
		modify_time,
		modify_user,
		home_town_province,
		home_town_city,
		home_town_area,
		home_town,
		home_all_address,
		valid_time
		)values(
		#{applyId},
		#{cusId},
		#{phone1},
		#{education},
		#{marriage},
		#{childrenNum},
		#{liveCase},
		#{liveJoin},
		#{liveJoinOther},
		#{nowAddressProvince},
		#{nowAddressCity},
		#{nowAddressArea},
		#{nowAddress},
		#{nowAllAddress},
		now(),
		#{createUser},
		now(),
		#{modifyUser},
		(select p.provinceid from t_cn_province p where p.province =
		#{homeTownProvince}),
		(select c.cityid from t_cn_province pro left join t_cn_city c on c.fatherid =
		pro.provinceid where pro.province = #{homeTownProvince} and c.city =
		#{homeTownCity}),
		(select a.areaid from t_cn_city ci left join t_cn_area a on ci.cityid =
		a.fatherid where a.area = #{homeTownArea} and ci.city =
		#{homeTownCity}),
		#{homeTown},
		#{homeAllAddress},
		#{validTime}
		)
	</insert>
	<insert id="addQuickApplyPersonBaseInfo"
		parameterType="com.xyb.order.app.client.quickloan.model.QuickLoanApplyPersonInfoDTO">
		insert into t_apply_personal_info(
		apply_id,
		cus_id,
		phone1,
		marriage,
		now_address_province,
		now_address_city,
		now_address_area,
		now_address,
		now_all_address,
		create_time,
		create_user,
		modify_time,
		modify_user,
		home_town_province,
		home_town_city,
		home_town_area,
		home_town,
		home_all_address,
		valid_time,
		credit_card,
		webchat,
		phone2
		)values(
		#{applyId},
		#{cusId},
		#{phone1},
		#{marriage},
		#{nowAddressProvince},
		#{nowAddressCity},
		#{nowAddressArea},
		#{nowAddress},
		#{nowAllAddress},
		now(),
		#{createUser},
		now(),
		#{modifyUser},
		(select p.provinceid from t_cn_province p where p.province =
		#{homeTownProvince}),
		(select c.cityid from t_cn_province pro left join t_cn_city c on c.fatherid =
		pro.provinceid where pro.province = #{homeTownProvince} and c.city =
		#{homeTownCity}),
		(select a.areaid from t_cn_city ci left join t_cn_area a on ci.cityid =
		a.fatherid where a.area = #{homeTownArea} and ci.city =
		#{homeTownCity}),
		#{homeTown},
		#{homeAllAddress},
		#{validTime},
		#{creditCard},
		#{webchat},
		#{phone2}
		)
	</insert>

	<insert id="addPersonBaseRelationInfo"
		parameterType="com.xyb.order.app.client.personinfo.model.PersonBaseRelationInfoDTO">
		insert into t_apply_personal_info(
		apply_id,
		cus_id,
		webchat,
		qq,
		phone2,
		tell_area,
		tell,
		all_tell
		)values(
		#{applyId},
		#{cusId},
		#{webchat},
		#{qq},
		#{phone2},
		#{tellArea},
		#{tell},
		#{tellArea}+#{tell}
		)
	</insert>


	<update id="updatePersonBaseRelationInfo"
		parameterType="com.xyb.order.app.client.personinfo.model.PersonBaseRelationInfoDTO">
		update t_apply_personal_info set
		qq = #{qq},
		phone2 = #{phone2},
		webchat = #{webchat},
		tell_area = #{tellArea},
		tell = #{tell},
		all_tell = #{tellArea}+#{tell}
		where id = #{id}
	</update>

	<insert id="addLinkManInfos" parameterType="java.util.ArrayList">
		insert into T_APPLY_LINKMAN_INFO(cus_id, apply_id, contact_type, name,
		relation,
		phone1, idcard, comp_name,is_self_addr, province,city,area, address,
		all_address,is_know_loan,
		create_time, create_user, modify_time, modify_user,duty)
		values
		<foreach collection="list" item="item" separator=",">
			(#{item.cusId},#{item.applyId},#{item.contactType},#{item.name},
			#{item.relation},#{item.phone1},
			#{item.idcard},#{item.compName},#{item.isSelfAddr},#{item.province},#{item.city},#{item.area},#{item.address},
			#{item.allAddress},#{item.isKnowLoan},now(),#{item.createUser},now(),#{item.modifyUser},#{item.duty})
		</foreach>
	</insert>

	<update id="updateLinkManInfos" parameterType="java.util.ArrayList">
		<foreach collection="list" item="item" index="index" open=""
			close="" separator=";">
			update T_APPLY_LINKMAN_INFO set
			name = #{item.name},
			idcard = #{item.idcard},
			relation = #{item.relation},
			comp_name = #{item.compName},
			is_know_loan = #{item.isKnowLoan},
			province = #{item.province},
			city = #{item.city},
			area = #{item.area},
			address = #{item.address},
			all_address = #{item.allAddress},
			phone1 = #{item.phone1},
			modify_user = #{item.modifyUser},
			modify_time = NOW(),
			duty = #{item.duty},
			is_self_addr = #{item.isSelfAddr}
			where id = #{item.id}
		</foreach>
	</update>

	<select id="getPersonIdByApplyId" parameterType="Object"
		resultType="Object">
		select id from t_apply_personal_info t where t.apply_id = #{applyId}
	</select>

	<select id="getJobIdByApplyId" parameterType="Object"
		resultType="Object">
		select id from t_apply_job_info t where t.apply_id = #{applyId}
	</select>

	<!--法大大需要的个人申请信息查询 -->
	<select id="getFddClientApplyInFo"
		resultType="com.xyb.order.app.client.authorization.model.FddClientApplyInFoDTO">
		select
		m.apply_id as applyId,
		m.id as mainId,
		m.apply_num as applyNum,
		m.contract_money as contractMoney,
		m.back_service_charge as serviceAmount,
		m.product_proportion as productProrotion,
		m.client_id as clientId,
		case bill.borrow_desc_code
		when 1326
		then bill.borrow_desc_other
		else dict.label end as borrowDesc
		from t_client_user u
		inner join t_apply_client_info c on c.client_user_id = u.id
		inner join t_apply_main_info m on m.client_id = c.id
		inner join t_apply_bill_info bill on bill.id = m.apply_id
		inner join t_sys_dict dict on dict.id = bill.borrow_desc_code
		where u.id = #{clientUserId}
		<if test="list != null">
			and m.state in
			<foreach collection="list" item="item" index="index" open="("
				separator="," close=")">
				#{list[${index}]}
			</foreach>
		</if>
	</select>
<!-- 	<insert id="addPhoneBookInfos"  parameterType="java.util.ArrayList"> -->
<!--  			INSERT INTO t_mobile_phone_address_book -->
<!-- 	           ( client_id, name, phone,email,phone_group,birthday,nickname,remark,company,address,create_time,create_user,modify_time,modify_user,mobile_phone_batch_id) -->
<!-- 	          VALUES -->
<!--            <foreach collection ="list" item="item" index= "index" separator =","> -->
<!--                 ( -->
<!-- 	                #{item.clientId},  -->
<!-- 	                #{item.name},  -->
<!-- 	                #{item.phone},  -->
<!-- 	                #{item.email},  -->
<!-- 	                #{item.phoneGroup},  -->
<!-- 	                #{item.birthday},  -->
<!-- 	                #{item.nickname},  -->
<!-- 	                #{item.remark},  -->
<!-- 	                #{item.company},  -->
<!-- 	                #{item.address},  -->
<!-- 	                #{item.createTime},  -->
<!-- 	                #{item.createUser},  -->
<!-- 	                #{item.modifyTime},  -->
<!-- 	                #{item.modifyUser}, -->
<!-- 	                #{item.mobilePhoneBatchId}  -->
<!--                  ) -->
<!--           </foreach> -->
<!-- 	</insert> -->

		<!-- 新增通讯录 -->
		<insert id="addPhoneBookInfo"  parameterType="com.xyb.order.app.client.personinfo.model.PhoneBookDO">
 			INSERT INTO t_mobile_phone_address_book
	           (client_id, name, phone,email,phone_group,birthday,nickname,remark,company,address,create_time,create_user,modify_time,modify_user,mobile_phone_batch_id
	           <if test="isNew != '' and isNew != null">
	           	,is_new
	           </if>
	           )
	          VALUES
                (
	                #{clientId}, 
	                #{name}, 
	                #{phone}, 
	                #{email}, 
	                #{phoneGroup}, 
	                #{birthday}, 
	                #{nickname}, 
	                #{remark}, 
	                #{company}, 
	                #{address}, 
	                #{createTime}, 
	                #{createUser}, 
	                #{modifyTime}, 
	                #{modifyUser},
	                #{mobilePhoneBatchId}
	               <if test="isNew != '' and isNew != null">
	                  ,#{isNew}
	              </if>
                 )
		</insert>
		<!-- 批次 -->
		<insert id="addPhoneBatch" useGeneratedKeys="true" keyProperty="id" keyColumn="id"  parameterType="com.xyb.order.app.client.personinfo.model.PhoneBookBatchDTO">
 			INSERT INTO t_mobile_phone_address_batch
	           (   client_id, 
		           should_qty, 
		           actual_qty,
		           create_time,
		           create_user,
		           modify_time,
		           modify_user,
		           phone_type
	           )
	          VALUES
                (
	               #{clientId},
		           #{shouldQty},
		           #{actualQty},
		           #{createTime},
		           #{createUser},
		           #{modifyTime},
		           #{modifyUser},
		           #{phoneType}
                 )
	</insert>
	<select id="getPhoneBookInfo" parameterType="java.util.Map" resultType="com.xyb.order.app.client.personinfo.model.PhoneBookDTO">
		SELECT
				NAME,
				phone,
				email,
				phone_group phoneGroup,
				birthday,
				nickname,
				remark,
				company,
				address,
				create_time createTime,
				create_user createUser,
				modify_time modifyTime,
				modify_user modifyUser,
				mobile_phone_batch_id mobilePhoneBatchId
		FROM
			t_mobile_phone_address_book
		WHERE
		 is_valid=2484
		 <if test="clientId != null and clientId != ''">
		   AND	client_id = #{clientId} 
		  </if>	
		 <if test="mobilePhoneBatchId != null and mobilePhoneBatchId != ''">
		   AND	mobile_phone_batch_id = #{mobilePhoneBatchId} 
		  </if>	
		<if test="phone != null and phone != ''">
			AND phone=#{phone}
		</if>
		LIMIT 1
	</select>
	<select id="getPhoneBookAddressBatch" parameterType="com.xyb.order.app.client.personinfo.model.PhoneBookBatcVO" resultType="com.xyb.order.app.client.personinfo.model.PhoneBookBatchDTO">
		SELECT
			id,
			client_id clientId,
			should_qty shouldQty,
			actual_qty actualQty,
			create_time createTime,
			create_user createUser,
			modify_time modifyTime,
			modify_user modifyUser,
			phone_type phoneType
		FROM
			t_mobile_phone_address_batch
		WHERE
			1=1
		<if test ="clientId !=null and clientId !='' ">
		   AND	client_id = #{clientId} 
		 </if> 	
		 <if test ="phoneType !=null and phoneType !='' ">
			AND phone_type=#{phoneType}
		</if>
		 <if test ="batchNum != null and batchNum !='' ">
			AND id=#{batchNum}
		</if>
			LIMIT 1
	</select>
	<select id="getPhoneBookAddressBatchById" parameterType="java.lang.Long" resultType="com.xyb.order.app.client.personinfo.model.PhoneBookBatchDTO">
		SELECT
			id,
			client_id clientId,
			should_qty shouldQty,
			actual_qty actualQty,
			create_time createTime,
			create_user createUser,
			modify_time modifyTime,
			modify_user modifyUser,
			phone_type phoneType
		FROM
			t_mobile_phone_address_batch
		WHERE
			 id=#{batchId}
	</select>
	<update id="updatePhoneBookByBatchId" parameterType="java.lang.Long">
		UPDATE
			t_mobile_phone_address_book
			SET is_valid = 2687,modify_time=NOW()
		WHERE
			mobile_phone_batch_id = #{batchId}
	</update>
	<update id="updatePhoneAddressBatchById" parameterType="java.util.Map">
		UPDATE
			t_mobile_phone_address_batch
			SET 
				modify_time=NOW()
				<if test="actualQty !='' and actualQty !=null ">
					, actual_qty = #{actualQty}
				</if>
				<if test="shouldQty !='' and shouldQty !=null ">
					, should_qty = #{shouldQty}
				</if>
		WHERE
		id=#{id}
	</update>
	<select id="CountPhoneBookNumByBatchNum" resultType="java.lang.Integer" parameterType="java.lang.Long">
		SELECT
			COUNT(id)
		FROM
			t_mobile_phone_address_book
		WHERE
			mobile_phone_batch_id = #{batchId}
		AND is_valid = 2484
	</select>
</mapper>