<?xml version="1.0" encoding="UTF-8"?>
<!DOCTYPE mapper PUBLIC "-//mybatis.org//DTD Mapper 3.0//EN" "http://mybatis.org/dtd/mybatis-3-mapper.dtd">
<mapper namespace="com.xyb.order.app.client.personinfo.dao.ApplyJobDao">

   <select id="getJobInfoByApplyId" parameterType="Object" resultType="com.xyb.order.app.client.personinfo.model.JobInfoDO">
           select
              id,
              comp_name compName,
              comp_type compType,
              (select d.label from t_sys_dict d where d.id = comp_type) as compTypeLabel,
              industry_code industryCode,
              (select d.label from t_sys_dict d where d.id = industry_code) as industryCodeLabel,
              staff_amount staffAmount,
              (select d.label from t_sys_dict d where d.id = staff_amount) as staffAmountLabel,
              comp_tell_area compTellArea,
              comp_tell compTell,
              comp_all_tell compAllTell,
              comp_addres_province compAddresProvince,
              (SELECT p.province from t_cn_province p where p.provinceid = comp_addres_province) as compAddresProvinceLabel,
              comp_addres_city compAddresCity,
              (SELECT c.city from t_cn_city c where c.cityid = comp_addres_city) as compAddresCityLabel,
              comp_addres_area compAddresArea,
              (SELECT a.area from t_cn_area a where a.areaid = comp_addres_area) as compAddresAreaLabel,
              comp_addres compAddres,
              comp_all_address compAlladdress,
              comp_dept compDept,
              comp_duty compDuty,
              (select d.label from t_sys_dict d where d.id = comp_duty) as compDutyStr,
              comp_join_date compJoinDate,
              salary,
              other_income otherIncome,
              salary_delivery as salaryDelivery
            from t_apply_job_info
            where
              apply_id = #{applyId}
   </select>
   
   <select id="getPrivateByApplyId" parameterType="Object" resultType="com.xyb.order.app.client.personinfo.model.PrivateDO">
        select
          id,
          enterprise_name enterpriseName,
          ente_type enteType,
          (select d.label from t_sys_dict d where d.id = ente_type) as enteTypeLabel,
          reg_date regDate,
          palace,
          (select d.label from t_sys_dict d where d.id = palace) as palaceLabel,
          stock_ratio stockRatio,
          staff_amount staffAmount,
          (select d.label from t_sys_dict d where d.id = staff_amount) as staffAmountLabel
        from t_apply_private_info
        where apply_id =#{applyId}
   </select>
   
   <update id="updateJobInfoById" parameterType="com.xyb.order.app.client.personinfo.model.JobInfoDTO">
          update t_apply_job_info 
          <trim prefix="SET" suffixOverrides=",">
            <if test="compName != null">
                 comp_name = #{compName},
            </if>
            <if test="compType != null">
                  comp_type = #{compType},
            </if>
            <if test="industryCode != null">
                 industry_code = #{industryCode},
            </if>
            <if test="staffAmount != null">
                 staff_amount = #{staffAmount},
            </if>
            <if test="compTellArea != null">
                 comp_tell_area = #{compTellArea},
            </if>
            <if test="compTell != null">
                 comp_tell = #{compTell},
            </if>
            <if test="compAllTell != null">
                comp_all_tell = #{compAllTell},
            </if>
            <if test="compAddresProvince != null">
                 comp_addres_province =#{compAddresProvince},
            </if>
            <if test="compAddresCity != null">
                 comp_addres_city = #{compAddresCity},
            </if>
            <if test="compAddresArea != null">
                 comp_addres_area = #{compAddresArea},
            </if>
            <if test="compAddres != null">
                 comp_addres = #{compAddres},
            </if>
            <if test="compAlladdress != null">
                 comp_all_address = #{compAlladdress},
            </if>
            <if test="compDept != null">
                 comp_dept = #{compDept},
            </if>
            <if test="compDuty != null">
                 comp_duty = #{compDuty},
            </if>
            <if test="compJoinDate != null">
                 comp_join_date = #{compJoinDate},
            </if>
            <if test="salary != null">
                salary = #{salary},
            </if>
            <if test="otherIncome != null">
                other_income = #{otherIncome},
            </if>
            <if test="salaryDelivery != null">
                salary_delivery = #{salaryDelivery},
            </if>
            modify_time = now(),
            modify_user = #{modifyUser} 
            </trim>
           where id =#{id}
   </update>
   <update id="updateQuickLoanJobInfoById" parameterType="com.xyb.order.app.client.quickloan.model.QuickLoanApplyJobDTO">
          update t_apply_job_info 
          <trim prefix="SET" suffixOverrides=",">
            <if test="compName != null">
                 comp_name = #{compName},
            </if>
            <if test="compAddresProvince != null">
                 comp_addres_province =#{compAddresProvince},
            </if>
            <if test="compAddresCity != null">
                 comp_addres_city = #{compAddresCity},
            </if>
            <if test="compAddresArea != null">
                 comp_addres_area = #{compAddresArea},
            </if>
            <if test="compAddres != null">
                 comp_addres = #{compAddres},
            </if>
            <if test="compAlladdress != null">
                 comp_all_address = #{compAlladdress},
            </if>
            <if test="salary != null">
                salary = #{salary},
            </if>
            <if test="workingTime != null">
                working_time = #{workingTime},
            </if>
            modify_time = now(),
            modify_user = #{modifyUser} 
            </trim>
           where id =#{id}
   </update>

   <insert id="addJobInfo" parameterType="com.xyb.order.app.client.personinfo.model.JobInfoDTO">
            insert into t_apply_job_info(
                 apply_id,cus_id,comp_name,comp_type,industry_code,staff_amount,comp_tell_area,comp_tell,comp_all_tell,comp_addres_province,
                 comp_addres_city,comp_addres_area,comp_addres,comp_all_address,comp_dept,comp_duty,comp_join_date,salary,other_income,modify_time, 
                 create_time,create_user,modify_user,salary_delivery)values(
                 #{applyId},#{cusId},#{compName},#{compType},#{industryCode},#{staffAmount},#{compTellArea},#{compTell},#{compAllTell},#{compAddresProvince},
                 #{compAddresCity},#{compAddresArea},#{compAddres},#{compAlladdress},#{compDept},#{compDuty},#{compJoinDate},#{salary},#{otherIncome},now(),
                 now(),#{createUser},#{modifyUser},#{salaryDelivery})
   </insert>
   <insert id="addQuickLoanJobInfo" parameterType="com.xyb.order.app.client.quickloan.model.QuickLoanApplyJobDTO">
            insert into t_apply_job_info(
                 apply_id,cus_id,comp_name,comp_addres_province,
                 comp_addres_city,comp_addres_area,comp_addres,comp_all_address,salary,modify_time, 
                 create_time,create_user,modify_user,working_time)values(
                 #{applyId},#{cusId},#{compName},#{compAddresProvince},
                 #{compAddresCity},#{compAddresArea},#{compAddres},#{compAlladdress},#{salary},now(),
                 now(),#{createUser},#{modifyUser},#{workingTime})
   </insert>
   
   
   <update id="updatePrivateInfoById" parameterType="com.xyb.order.app.client.personinfo.model.PrivateDTO">
          update t_apply_private_info 
          <trim prefix="SET" suffixOverrides=",">
            <if test="enterpriseName != null">
                enterprise_name = #{enterpriseName},
            </if>
            <if test="enteType != null">
                  ente_type = #{enteType},
            </if>
            <if test="regDate != null">
                  reg_date = #{regDate},
            </if>
            <if test="palace != null">
                  palace =#{palace},
            </if>
            <if test="stockRatio != null">
                  stock_ratio = #{stockRatio},
            </if>
            <if test="staffAmount != null">
                  staff_amount = #{staffAmount},
            </if>
               modify_time = now(),
               modify_user = #{modifyUser}
           </trim>
           where  id = #{id}
   </update>
   
   <insert id="addPrivateInfo" parameterType="com.xyb.order.app.client.personinfo.model.PrivateDTO">
            insert into t_apply_private_info(apply_id,cus_id,enterprise_name,ente_type,reg_date,palace,stock_ratio,staff_amount,create_time,create_user,
               modify_time,modify_user)values(
               #{applyId},#{cusId},#{enterpriseName},#{enteType},#{regDate},#{palace},#{stockRatio},#{staffAmount},now(),#{createUser},
               now(),#{modifyUser})
   </insert>
</mapper>