<?xml version="1.0" encoding="UTF-8"?>
<!DOCTYPE mapper PUBLIC "-//mybatis.org//DTD Mapper 3.0//EN" "http://mybatis.org/dtd/mybatis-3-mapper.dtd">
<mapper namespace="com.xyb.order.pc.signcheck.dao.SignCheckDao">
	
	<select id="listSignCheckPage" parameterType="com.xyb.order.pc.signcheck.model.SignCheckQueryDTO" resultType="com.xyb.order.pc.signcheck.model.SignCheckListVO">
		SELECT
			a.id applyMainId,
			a.apply_id applyId,
			a.apply_num applyNum,
			a.client_real_name custName,
			(select s.label from t_sys_dict s where a.project_code=s.id) projectCodeName,
			a.submit_apply_to_audit_time incomeTime,
  			b.call_customer_time_sta callCustomerTimeSta,
  			b.call_customer_time_end callCustomerTimeEnd,
  			a.is_loop isLoop,
       		CASE  WHEN c.audit_product_id is not null THEN (SELECT product_name from t_xyb_product where id=c.audit_product_id) ELSE (SELECT product_name from t_xyb_product where id=d.udit_product_id) END agreeProductName,
			CASE  WHEN c.create_time is not null THEN c.create_time ELSE d.create_time END auditEndTime,
			CASE  WHEN e.audit_sign_results is null THEN '待核验' WHEN e.audit_sign_results=2822 THEN  '审核退回' END isTempSave,
			a.loan_money as confirmAmout,
			a.agree_amount as agreeAmount,
			a.agree_product_limit as agreeProductLimit
		FROM
			t_apply_main_info a
			LEFT JOIN t_apply_bill_info b ON a.apply_id = b.id
			LEFT JOIN (select v.* from t_audit_end_info v inner join (select apply_id , max(id) id from t_audit_end_info group by apply_id) f on v.apply_id = f.apply_id and v.id = f.id order by v.id DESC) c on a.apply_id = c.apply_id
			LEFT JOIN (select v.* from t_audit_info v inner join (select apply_id , max(id) id from t_audit_info group by apply_id) f on v.apply_id = f.apply_id and v.id = f.id order by v.id DESC)  d on d.apply_id = a.apply_id
			LEFT JOIN (select v.* from t_audit_sign_check v inner join (select apply_id , max(id) id from t_audit_sign_check group by apply_id) f on v.apply_id = f.apply_id and v.id = f.id order by v.id DESC)  e on e.apply_id = a.apply_id
		where 1=1
		   <if test="userId != null and userId != ''">
		   	 and a.service_uid = #{userId}
		   </if>
		   <if test="applyNum != null and applyNum != ''">
		   	 and a.apply_num = #{applyNum}
		   </if>
		   <if test="custName != null and custName != ''">
		   	 and a.client_real_name = #{custName}
		   </if>
		   <if test="idCard != null and idCard != ''">
		   	 and a.client_idcard = #{idCard}
		   </if>
		   <if test="auditStartDate != null">
		   	 and a.endaudit_over_time <![CDATA[>=]]> #{auditStartDate}
		   </if>
		   <if test="auditEndDate != null">
		   	 and a.endaudit_over_time <![CDATA[<=]]> #{auditEndDate}
		   </if>
		   <if test="productId != null">
		   	 and a.agree_product_id = #{productId}
		   </if>
		   <if test="orgId != null">
		   	 and (a.store_org_id like concat(#{orgId},'%') or a.store_org_id = #{orgId})
		   </if>
		   <if test="state != null">
		   	 and a.state = #{state}
		   </if>
		   and (c.audit_result = 2657 or d.audit_result = 2769)
	</select>
	
	<select id="getSignCheckDetailVO" parameterType="com.xyb.order.pc.signcheck.model.SignCheckDetailDTO" resultType="com.xyb.order.pc.signcheck.model.SignCheckDetailVO">
		SELECT
			m.apply_num applyNum,
			m.apply_id applyId,
			CASE  WHEN c.audit_amount is not null THEN c.audit_amount ELSE d.udit_amount END agreeAmount,
			m.client_real_name custName,
			CASE  WHEN c.audit_product_limit is not null THEN c.audit_product_limit ELSE d.udit_product_limit END agreeProductLimit,
			m.sign_check_content signCheckType,
			CASE  WHEN c.audit_remart is not null THEN c.audit_remart ELSE d.udit_remart END auditEndRemark,
			m.loan_money as confirmAmout
		FROM
			t_apply_main_info m
			LEFT JOIN (SELECT * from t_audit_end_info where 1=1  ORDER BY create_time DESC ) c on m.apply_id = c.apply_id
			LEFT JOIN (SELECT * from t_audit_info where 1=1  ORDER BY create_time DESC ) d on d.apply_id = m.apply_id
		WHERE
			m.apply_id = #{applyId}
			and (c.audit_result = 2657 or d.audit_result = 2769)
		    limit 1
	</select>
	
	<select id="listSignCheckDetailAuditListVO" parameterType="com.xyb.order.pc.signcheck.model.SignCheckDetailDTO" resultType="com.xyb.order.pc.signcheck.model.SignCheckDetailAuditListVO">
		SELECT
			d.label auditSignResultsName,
			s.audit_sign_remark auditSignRemarkName,
			s.create_time auditSignDate
		FROM
			t_audit_sign_check s
		LEFT JOIN t_sys_dict d on s.audit_sign_results=d.id
		WHERE
			1 = 1
			AND s.apply_id = #{applyId}
			order by s.create_time desc
	</select>
</mapper>