<?xml version="1.0" encoding="UTF-8"?>
<!DOCTYPE mapper PUBLIC "-//mybatis.org//DTD Mapper 3.0//EN" "http://mybatis.org/dtd/mybatis-3-mapper.dtd">
<mapper namespace="com.xyb.order.common.depositbank.dao.DepositBankDao">

    <!--添加存管接口调用日志-->
    <insert id="insertDepositAccountInterfaceLog">
        insert into t_deposit_account_interface_log (deposit_account_id, interface_name, request_msg, response_msg, create_time, create_user)
        values (#{depositAccountId},#{interfaceName},#{requestMsg},#{responseMsg},now(),#{createUser})
    </insert>

    <!--添加存管账户信息-->
    <insert id="insertDepositAccountStatementInfo">
        insert into t_deposit_account_statement_info (client_id, acc_id, client_bank_id, is_valid, open_platform, create_time, create_user,card_no,customer_no,serial_no,is_sign)
        values (#{clientId},#{accId},#{clientBankId},#{isValid},#{openPlatform},now(),#{createUser},#{cardNo},#{customerNo},#{serialNo},#{isSign})
    </insert>

    <!--修改存管账户信息-->
    <update id="updateDepositAccountStatementInfo">
        update t_deposit_account_statement_info
        <trim prefix="set" suffixOverrides=",">
            modify_time = now(),
            <if test="clientId != null">
                client_id = #{clientId},
            </if>
            <if test="accId != null">
                acc_id = #{accId},
            </if>
            <if test="clientBankId != null">
                client_bank_id = #{clientBankId},
            </if>
            <if test="isValid != null">
                is_valid = #{isValid},
            </if>
            <if test="openPlatform != null">
                open_platform = #{openPlatform},
            </if>
            <if test="modifyUser != null">
                modify_user = #{modifyUser},
            </if>
            <if test="cardNo != null">
                card_no = #{cardNo},
            </if>
            <if test="customerNo != null">
                customer_no = #{customerNo},
            </if>
            <if test="serialNo != null">
                serial_no = #{serialNo},
            </if>
            <if test="isSign != null">
                is_sign = #{isSign},
            </if>
        </trim>
        where id = #{id}
    </update>
    <!--修改存管账户信息-->
    <update id="updateDepositAccountStatementInfoById">
        update t_deposit_account_statement_info
        <trim prefix="set" suffixOverrides=",">
            modify_time = now(),
            client_bank_id = #{clientBankId}
        </trim>
        where 1 = 1
        <if test="clientId != null">
            and client_id = #{clientId}
        </if>
    </update>

    <!--查询用户存管账户信息-->
    <select id="getDepositAccountStatementInfo" resultType="com.xyb.order.common.depositbank.model.DepositAccountStatementInfoDO">
        select
          id             as id,
          client_id      as clientId,
          acc_id         as accId,
          client_bank_id as clientBankId,
          is_valid       as isValid,
          open_platform  as openPlatform,
          create_time    as createTime,
          create_user    as createUser,
          modify_user    as modifyUser,
          modify_time    as modifyTime,
          card_no        as cardNo,
          customer_no    as customerNo,
          serial_no      as serialNo,
          is_sign        as isSign
        from t_deposit_account_statement_info
        where 1 = 1
        <if test="id != null">
            and id = #{id}
        </if>
        <if test="clientId != null">
            and client_id = #{clientId}
        </if>
        <if test="accId != null">
            and acc_id = #{accId}
        </if>
        <if test="clientBankId != null">
            and client_bank_id = #{clientBankId}
        </if>
        <if test="isValid != null">
            and is_valid = #{isValid}
        </if>
        <if test="openPlatform != null">
            and open_platform = #{openPlatform}
        </if>
        <if test="cardNo != null">
            and card_no = #{cardNo}
        </if>
        <if test="customerNo != null">
            and customer_no = #{customerNo}
        </if>
        <if test="serialNo != null">
            and serial_no = #{serialNo}
        </if>
        <if test="isSign != null">
            and is_sign = #{isSign}
        </if>
    </select>
    <!--查询用户存管账户信息-->
    <select id="getDepositAccountStatementInfoOneSelect" resultType="com.xyb.order.common.depositbank.model.DepositAccountStatementInfoDO">
       SELECT
			id AS id,
			client_id AS clientId,
			acc_id AS accId,
			client_bank_id AS clientBankId,
			is_valid AS isValid,
			open_platform AS openPlatform,
			create_time AS createTime,
			create_user AS createUser,
			modify_user AS modifyUser,
			modify_time AS modifyTime,
			card_no AS cardNo,
			customer_no AS customerNo,
			serial_no AS serialNo,
			is_sign AS isSign
		FROM
			t_deposit_account_statement_info
		WHERE
			1 = 1
		AND client_id = #{id}
		ORDER BY
			create_time DESC
		LIMIT 1
    </select>
    <select id="queryDepositAccountStatementInfoCount" resultType="java.lang.Integer" parameterType="java.util.Map">
    	select
          COUNT(1)
        from t_deposit_account_statement_info
        where 1 = 1
        <if test="clientId != null">
            and client_id = #{clientId}
        </if>
        <if test="isValid != null">
            and is_valid = #{isValid}
        </if>
    </select>

    <!--查询存管请求通用参数（单个）-->
    <select id="queryAccountInterfaceInfo" resultType="com.xyb.order.common.depositbank.model.AccountInterfaceDTO" parameterType="map">
        select
            deposit.id             as depositId,
            deposit.client_id      as clientId,
            deposit.acc_id         as accId,
            deposit.client_bank_id as bankId,
            deposit.card_no        as cardNo,
            deposit.customer_no    as customerNo,
            deposit.serial_no      as serialNo,
            bank.bank_num          as bankNum,
            deposit.is_sign        as isSign
        from t_apply_client_info client left join t_deposit_account_statement_info deposit on deposit.client_id = client.id
        left join t_client_bank_info_no bank on bank.id = deposit.client_bank_id and bank.client_id = deposit.client_id AND bank.state = 2486
        where 1 = 1
            AND deposit.is_valid = 2486
        <if test="clientId != null">
            AND client.id = #{clientId}
        </if>
    </select>

    <!-- 获取clientId -->
    <select id="getClientIdByCertNo" parameterType="java.lang.String" resultType="java.lang.Long">
        SELECT id FROM t_apply_client_info WHERE idcard = #{certNo}
    </select>

    <!-- 获取bankType -->
    <select id="getBankType" parameterType="java.lang.String" resultType="java.lang.Integer">
        SELECT bank_type FROM t_xyb_bank_code WHERE third_code = #{bankNo}
    </select>

    <update id="updateDepositAccountInfoById">
        update t_deposit_account_statement_info
        <trim prefix="set" suffixOverrides=",">
            modify_time = now(),
            <if test="clientId != null">
                client_id = #{clientId},
            </if>
            <if test="accId != null">
                acc_id = #{accId},
            </if>
            <if test="clientBankId != null">
                client_bank_id = #{clientBankId},
            </if>
            <if test="isValid != null">
                is_valid = #{isValid},
            </if>
            <if test="openPlatform != null">
                open_platform = #{openPlatform},
            </if>
            <if test="modifyUser != null">
                modify_user = #{modifyUser},
            </if>
            <if test="cardNo != null">
                card_no = #{cardNo},
            </if>
            <if test="customerNo != null">
                customer_no = #{customerNo},
            </if>
            <if test="serialNo != null">
                serial_no = #{serialNo},
            </if>
            <if test="isSign != null">
                is_sign = #{isSign},
            </if>
        </trim>
        where 1 = 1
        <if test="id != null">
            and id = #{id}
        </if>
    </update>

    <!--修改存管账户签约状态信息-->
    <update id="updateDepositAccountStatementInfoSignState">
        update t_deposit_account_statement_info
        set
          modify_time = now(),
          is_sign = #{isSign}
        where card_no = #{cardNo}
    </update>

</mapper>